chain_rank,source_ref,target_ref,score,max_exact_run_len,max_exact_run,shared_content_token_count,source_text_critical_status,lemma_jaccard,lemma_bigram_dice,lemma_trigram_dice,lemma_lcs_len,lemma_lcs_ratio,lemma_max_exact_run_len,lemma_max_exact_run,lemma_shared_content_token_count,lemma_shared_content_tokens,lemma_score,lemma_minus_surface_score,lemma_retains_or_improves_surface_signal,source_lemma_tokens_content,target_lemma_tokens_content
1,Mark 1:3,Luke 3:4,0.7358,9,φωνη βοωντοσ ερημω ετοιμασατε οδον ευθειασ ποιειτε τασ τριβουσ,9,main_text,0.6429,0.7619,0.7368,9,1.0,9,φωνη βοαω ερημοσ ετοιμαζω οδοσ κυριοσ ευθυσ ποιεω τριβοσ,9,βοαω ερημοσ ετοιμαζω ευθυσ κυριοσ οδοσ ποιεω τριβοσ φωνη,0.747,0.0112,True,φωνη βοαω ερημοσ ετοιμαζω οδοσ κυριοσ ευθυσ ποιεω τριβοσ,γραφω βιβλοσ λογοσ ησαιασ προφητησ φωνη βοαω ερημοσ ετοιμαζω οδοσ κυριοσ ευθυσ ποιεω τριβοσ
2,Mark 1:7,Luke 3:16,0.3526,3,λυσαι ιμαντα υποδηματων,7,main_text,0.4737,0.4444,0.32,9,0.8182,5,ερχομαι ισχυροσ ου ειμι ικανοσ,9,ειμι ερχομαι ικανοσ ιμασ ισχυροσ λεγω λυω ου υποδημα,0.5245,0.1719,True,κηρυσσω λεγω ερχομαι ισχυροσ ου ειμι ικανοσ κυπτω λυω ιμασ υποδημα,αποκρινομαι λεγω πασ ιωαννησ υδωρ βαπτιζω ερχομαι ισχυροσ ου ειμι ικανοσ λυω ιμασ υποδημα βαπτιζω πνευμα αγιοσ πυρ
3,Mark 1:11,Luke 3:22,0.285,3,υιοσ αγαπητοσ ευδοκησα,3,main_text,0.5385,0.3333,0.25,6,0.8571,4,ειμι υιοσ αγαπητοσ ευδοκεω,7,αγαπητοσ γινομαι ειμι ευδοκεω ουρανοσ υιοσ φωνη,0.5307,0.2457,True,φωνη γινομαι ουρανοσ ειμι υιοσ αγαπητοσ ευδοκεω,καταβαινω πνευμα αγιοσ σωματικοσ ειδοσ περιστερα φωνη ουρανοσ γινομαι ειμι υιοσ αγαπητοσ ευδοκεω
4,Mark 1:21,Luke 4:31,0.2623,2,εισ καφαρναουμ,4,main_text,0.3,0.0,0.0,2,0.3333,1,καφαρναουμ,3,διδασκω καφαρναουμ σαββατον,0.2295,-0.0328,False,εισπορευομαι καφαρναουμ ευθυσ σαββατον διδασκω συναγωγη,κατερχομαι καφαρναουμ πολισ γαλιλαια ειμι διδασκω σαββατον
5,Mark 1:22,Luke 4:32,0.2532,2,εξεπλησσοντο διδαχη,2,main_text,0.4444,0.1818,0.0,3,0.6,2,εκπλησσομαι διδαχη,4,διδαχη ειμι εκπλησσομαι εξουσια,0.3805,0.1273,True,εκπλησσομαι διδαχη ειμι διδασκω εξουσια εχω ου γραμματευσ,εκπλησσομαι διδαχη εξουσια ειμι λογοσ
6,Mark 1:23,Luke 4:33,0.2689,2,συναγωγη ανθρωποσ,3,main_text,0.5455,0.1333,0.0,5,0.7143,2,ακαθαρτοσ ανακραζω,6,ακαθαρτοσ ανακραζω ανθρωποσ ειμι πνευμα συναγωγη,0.445,0.1761,True,ευθυσ ειμι συναγωγη ανθρωποσ πνευμα ακαθαρτοσ ανακραζω,συναγωγη ειμι ανθρωποσ εχω πνευμα δαιμονιον ακαθαρτοσ ανακραζω φωνη μεγασ
7,Mark 1:24,Luke 4:34,0.9274,8,ιησου ναζαρηνε ηλθεσ απολεσαι ημασ οιδα τισ αγιοσ,8,main_text,0.8889,0.9333,0.9231,8,1.0,8,ιησουσ ναζαρηνοσ ερχομαι απολλυμι οιδα ειμι αγιοσ θεοσ,8,αγιοσ απολλυμι ειμι ερχομαι θεοσ ιησουσ ναζαρηνοσ οιδα,0.9232,-0.0042,True,λεγω ιησουσ ναζαρηνοσ ερχομαι απολλυμι οιδα ειμι αγιοσ θεοσ,ιησουσ ναζαρηνοσ ερχομαι απολλυμι οιδα ειμι αγιοσ θεοσ
8,Mark 1:25,Luke 4:35,0.5558,5,επετιμησεν αυτω ιησουσ φιμωθητι εξελθε,5,main_text,0.5,0.5714,0.5,5,1.0,5,επιτιμαω ιησουσ λεγω φιμοω εξερχομαι,5,εξερχομαι επιτιμαω ιησουσ λεγω φιμοω,0.6129,0.0571,True,επιτιμαω ιησουσ λεγω φιμοω εξερχομαι,επιτιμαω ιησουσ λεγω φιμοω εξερχομαι ριπτω δαιμονιον μεσοσ εξερχομαι μηδεισ βλαπτω
9,Mark 1:29,Luke 4:38,0.2732,3,εισ οικιαν σιμωνοσ,5,main_text,0.1765,0.1053,0.0,3,0.3333,2,οικια σιμων,3,οικια σιμων συναγωγη,0.1835,-0.0897,False,ευθυσ συναγωγη εξερχομαι ερχομαι οικια σιμων ανδρεασ ιακωβοσ ιωαννησ,ανιστημι συναγωγη εισερχομαι οικια σιμων πενθερα σιμων ειμι συνεχω πυρετοσ μεγασ ερωταω
10,Mark 1:31,Luke 4:39,0.2191,2,αφηκεν αυτην,4,main_text,0.2727,0.0,0.0,2,0.2857,1,αφιημι,3,αφιημι διακονεω πυρετοσ,0.2091,-0.01,True,προσερχομαι εγειρω κρατεω χειρ αφιημι πυρετοσ διακονεω,εφιστημι επιτιμαω πυρετοσ αφιημι παραχρημα ανιστημι διακονεω
11,Mark 1:39,Luke 4:44,0.4481,4,κηρυσσων εισ τασ συναγωγασ,4,main_text,0.2222,0.2222,0.0,2,0.5,2,κηρυσσω συναγωγη,2,κηρυσσω συναγωγη,0.2575,-0.1906,False,ερχομαι κηρυσσω συναγωγη ολοσ γαλιλαια δαιμονιον εκβαλλω,ειμι κηρυσσω συναγωγη ιουδαια
12,Mark 1:40,Luke 5:12,0.1903,3,θελησ δυνασαι καθαρισαι,3,main_text,0.1905,0.1739,0.0952,4,0.5,3,θελω δυναμαι καθαριζω,4,δυναμαι θελω καθαριζω λεγω,0.2425,0.0522,True,ερχομαι λεπροσ παρακαλεω γονυπετεω λεγω θελω δυναμαι καθαριζω,γινομαι ειμι εισ πολισ ανηρ πληρησ λεπρα οραω ιησουσ πιπτω προσωπον δεω λεγω κυριοσ θελω δυναμαι καθαριζω
13,Mark 1:41,Luke 5:13,0.4346,3,εκτεινασ χειρα ηψατο,5,main_text,0.6,0.7143,0.6667,6,0.8571,6,εκτεινω χειρ απτω λεγω θελω καθαριζω,6,απτω εκτεινω θελω καθαριζω λεγω χειρ,0.6867,0.2521,True,οργιζομαι εκτεινω χειρ απτω λεγω θελω καθαριζω,εκτεινω χειρ απτω λεγω θελω καθαριζω ευθεωσ λεπρα απερχομαι
14,Mark 1:44,Luke 5:14,0.4985,5,προσεταξεν μωυσησ εισ μαρτυριον αυτοισ,13,main_text,0.6923,0.6364,0.5,9,0.8182,7,δεικνυμι ιερευσ προσφερω καθαρισμοσ προστασσω μωυσησ μαρτυριον,9,δεικνυμι ιερευσ καθαρισμοσ λεγω μαρτυριον μηδεισ μωυσησ προστασσω προσφερω,0.6969,0.1984,True,λεγω οραω μηδεισ μηδεισ λεγω υπαγω δεικνυμι ιερευσ προσφερω καθαρισμοσ προστασσω μωυσησ μαρτυριον,παραγγελλω μηδεισ λεγω απερχομαι δεικνυμι ιερευσ προσφερω καθαρισμοσ προστασσω μωυσησ μαρτυριον
15,Mark 2:5,Luke 5:20,0.2594,1,ιδων,3,main_text,0.5556,0.3333,0.0,5,0.8333,2,πιστισ λεγω,5,αμαρτια αφιημι λεγω οραω πιστισ,0.5114,0.252,True,οραω ιησουσ πιστισ λεγω παραλυτικοσ τεκνον αφιημι αμαρτια,οραω πιστισ λεγω ανθρωποσ αφιημι αμαρτια
16,Mark 2:7,Luke 5:21,0.2599,2,τισ δυναται,6,main_text,0.3529,0.0,0.0,5,0.5556,1,λαλεω,6,αμαρτια αφιημι δυναμαι θεοσ λαλεω μη,0.2951,0.0352,True,ουτωσ λαλεω βλασφημεω δυναμαι αφιημι αμαρτια μη εισ θεοσ,αρχω διαλογιζομαι γραμματευσ φαρισαιοσ λεγω ειμι λαλεω βλασφημια δυναμαι αμαρτια αφιημι μη μονοσ θεοσ
17,Mark 2:8,Luke 5:22,0.3131,3,διαλογιζεσθε ταισ καρδιαισ,5,main_text,0.5,0.4286,0.1667,5,0.7143,3,λεγω διαλογιζομαι καρδια,5,διαλογιζομαι επιγινωσκω ιησουσ καρδια λεγω,0.5025,0.1894,True,ευθυσ επιγινωσκω ιησουσ πνευμα ουτωσ διαλογιζομαι λεγω διαλογιζομαι καρδια,επιγινωσκω ιησουσ διαλογισμοσ αποκρινομαι λεγω διαλογιζομαι καρδια
18,Mark 2:9,Luke 5:23,0.5334,3,εστιν ευκοπωτερον ειπειν,6,main_text,0.7,0.5882,0.4,8,1.0,4,αφιημι αμαρτια λεγω εγειρω,7,αμαρτια αφιημι εγειρω ειμι ευκοπωτεροσ λεγω περιπατεω,0.7039,0.1705,True,ειμι ευκοπωτεροσ λεγω παραλυτικοσ αφιημι αμαρτια λεγω εγειρω αιρω κραβαττοσ περιπατεω,ειμι ευκοπωτεροσ λεγω αφιημι αμαρτια λεγω εγειρω περιπατεω
19,Mark 2:10,Luke 5:24,0.4657,4,τησ γησ αφιεναι αμαρτιασ,9,main_text,0.5625,0.4167,0.1818,7,0.7,4,γη αφιημι αμαρτια λεγω,9,αμαρτια ανθρωποσ αφιημι γη εξουσια εχω λεγω οιδα υιοσ,0.5218,0.0561,True,οιδα εξουσια εχω υιοσ ανθρωποσ γη αφιημι αμαρτια λεγω παραλυτικοσ,οιδα υιοσ ανθρωποσ εξουσια εχω γη αφιημι αμαρτια λεγω παραλυομαι λεγω εγειρω αιρω κλινιδιον πορευομαι οικοσ
20,Mark 2:14,Luke 5:27,0.3513,4,καθημενον τελωνιον αυτω ακολουθει,5,main_text,0.3846,0.3529,0.2667,5,0.5556,4,καθημαι τελωνιον λεγω ακολουθεω,5,ακολουθεω καθημαι λεγω λευι τελωνιον,0.416,0.0647,True,παραγω οραω λευι αλφαιοσ καθημαι τελωνιον λεγω ακολουθεω ανιστημι ακολουθεω,εξερχομαι θεαομαι τελωνησ ονομα λευι καθημαι τελωνιον λεγω ακολουθεω
21,Mark 2:17,Luke 5:32,0.3263,4,καλεσαι δικαιουσ αλλα αμαρτωλουσ,4,main_text,0.3571,0.4211,0.3529,5,0.8333,5,ου ερχομαι καλεω δικαιοσ αμαρτωλοσ,5,αμαρτωλοσ δικαιοσ ερχομαι καλεω ου,0.4661,0.1398,True,ακουω ιησουσ λεγω ου χρεια εχω ισχυω ιατροσ κακωσ εχω ου ερχομαι καλεω δικαιοσ αμαρτωλοσ,ου ερχομαι καλεω δικαιοσ αμαρτωλοσ μετανοια
22,Mark 2:19,Luke 5:34,0.2553,4,νυμφωνοσ νυμφιοσ μετ εστιν,4,main_text,0.5833,0.4,0.3333,7,0.875,5,δυναμαι υιοσ νυμφων νυμφιοσ ειμι,7,δυναμαι ειμι λεγω νηστευω νυμφιοσ νυμφων υιοσ,0.584,0.3287,True,λεγω ιησουσ δυναμαι υιοσ νυμφων νυμφιοσ ειμι νηστευω χρονοσ εχω νυμφιοσ ου δυναμαι νηστευω,λεγω δυναμαι υιοσ νυμφων νυμφιοσ ειμι ποιεω νηστευω
23,Mark 2:20,Luke 5:35,0.714,7,ελευσονται ημεραι οταν απαρθη απ νυμφιοσ νηστευσουσιν,7,main_text,0.75,0.7143,0.5,7,0.875,5,απαιρω νυμφιοσ τοτε νηστευω ημερα,6,απαιρω ερχομαι ημερα νηστευω νυμφιοσ τοτε,0.7493,0.0353,True,ερχομαι ημερα οταν απαιρω νυμφιοσ τοτε νηστευω ημερα,ερχομαι ημερα και απαιρω νυμφιοσ τοτε νηστευω ημερα
24,Mark 2:21,Luke 5:36,0.1806,2,ουδεισ επιβλημα,5,main_text,0.2174,0.1212,0.0,6,0.4,2,ουδεισ επιβλημα,5,επιβλημα ιματιον καινοσ ουδεισ παλαιοσ,0.2245,0.0439,True,ουδεισ επιβλημα ρακοσ αγναφοσ επιραπτω ιματιον παλαιοσ μη αιρω πληρωμα καινοσ παλαιοσ χειρων σχισμα γινομαι,λεγω και παραβολη οτι ουδεισ επιβλημα ιματιον καινοσ σχιζω επιβαλλω ιματιον παλαιοσ μηγε καινοσ σχιζω παλαιοσ ου συμφωνεω επιβλημα καινοσ
25,Mark 2:22,Luke 5:37,0.5246,7,ουδεισ βαλλει οινον νεον εισ ασκουσ παλαιουσ,11,main_text,0.6667,0.5517,0.3704,10,0.7143,6,ουδεισ βαλλω οινοσ νεοσ ασκοσ παλαιοσ,8,απολλυμι ασκοσ βαλλω νεοσ οινοσ ουδεισ παλαιοσ ρηγνυμι,0.6333,0.1087,True,ουδεισ βαλλω οινοσ νεοσ ασκοσ παλαιοσ μη ρηγνυμι οινοσ ασκοσ οινοσ απολλυμι ασκοσ οινοσ νεοσ ασκοσ καινοσ,ουδεισ βαλλω οινοσ νεοσ ασκοσ παλαιοσ μηγε ρηγνυμι οινοσ νεοσ ασκοσ εκχεω ασκοσ απολλυμι
26,Mark 2:23,Luke 6:1,0.2138,2,τουσ σταχυασ,5,main_text,0.4286,0.1111,0.0,5,0.5,2,γινομαι σαββατον,6,γινομαι μαθητησ σαββατον σποριμοσ σταχυσ τιλλω,0.3514,0.1376,True,γινομαι σαββατον παραπορευομαι σποριμοσ μαθητησ αρχω οδοσ ποιεω τιλλω σταχυσ,γινομαι σαββατον διαπορευομαι σποριμοσ τιλλω μαθητησ εσθιω σταχυσ ψωχω χειρ
27,Mark 2:24,Luke 6:2,0.2149,2,τοισ σαββασιν,3,main_text,1.0,0.6,0.25,5,0.8333,3,φαρισαιοσ λεγω ποιεω,6,εξεστιν λεγω ου ποιεω σαββατον φαρισαιοσ,0.8047,0.5898,True,φαρισαιοσ λεγω ποιεω σαββατον ου εξεστιν,φαρισαιοσ λεγω ποιεω ου εξεστιν σαββατον
28,Mark 2:25,Luke 6:3,0.3405,3,ανεγνωτε εποιησεν δαυιδ,6,main_text,0.4167,0.2667,0.1538,5,0.625,3,αναγινωσκω ποιεω δαυιδ,5,αναγινωσκω δαυιδ λεγω πειναω ποιεω,0.4137,0.0732,True,λεγω ουδεποτε αναγινωσκω ποιεω δαυιδ χρεια εχω πειναω,αποκρινομαι λεγω ιησουσ ουδε αναγινωσκω ποιεω δαυιδ πειναω ειμι
29,Mark 2:26,Luke 6:4,0.5167,4,τουσ αρτουσ τησ προθεσεωσ,14,main_text,0.6471,0.4286,0.2308,11,0.7857,4,ου εξεστιν εσθιω μη,11,αρτοσ διδωμι εισερχομαι εξεστιν εσθιω θεοσ ιερευσ μη οικοσ ου προθεσισ,0.5941,0.0774,True,εισερχομαι οικοσ θεοσ αβιαθαρ αρχιερευσ αρτοσ προθεσισ εσθιω ου εξεστιν εσθιω μη ιερευσ διδωμι και ειμι,εισερχομαι οικοσ θεοσ αρτοσ προθεσισ λαμβανω εσθιω διδωμι ου εξεστιν εσθιω μη μονοσ ιερευσ
30,Mark 2:28,Luke 6:5,0.5355,2,κυριοσ εστιν,5,main_text,0.7143,0.4,0.0,4,0.6667,2,κυριοσ ειμι,5,ανθρωποσ ειμι κυριοσ σαββατον υιοσ,0.5744,0.0389,True,κυριοσ ειμι υιοσ ανθρωποσ και σαββατον,λεγω κυριοσ ειμι σαββατον υιοσ ανθρωποσ
31,Mark 3:1,Luke 6:6,0.2257,2,εισ συναγωγην,4,main_text,0.4,0.0,0.0,5,0.5556,1,εισερχομαι,6,ανθρωποσ ειμι εισερχομαι εκει συναγωγη χειρ,0.3211,0.0954,True,εισερχομαι παλιν συναγωγη ειμι εκει ανθρωποσ ξηραινω εχω χειρ,γινομαι ετεροσ σαββατον εισερχομαι συναγωγη διδασκω ειμι ανθρωποσ εκει χειρ δεξιοσ ειμι ξηροσ
32,Mark 3:3,Luke 6:8,0.3147,2,εισ μεσον,6,main_text,0.5,0.0,0.0,4,0.5714,1,λεγω,6,εγειρω εχω λεγω μεσοσ ξηροσ χειρ,0.3688,0.0541,True,λεγω ανθρωποσ χειρ εχω ξηροσ εγειρω μεσοσ,οιδα διαλογισμοσ λεγω ανηρ ξηροσ εχω χειρ εγειρω ιστημι μεσοσ ανιστημι ιστημι
33,Mark 3:4,Luke 6:9,0.3324,4,αγαθοποιησαι κακοποιησαι ψυχην σωσαι,5,main_text,0.5833,0.5882,0.5333,7,0.7778,6,εξεστιν σαββατον αγαθοποιεω κακοποιεω ψυχη σωζω,7,αγαθοποιεω εξεστιν κακοποιεω λεγω σαββατον σωζω ψυχη,0.6288,0.2964,True,λεγω εξεστιν σαββατον αγαθοποιεω κακοποιεω ψυχη σωζω αποκτεινω σιωπαω,λεγω ιησουσ επερωταω εξεστιν σαββατον αγαθοποιεω κακοποιεω ψυχη σωζω απολλυμι
34,Mark 3:5,Luke 6:10,0.314,2,εκτεινον χειρα,6,main_text,0.4167,0.2222,0.0,6,0.75,2,εκτεινω χειρ,5,αποκαθιστημι εκτεινω λεγω περιβλεπομαι χειρ,0.4067,0.0927,True,περιβλεπομαι οργη συλλυπεομαι πωρωσισ καρδια λεγω ανθρωποσ εκτεινω χειρ εκτεινω αποκαθιστημι χειρ,περιβλεπομαι πασ λεγω εκτεινω χειρ ποιεω αποκαθιστημι χειρ
35,Mark 3:18,Luke 6:15,0.4615,4,μαθθαιον θωμαν ιακωβον αλφαιου,5,main_text,0.4167,0.4,0.3077,5,0.7143,4,μαθθαιοσ θωμασ ιακωβοσ αλφαιοσ,5,αλφαιοσ θωμασ ιακωβοσ μαθθαιοσ σιμων,0.4684,0.0069,True,ανδρεασ φιλιπποσ βαρθολομαιοσ μαθθαιοσ θωμασ ιακωβοσ αλφαιοσ θαδδαιοσ σιμων καναναιοσ,μαθθαιοσ θωμασ ιακωβοσ αλφαιοσ σιμων καλεω ζηλωτησ
36,Mark 3:19,Luke 6:16,0.4977,3,ιουδαν ισκαριωθ οσ,3,main_text,0.2857,0.25,0.0,2,0.5,2,ιουδασ ισκαριωθ,2,ιουδασ ισκαριωθ,0.2993,-0.1984,False,ιουδασ ισκαριωθ και παραδιδωμι,ιουδασ ιακωβοσ ιουδασ ισκαριωθ γινομαι προδοτησ
37,Mark 4:4,Luke 8:5,0.3928,3,σπειρειν επεσεν οδον,5,main_text,0.4545,0.25,0.1429,5,0.7143,3,σπειρω πιπτω οδοσ,5,κατεσθιω οδοσ πετεινον πιπτω σπειρω,0.4424,0.0496,True,γινομαι σπειρω πιπτω οδοσ ερχομαι πετεινον κατεσθιω,εξερχομαι σπειρω σπειρω σποροσ σπειρω πιπτω οδοσ καταπατεω πετεινον ουρανοσ κατεσθιω
38,Mark 4:9,Luke 8:8,0.2871,3,ωτα ακουειν ακουετω,3,main_text,0.3077,0.3529,0.2667,5,1.0,4,εχω ουσ ακουω ακουω,4,ακουω εχω λεγω ουσ,0.4494,0.1623,True,λεγω εχω ουσ ακουω ακουω,ετεροσ πιπτω γη αγαθοσ φυω ποιεω καρποσ εκατονταπλασιων λεγω φωνεω εχω ουσ ακουω ακουω
39,Mark 4:11,Luke 8:10,0.2571,2,τησ βασιλειασ,5,main_text,0.4,0.0952,0.0,5,0.5556,2,βασιλεια θεοσ,6,βασιλεια διδωμι θεοσ λεγω μυστηριον παραβολη,0.3383,0.0812,True,λεγω μυστηριον διδωμι βασιλεια θεοσ εξω παραβολη πασ γινομαι,λεγω διδωμι γινωσκω μυστηριον βασιλεια θεοσ λοιποσ παραβολη βλεπω μη βλεπω ακουω μη συνιημι
40,Mark 4:15,Luke 8:12,0.1805,2,αιρει λογον,5,main_text,0.375,0.0909,0.0,5,0.4167,2,αιρω λογοσ,6,αιρω ακουω ειμι ερχομαι λογοσ οδοσ,0.2997,0.1192,True,ειμι οδοσ οπου σπειρω λογοσ ακουω ευθυσ ερχομαι σατανασ αιρω λογοσ σπειρω,οδοσ ειμι ακουω ειτα ερχομαι διαβολοσ αιρω λογοσ καρδια μη πιστευω σωζω
41,Mark 4:18,Luke 8:14,0.3391,3,εισ τασ ακανθασ,6,main_text,0.2,0.0,0.0,3,0.4286,1,ειμι,3,ακανθα ακουω ειμι,0.1907,-0.1484,False,αλλοσ ειμι ακανθα σπειρω ειμι λογοσ ακουω,ακανθα πιπτω ειμι ακουω μεριμνα πλουτοσ ηδονη βιοσ πορευομαι συμπνιγω ου τελεσφορεω
42,Mark 4:22,Luke 8:17,0.4154,2,εστιν κρυπτον,7,main_text,0.8,0.3158,0.1176,6,0.6667,3,ου ειμι κρυπτοσ,8,αποκρυφοσ γινομαι ειμι ερχομαι κρυπτοσ μη ου φανεροσ,0.6132,0.1978,True,ου ειμι κρυπτοσ μη φανεροω γινομαι αποκρυφοσ ερχομαι φανεροσ,ου ειμι κρυπτοσ ου φανεροσ γινομαι αποκρυφοσ ου μη γινωσκω φανεροσ ερχομαι
43,Mark 4:25,Luke 8:18,0.409,3,δοθησεται αυτω οσ,5,main_text,0.4,0.375,0.0,6,0.8571,2,εχω διδωμι,4,αιρω διδωμι εχω και,0.4434,0.0344,True,εχω διδωμι ου εχω και εχω αιρω,βλεπω πωσ ακουω εχω διδωμι μη εχω και δοκεω εχω αιρω
44,Mark 4:35,Luke 8:22,0.2165,3,διελθωμεν εισ περαν,3,main_text,0.4167,0.1333,0.0,3,0.5,2,διερχομαι περαν,5,γινομαι διερχομαι ημερα λεγω περαν,0.3361,0.1196,True,λεγω ημερα οψια γινομαι διερχομαι περαν,γινομαι εισ ημερα εμβαινω πλοιον μαθητησ λεγω διερχομαι περαν λιμνη αναγω
45,Mark 4:39,Luke 8:24,0.2751,3,διεγερθεισ επετιμησεν ανεμω,5,main_text,0.3529,0.25,0.0909,5,0.4167,3,διεγειρω επιτιμαω ανεμοσ,6,ανεμοσ γαληνη γινομαι διεγειρω επιτιμαω λεγω,0.3304,0.0553,True,διεγειρω επιτιμαω ανεμοσ λεγω θαλασσα σιωπαω φιμοω κοπαζω ανεμοσ γινομαι γαληνη μεγασ,προσερχομαι διεγειρω λεγω επιστατησ επιστατησ απολλυμι διεγειρω επιτιμαω ανεμοσ κλυδων υδωρ παυω γινομαι γαληνη
46,Mark 4:41,Luke 8:25,0.3351,6,προσ αλληλουσ τισ αρα ουτοσ εστιν,7,main_text,0.4286,0.3158,0.2353,6,0.6667,4,λεγω ειμι και ανεμοσ,6,ανεμοσ ειμι και λεγω υπακουω φοβεομαι,0.4444,0.1093,True,φοβεομαι φοβοσ μεγασ λεγω ειμι και ανεμοσ θαλασσα υπακουω,λεγω που πιστισ φοβεομαι θαυμαζω λεγω ειμι και ανεμοσ επιτασσω υδωρ υπακουω
47,Mark 5:1,Luke 8:26,0.3103,3,εισ χωραν γερασηνων,4,main_text,0.25,0.25,0.0,2,0.4,2,χωρα γερασηνοσ,2,γερασηνοσ χωρα,0.265,-0.0453,False,ερχομαι περαν θαλασσα χωρα γερασηνοσ,καταπλεω χωρα γερασηνοσ ειμι γαλιλαια
48,Mark 5:7,Luke 8:28,0.5188,6,φωνη μεγαλη εμοι ιησου υιε υψιστου,7,main_text,0.6,0.5833,0.4545,9,0.75,7,φωνη μεγασ λεγω ιησουσ υιοσ θεοσ υψιστοσ,9,βασανιζω θεοσ ιησουσ λεγω μεγασ μη υιοσ υψιστοσ φωνη,0.6188,0.1,True,κραζω φωνη μεγασ λεγω ιησουσ υιοσ θεοσ υψιστοσ ορκιζω θεοσ μη βασανιζω,οραω ιησουσ ανακραζω προσπιπτω φωνη μεγασ λεγω ιησουσ υιοσ θεοσ υψιστοσ δεομαι μη βασανιζω
49,Mark 5:11,Luke 8:32,0.2867,2,αγελη χοιρων,5,main_text,0.5455,0.25,0.0,5,0.7143,2,ειμι εκει,6,αγελη βοσκω ειμι εκει οροσ χοιροσ,0.466,0.1793,True,ειμι εκει οροσ αγελη χοιροσ μεγασ βοσκω,ειμι εκει αγελη χοιροσ ικανοσ βοσκω οροσ παρακαλεω επιτρεπω εισερχομαι επιτρεπω
50,Mark 5:13,Luke 8:33,0.4773,8,εισηλθον εισ τουσ χοιρουσ ωρμησεν αγελη κρημνου εισ,8,main_text,0.3529,0.3636,0.3,6,0.6,5,εισερχομαι χοιροσ ορμαω αγελη κρημνοσ,6,αγελη εισερχομαι εξερχομαι κρημνοσ ορμαω χοιροσ,0.4088,-0.0685,False,επιτρεπω εξερχομαι πνευμα ακαθαρτοσ εισερχομαι χοιροσ ορμαω αγελη κρημνοσ θαλασσα ωσ δισχιλιοι πνιγω θαλασσα,εξερχομαι δαιμονιον ανθρωποσ εισερχομαι χοιροσ ορμαω αγελη κρημνοσ λιμνη αποπνιγω
51,Mark 5:14,Luke 8:34,0.6361,7,εφυγον απηγγειλαν εισ πολιν εισ τουσ αγρουσ,8,main_text,0.7778,0.4286,0.3333,5,0.7143,4,φευγω απαγγελλω πολισ αγροσ,7,αγροσ απαγγελλω βοσκω γινομαι οραω πολισ φευγω,0.6489,0.0128,True,βοσκω φευγω απαγγελλω πολισ αγροσ ερχομαι οραω ειμι γινομαι,οραω βοσκω γινομαι φευγω απαγγελλω πολισ αγροσ
52,Mark 5:15,Luke 8:35,0.2136,2,ιματισμενον σωφρονουντα,5,main_text,0.3529,0.1739,0.0,6,0.6,2,ερχομαι ιησουσ,6,ερχομαι ιησουσ ιματιζω καθημαι σωφρονεω φοβεομαι,0.3386,0.125,True,ερχομαι ιησουσ θεωρεω δαιμονιζομαι καθημαι ιματιζω σωφρονεω εχω λεγιων φοβεομαι,εξερχομαι οραω γινομαι ερχομαι ιησουσ ευρισκω καθημαι ανθρωποσ δαιμονιον εξερχομαι ιματιζω σωφρονεω πουσ ιησουσ φοβεομαι
53,Mark 5:16,Luke 8:36,0.3508,3,αυτοισ ιδοντεσ πωσ,3,main_text,0.375,0.2222,0.0,3,0.6,2,οραω πωσ,3,δαιμονιζομαι οραω πωσ,0.36,0.0092,True,διηγεομαι οραω πωσ γινομαι δαιμονιζομαι χοιροσ,απαγγελλω οραω πωσ σωζω δαιμονιζομαι
54,Mark 5:20,Luke 8:39,0.3091,4,οσα εποιησεν αυτω ιησουσ,5,main_text,0.2857,0.1176,0.0,4,0.5,2,ποιεω ιησουσ,4,απερχομαι ιησουσ κηρυσσω ποιεω,0.2755,-0.0336,False,απερχομαι αρχω κηρυσσω δεκαπολισ ποιεω ιησουσ πασ θαυμαζω,υποστρεφω οικοσ διηγεομαι ποιεω θεοσ απερχομαι ολοσ πολισ κηρυσσω ποιεω ιησουσ
55,Mark 5:25,Luke 8:43,0.4181,4,γυνη ουσα ρυσει αιματοσ,5,main_text,0.4286,0.3333,0.25,5,0.8333,4,γυνη ειμι ρυσισ αιμα,6,αιμα γυνη δωδεκα ειμι ετοσ ρυσισ,0.471,0.0529,True,γυνη ειμι ρυσισ αιμα δωδεκα ετοσ,γυνη ειμι ρυσισ αιμα ετοσ δωδεκα ιατροσ προσαναλισκω ολοσ βιοσ ου ισχυω ουδεισ θεραπευω
56,Mark 5:27,Luke 8:44,0.2159,2,οπισθεν ηψατο,3,main_text,0.2308,0.1429,0.0,3,0.4286,2,οπισθεν απτω,3,απτω ιματιον οπισθεν,0.2371,0.0212,True,ακουω ιησουσ ερχομαι οχλοσ οπισθεν απτω ιματιον,προσερχομαι οπισθεν απτω κρασπεδον ιματιον παραχρημα ιστημι ρυσισ αιμα
57,Mark 5:34,Luke 8:48,0.4809,3,θυγατηρ πιστισ σεσωκεν,5,main_text,0.5,0.4615,0.3636,5,0.8333,4,λεγω θυγατηρ πιστισ σωζω,5,ειρηνη θυγατηρ λεγω πιστισ σωζω,0.5489,0.068,True,λεγω θυγατηρ πιστισ σωζω υπαγω ειρηνη ειμι υγιησ μαστιξ,λεγω θυγατηρ πιστισ σωζω πορευομαι ειρηνη
58,Mark 5:35,Luke 8:49,0.2786,2,ετι λαλουντοσ,5,main_text,0.7273,0.5556,0.375,8,0.8,5,ετι λαλεω ερχομαι αρχισυναγωγοσ λεγω,8,αρχισυναγωγοσ διδασκαλοσ ερχομαι ετι θυγατηρ λαλεω λεγω σκυλλω,0.6759,0.3973,True,ετι λαλεω ερχομαι αρχισυναγωγοσ λεγω θυγατηρ αποθνησκω ετι σκυλλω διδασκαλοσ,ετι λαλεω ερχομαι αρχισυναγωγοσ λεγω θνησκω θυγατηρ μηκετι σκυλλω διδασκαλοσ
59,Mark 5:36,Luke 8:50,0.2116,2,φοβου μονον,3,main_text,0.3846,0.375,0.2857,5,0.625,4,μη φοβεομαι μονοσ πιστευω,5,ιησουσ μη μονοσ πιστευω φοβεομαι,0.4306,0.219,True,ιησουσ παρακουω λογοσ λαλεω λεγω αρχισυναγωγοσ μη φοβεομαι μονοσ πιστευω,ιησουσ ακουω αποκρινομαι μη φοβεομαι μονοσ πιστευω σωζω
60,Mark 5:39,Luke 8:52,0.3367,3,απεθανεν αλλα καθευδει,4,main_text,0.4545,0.2667,0.1538,5,0.625,3,ου αποθνησκω καθευδω,5,αποθνησκω καθευδω κλαιω λεγω ου,0.4358,0.0991,True,εισερχομαι λεγω θορυβεω κλαιω παιδιον ου αποθνησκω καθευδω,κλαιω πασ κοπτω λεγω μη κλαιω ου αποθνησκω καθευδω
61,Mark 5:41,Luke 8:54,0.2924,3,κρατησασ τησ χειροσ,4,main_text,0.3333,0.1333,0.0,4,0.6667,2,κρατεω χειρ,4,εγειρω κρατεω λεγω χειρ,0.3307,0.0383,True,κρατεω χειρ παιδιον λεγω ταλιθα κουμ ειμι μεθερμηνευω κορασιον λεγω εγειρω,κρατεω χειρ φωνεω λεγω παισ εγειρω
62,Mark 6:7,Luke 9:1,0.1959,2,τουσ δωδεκα,4,main_text,0.2,0.0,0.0,3,0.3333,1,δωδεκα,3,διδωμι δωδεκα εξουσια,0.18,-0.0159,True,προσκαλεομαι δωδεκα αρχω αποστελλω δυο δυο διδωμι εξουσια πνευμα ακαθαρτοσ,συγκαλεω δωδεκα διδωμι δυναμισ εξουσια πασ δαιμονιον νοσοσ θεραπευω
63,Mark 6:8,Luke 9:3,0.2213,2,εισ οδον,6,main_text,0.3529,0.1667,0.0909,5,0.4167,3,μηδεισ αιρω οδοσ,6,αιρω αρτοσ μηδεισ οδοσ πηρα ραβδοσ,0.3154,0.0941,True,παραγγελλω μηδεισ αιρω οδοσ μη ραβδοσ μονοσ μη αρτοσ μη πηρα μη ζωνη χαλκοσ,λεγω μηδεισ αιρω οδοσ ραβδοσ πηρα αρτοσ αργυριον ανα δυο χιτων εχω
64,Mark 6:10,Luke 9:4,0.4342,2,εισ οικιαν,6,main_text,0.8571,0.1818,0.0,4,0.6667,2,εκει μενω,6,εισερχομαι εκει εκειθεν εξερχομαι μενω οικια,0.5946,0.1604,True,λεγω εισερχομαι οικια εκει μενω εξερχομαι εκειθεν,οικια εισερχομαι εκει μενω εκειθεν εξερχομαι
65,Mark 6:16,Luke 9:9,0.2417,1,ηρωδησ,4,main_text,0.5556,0.0,0.0,2,0.3333,1,ακουω,5,ακουω αποκεφαλιζω ηρωδησ ιωαννησ λεγω,0.3514,0.1097,True,ακουω ηρωδησ λεγω αποκεφαλιζω ιωαννησ εγειρω,λεγω ηρωδησ ιωαννησ αποκεφαλιζω ειμι ακουω ζητεω οραω
66,Mark 6:30,Luke 9:10,0.24,3,αυτω οσα εποιησαν,4,main_text,0.1333,0.0,0.0,2,0.2857,1,αποστολοσ,2,αποστολοσ ποιεω,0.1305,-0.1095,False,συναγω αποστολοσ ιησουσ απαγγελλω πασ ποιεω διδασκω,υποστρεφω αποστολοσ διηγεομαι ποιεω παραλαμβανω υποχωρεω ιδιοσ πολισ καλεω βηθσαιδα
67,Mark 6:37,Luke 9:13,0.1956,4,δοτε αυτοισ υμεισ φαγειν,5,main_text,0.2632,0.2308,0.1667,5,0.4167,4,λεγω διδωμι εσθιω λεγω,5,αγοραζω αρτοσ διδωμι εσθιω λεγω,0.2835,0.0879,True,αποκρινομαι λεγω διδωμι εσθιω λεγω απερχομαι αγοραζω δηναριον διακοσιοι αρτοσ διδωμι εσθιω,λεγω διδωμι εσθιω λεγω ου ειμι πολυσ αρτοσ πεντε ιχθυσ δυο πορευομαι αγοραζω πασ λαοσ βρωμα
68,Mark 6:41,Luke 9:16,0.6574,11,λαβων τουσ πεντε αρτουσ τουσ δυο ιχθυασ αναβλεψασ εισ ουρανον ευλογησεν,14,main_text,0.8,0.7143,0.6154,12,0.9231,9,λαμβανω πεντε αρτοσ δυο ιχθυσ αναβλεπω ουρανοσ ευλογεω κατακλαω,12,αναβλεπω αρτοσ διδωμι δυο ευλογεω ιχθυσ κατακλαω λαμβανω μαθητησ ουρανοσ παρατιθημι πεντε,0.7927,0.1353,True,λαμβανω πεντε αρτοσ δυο ιχθυσ αναβλεπω ουρανοσ ευλογεω κατακλαω αρτοσ διδωμι μαθητησ παρατιθημι δυο ιχθυσ μεριζω πασ,λαμβανω πεντε αρτοσ δυο ιχθυσ αναβλεπω ουρανοσ ευλογεω κατακλαω διδωμι μαθητησ παρατιθημι οχλοσ
69,Mark 6:42,Luke 9:17,0.2825,1,εφαγον,3,main_text,0.375,0.0,0.0,2,0.6667,1,εσθιω,3,εσθιω πασ χορταζω,0.3208,0.0383,True,εσθιω πασ χορταζω,εσθιω χορταζω πασ αιρω περισσευω κλασμα κοφινοσ δωδεκα
70,Mark 8:28,Luke 9:19,0.4221,5,ιωαννην βαπτιστην αλλοι ηλιαν αλλοι,5,main_text,0.6,0.5882,0.5333,7,0.7778,6,λεγω ιωαννησ βαπτιστησ αλλοσ ηλιασ αλλοσ,6,αλλοσ βαπτιστησ ηλιασ ιωαννησ λεγω προφητησ,0.6321,0.21,True,λεγω λεγω ιωαννησ βαπτιστησ αλλοσ ηλιασ αλλοσ εισ προφητησ,αποκρινομαι λεγω ιωαννησ βαπτιστησ αλλοσ ηλιασ αλλοσ προφητησ αρχαιοσ ανιστημι
71,Mark 8:29,Luke 9:20,0.3855,3,υμεισ λεγετε ειναι,5,main_text,0.7143,0.1429,0.0,5,0.625,2,λεγω ειμι,5,αποκρινομαι ειμι λεγω πετροσ χριστοσ,0.5198,0.1343,True,επερωταω λεγω ειμι αποκρινομαι πετροσ λεγω ειμι χριστοσ,λεγω λεγω ειμι πετροσ αποκρινομαι λεγω χριστοσ θεοσ
72,Mark 8:30,Luke 9:21,0.2098,1,αυτοισ,2,main_text,0.75,0.4,0.0,3,1.0,2,μηδεισ λεγω,3,επιτιμαω λεγω μηδεισ,0.647,0.4372,True,επιτιμαω μηδεισ λεγω,επιτιμαω παραγγελλω μηδεισ λεγω
73,Mark 8:31,Luke 9:22,0.5942,10,δει υιον ανθρωπου πολλα παθειν αποδοκιμασθηναι πρεσβυτερων αρχιερεων γραμματεων αποκτανθηναι,10,main_text,0.6111,0.6667,0.64,11,0.7857,10,δεω υιοσ ανθρωποσ πολυσ πασχω αποδοκιμαζω πρεσβυτεροσ αρχιερευσ γραμματευσ αποκτεινω,11,ανθρωποσ αποδοκιμαζω αποκτεινω αρχιερευσ γραμματευσ δεω ημερα πασχω πολυσ πρεσβυτεροσ υιοσ,0.6717,0.0775,True,αρχω διδασκω δεω υιοσ ανθρωποσ πολυσ πασχω αποδοκιμαζω πρεσβυτεροσ αρχιερευσ γραμματευσ αποκτεινω τρεισ ημερα ανιστημι,λεγω δεω υιοσ ανθρωποσ πολυσ πασχω αποδοκιμαζω πρεσβυτεροσ αρχιερευσ γραμματευσ αποκτεινω τριτοσ ημερα εγειρω
74,Mark 8:34,Luke 9:23,0.3437,3,τισ θελει οπισω,7,main_text,0.4615,0.2353,0.0,6,0.6667,2,θελω ερχομαι,6,αιρω ακολουθεω ερχομαι θελω λεγω σταυροσ,0.4203,0.0766,True,προσκαλεομαι οχλοσ μαθητησ λεγω θελω ερχομαι απαρνεομαι αιρω σταυροσ ακολουθεω,λεγω πασ θελω ερχομαι αρνεομαι αιρω σταυροσ ημερα ακολουθεω
75,Mark 8:35,Luke 9:24,0.7043,7,οσ θελη ψυχην σωσαι απολεσει αυτην οσ,9,main_text,0.8,0.7692,0.7273,7,1.0,6,θελω ψυχη σωζω απολλυμι απολλυμι ψυχη,4,απολλυμι θελω σωζω ψυχη,0.8257,0.1214,True,θελω ψυχη σωζω απολλυμι απολλυμι ψυχη ευαγγελιον σωζω,θελω ψυχη σωζω απολλυμι απολλυμι ψυχη σωζω
76,Mark 8:36,Luke 9:25,0.1847,2,κοσμον ολον,2,main_text,0.75,0.6667,0.6,6,0.8571,5,ωφελεω ανθρωποσ κερδαινω κοσμοσ ολοσ,6,ανθρωποσ ζημιοω κερδαινω κοσμοσ ολοσ ωφελεω,0.7491,0.5644,True,ωφελεω ανθρωποσ κερδαινω κοσμοσ ολοσ ζημιοω ψυχη,ωφελεω ανθρωποσ κερδαινω κοσμοσ ολοσ απολλυμι ζημιοω
77,Mark 8:38,Luke 9:26,0.689,7,υιοσ ανθρωπου επαισχυνθησεται οταν ελθη δοξη πατροσ,14,main_text,0.7143,0.5833,0.4545,10,0.9091,6,υιοσ ανθρωποσ επαισχυνομαι ερχομαι δοξα πατηρ,10,αγγελοσ αγιοσ ανθρωποσ δοξα εμοσ επαισχυνομαι ερχομαι λογοσ πατηρ υιοσ,0.6985,0.0095,True,επαισχυνομαι εμοσ λογοσ γενεα μοιχαλισ αμαρτωλοσ και υιοσ ανθρωποσ επαισχυνομαι ερχομαι δοξα πατηρ αγγελοσ αγιοσ,επαισχυνομαι εμοσ λογοσ υιοσ ανθρωποσ επαισχυνομαι ερχομαι δοξα πατηρ αγιοσ αγγελοσ
78,Mark 9:1,Luke 9:27,0.5535,5,γευσωνται θανατου εωσ ιδωσιν βασιλειαν,9,main_text,0.6667,0.5833,0.5455,10,0.8333,8,ιστημι ου μη γευομαι θανατοσ οραω βασιλεια θεοσ,10,βασιλεια γευομαι ειμι θανατοσ θεοσ ιστημι λεγω μη οραω ου,0.6807,0.1272,True,λεγω λεγω ειμι ωδε ιστημι ου μη γευομαι θανατοσ οραω βασιλεια θεοσ ερχομαι δυναμισ,λεγω αληθωσ ειμι αυτου ιστημι ου μη γευομαι θανατοσ οραω βασιλεια θεοσ
79,Mark 9:5,Luke 9:33,0.5121,6,καλον εστιν ημασ ωδε ειναι ποιησωμεν,12,main_text,0.6316,0.3889,0.2941,12,0.7059,5,καλοσ ειμι ωδε ειμι ποιεω,12,ειμι εισ ηλιασ ιησουσ καλοσ λεγω μωυσησ πετροσ ποιεω σκηνη τρεισ ωδε,0.5697,0.0576,True,αποκρινομαι πετροσ λεγω ιησουσ ραββι καλοσ ειμι ωδε ειμι ποιεω τρεισ σκηνη εισ μωυσησ εισ ηλιασ εισ,γινομαι διαχωριζομαι λεγω πετροσ ιησουσ επιστατησ καλοσ ειμι ωδε ειμι ποιεω σκηνη τρεισ εισ εισ μωυσησ εισ ηλιασ μη οραω λεγω
80,Mark 9:7,Luke 9:35,0.4558,3,ουτοσ εστιν υιοσ,8,main_text,0.6,0.25,0.0,5,0.625,2,γινομαι νεφελη,6,ακουω γινομαι ειμι νεφελη υιοσ φωνη,0.485,0.0292,True,γινομαι νεφελη επισκιαζω γινομαι φωνη νεφελη ειμι υιοσ αγαπητοσ ακουω,φωνη γινομαι νεφελη λεγω ειμι υιοσ εκλεγομαι ακουω
81,Mark 9:19,Luke 9:41,0.3995,2,γενεα απιστοσ,9,main_text,0.5385,0.3158,0.1176,7,0.7778,3,λεγω γενεα απιστοσ,7,ανεχομαι απιστοσ αποκρινομαι γενεα ειμι λεγω ποτε,0.5002,0.1007,True,αποκρινομαι λεγω γενεα απιστοσ ποτε ειμι ποτε ανεχομαι φερω,αποκρινομαι ιησουσ λεγω γενεα απιστοσ διαστρεφω ποτε ειμι ανεχομαι προσαγω ωδε υιοσ
82,Mark 9:31,Luke 9:44,0.252,3,εισ χειρασ ανθρωπων,6,main_text,0.2667,0.3,0.1111,5,0.5556,3,παραδιδωμι χειρ ανθρωποσ,4,ανθρωποσ παραδιδωμι υιοσ χειρ,0.3215,0.0695,True,διδασκω μαθητησ λεγω υιοσ ανθρωποσ παραδιδωμι χειρ ανθρωποσ αποκτεινω αποκτεινω τρεισ ημερα ανιστημι,τιθημι ουσ λογοσ υιοσ ανθρωποσ μελλω παραδιδωμι χειρ ανθρωποσ
83,Mark 9:32,Luke 9:45,0.3189,2,ηγνοουν ρημα,3,main_text,0.3333,0.1818,0.0,3,0.75,2,αγνοεω ρημα,3,αγνοεω ρημα φοβεομαι,0.3536,0.0347,True,αγνοεω ρημα φοβεομαι επερωταω,αγνοεω ρημα ειμι παρακαλυπτομαι μη αισθανομαι φοβεομαι ερωταω ρημα
84,Mark 9:37,Luke 9:48,0.3581,5,ονοματι εμε δεχεται οσ εμε,6,main_text,0.3333,0.3,0.1111,6,0.6667,3,ονομα δεχομαι δεχομαι,4,αποστελλω δεχομαι ονομα παιδιον,0.374,0.0159,True,εισ παιδιον δεχομαι ονομα δεχομαι δεχομαι ου δεχομαι αποστελλω,λεγω δεχομαι παιδιον ονομα δεχομαι δεχομαι δεχομαι αποστελλω μικροσ πασ υπαρχω ειμι μεγασ
85,Mark 9:38,Luke 9:49,0.4611,5,ειδομεν ονοματι εκβαλλοντα δαιμονια εκωλυομεν,6,main_text,0.6154,0.6316,0.5882,8,0.8,7,οραω ονομα εκβαλλω δαιμονιον κωλυω ου ακολουθεω,8,ακολουθεω δαιμονιον εκβαλλω ιωαννησ κωλυω ονομα οραω ου,0.6632,0.2021,True,φημι ιωαννησ διδασκαλοσ οραω ονομα εκβαλλω δαιμονιον κωλυω ου ακολουθεω,αποκρινομαι ιωαννησ λεγω επιστατησ οραω ονομα εκβαλλω δαιμονιον κωλυω ου ακολουθεω
86,Mark 9:40,Luke 9:50,0.6657,4,οσ εστιν καθ εστιν,3,main_text,0.3333,0.5,0.3333,3,1.0,3,ου ειμι ειμι,2,ειμι ου,0.4967,-0.169,False,ου ειμι ειμι,λεγω ιησουσ μη κωλυω ου ειμι ειμι
87,Mark 9:50,Luke 14:34,0.2981,3,καλον αλασ αλασ,2,main_text,0.3,0.1538,0.0,4,0.6667,2,καλοσ αλασ,3,αλασ αρτυω καλοσ,0.3185,0.0204,True,καλοσ αλασ αλασ αναλοσ γινομαι αρτυω εχω αλα ειρηνευω,καλοσ αλασ και αλασ μωραινω αρτυω
88,Mark 10:5,Luke 15:3,0.1986,1,προσ,2,main_text,0.1667,0.0,0.0,1,0.3333,1,λεγω,1,λεγω,0.1533,-0.0453,False,ιησουσ λεγω σκληροκαρδια γραφω εντολη,λεγω παραβολη λεγω
89,Mark 10:8,Luke 17:35,0.2058,2,εσονται δυο,3,main_text,0.3,0.1333,0.0,3,0.375,2,ειμι δυο,3,δυο ειμι εισ,0.2565,0.0507,True,ειμι δυο σαρξ εισ ουκετι ειμι δυο εισ σαρξ,ειμι δυο αληθω αυτοσ εισ παραλαμβανω ετεροσ αφιημι
90,Mark 10:13,Luke 18:15,0.3033,2,προσεφερον αυτω,4,main_text,0.5,0.2,0.0,4,0.8,2,μαθητησ επιτιμαω,4,απτω επιτιμαω μαθητησ προσφερω,0.4531,0.1498,True,προσφερω παιδιον απτω μαθητησ επιτιμαω,προσφερω και βρεφοσ απτω οραω μαθητησ επιτιμαω
91,Mark 10:14,Luke 18:16,0.7259,9,αφετε παιδια ερχεσθαι προσ κωλυετε αυτα τοιουτων εστιν βασιλεια,10,main_text,0.7692,0.7619,0.7368,10,0.9091,9,λεγω αφιημι παιδιον ερχομαι μη κωλυω ειμι βασιλεια θεοσ,10,αφιημι βασιλεια ειμι ερχομαι θεοσ ιησουσ κωλυω λεγω μη παιδιον,0.7984,0.0725,True,οραω ιησουσ αγανακτεω λεγω αφιημι παιδιον ερχομαι μη κωλυω ειμι βασιλεια θεοσ,ιησουσ προσκαλεομαι λεγω αφιημι παιδιον ερχομαι μη κωλυω ειμι βασιλεια θεοσ
92,Mark 10:15,Luke 18:17,1.0,10,αμην λεγω οσ δεξηται βασιλειαν ωσ παιδιον εισελθη εισ αυτην,10,main_text,1.0,1.0,1.0,9,1.0,9,λεγω μη δεχομαι βασιλεια θεοσ παιδιον ου μη εισερχομαι,8,βασιλεια δεχομαι εισερχομαι θεοσ λεγω μη ου παιδιον,1.0,0.0,True,λεγω μη δεχομαι βασιλεια θεοσ παιδιον ου μη εισερχομαι,λεγω μη δεχομαι βασιλεια θεοσ παιδιον ου μη εισερχομαι
93,Mark 10:17,Luke 18:18,0.3286,3,ζωην αιωνιον κληρονομησω,5,main_text,0.5,0.5263,0.4706,7,0.7778,6,διδασκαλοσ αγαθοσ ποιεω ζωη αιωνιοσ κληρονομεω,7,αγαθοσ αιωνιοσ διδασκαλοσ επερωταω ζωη κληρονομεω ποιεω,0.5651,0.2365,True,εκπορευομαι οδοσ προστρεχω εισ γονυπετεω επερωταω διδασκαλοσ αγαθοσ ποιεω ζωη αιωνιοσ κληρονομεω,επερωταω αρχων λεγω διδασκαλοσ αγαθοσ ποιεω ζωη αιωνιοσ κληρονομεω
94,Mark 10:18,Luke 18:19,0.8658,6,λεγεισ αγαθον ουδεισ αγαθοσ εισ θεοσ,8,main_text,1.0,0.875,0.7143,8,0.8889,7,λεγω αγαθοσ ουδεισ αγαθοσ μη εισ θεοσ,7,αγαθοσ εισ θεοσ ιησουσ λεγω μη ουδεισ,0.921,0.0552,True,ιησουσ λεγω λεγω αγαθοσ ουδεισ αγαθοσ μη εισ θεοσ,λεγω ιησουσ λεγω αγαθοσ ουδεισ αγαθοσ μη εισ θεοσ
95,Mark 10:19,Luke 18:20,0.7019,3,τασ εντολασ οιδασ,10,main_text,0.9091,0.8462,0.5,11,0.8462,4,μη κλεπτω μη ψευδομαρτυρεω,10,εντολη κλεπτω μη μητηρ μοιχευω οιδα πατηρ τιμαω φονευω ψευδομαρτυρεω,0.8361,0.1342,True,εντολη οιδα μη φονευω μη μοιχευω μη κλεπτω μη ψευδομαρτυρεω μη αποστερεω τιμαω πατηρ μητηρ,εντολη οιδα μη μοιχευω μη φονευω μη κλεπτω μη ψευδομαρτυρεω τιμαω πατηρ μητηρ
96,Mark 10:20,Luke 18:21,0.2619,1,ταυτα,2,main_text,0.5,0.5714,0.4,3,0.75,3,πασ φυλασσω νεοτησ,3,νεοτησ πασ φυλασσω,0.5609,0.299,True,φημι διδασκαλοσ πασ φυλασσω νεοτησ,λεγω πασ φυλασσω νεοτησ
97,Mark 10:21,Luke 18:22,0.402,3,οσα εχεισ πωλησον,10,main_text,0.5,0.4,0.2857,11,0.6875,6,πτωχοσ εχω θησαυροσ ουρανοσ δευρο ακολουθεω,10,ακολουθεω δευρο εισ εχω θησαυροσ ιησουσ λεγω ουρανοσ πτωχοσ πωλεω,0.5105,0.1085,True,ιησουσ εμβλεπω αγαπαω λεγω εισ υστερεω υπαγω εχω πωλεω διδωμι πτωχοσ εχω θησαυροσ ουρανοσ δευρο ακολουθεω,ακουω ιησουσ λεγω ετι εισ λειπω πασ εχω πωλεω διαδιδωμι πτωχοσ εχω θησαυροσ ουρανοσ δευρο ακολουθεω
98,Mark 10:23,Luke 18:24,0.5851,6,πωσ δυσκολωσ χρηματα εχοντεσ εισ βασιλειαν,7,main_text,0.6154,0.6316,0.4706,8,0.8,6,πωσ δυσκολωσ χρημα εχω βασιλεια θεοσ,8,βασιλεια δυσκολωσ εχω θεοσ ιησουσ λεγω πωσ χρημα,0.649,0.0639,True,περιβλεπομαι ιησουσ λεγω μαθητησ πωσ δυσκολωσ χρημα εχω βασιλεια θεοσ εισερχομαι,οραω ιησουσ λεγω πωσ δυσκολωσ χρημα εχω βασιλεια θεοσ εισπορευομαι
99,Mark 10:25,Luke 18:25,0.5171,4,πλουσιον εισ βασιλειαν εισελθειν,7,main_text,0.5833,0.5556,0.375,7,0.7,4,πλουσιοσ βασιλεια θεοσ εισερχομαι,7,βασιλεια ειμι εισερχομαι ευκοπωτεροσ θεοσ καμηλοσ πλουσιοσ,0.5883,0.0712,True,ευκοπωτεροσ ειμι καμηλοσ τρυμαλια ραφισ διερχομαι πλουσιοσ βασιλεια θεοσ εισερχομαι,ευκοπωτεροσ ειμι καμηλοσ τρημα βελονη εισερχομαι πλουσιοσ βασιλεια θεοσ εισερχομαι
100,Mark 10:26,Luke 18:26,0.3801,3,τισ δυναται σωθηναι,3,main_text,0.5,0.2857,0.0,3,0.75,2,δυναμαι σωζω,3,δυναμαι λεγω σωζω,0.4614,0.0813,True,περισσωσ εκπλησσομαι λεγω δυναμαι σωζω,λεγω ακουω δυναμαι σωζω
101,Mark 10:27,Luke 18:27,0.3221,2,δυνατα θεω,3,main_text,0.5,0.1429,0.0,4,0.6667,2,δυνατοσ θεοσ,5,αδυνατοσ ανθρωποσ δυνατοσ θεοσ λεγω,0.4146,0.0925,True,εμβλεπω ιησουσ λεγω ανθρωποσ αδυνατοσ ου θεοσ πασ δυνατοσ θεοσ,λεγω αδυνατοσ ανθρωποσ δυνατοσ θεοσ ειμι
102,Mark 10:28,Luke 18:28,0.262,2,ιδου ημεισ,3,main_text,0.5714,0.4444,0.2857,4,0.8,3,λεγω πετροσ αφιημι,4,ακολουθεω αφιημι λεγω πετροσ,0.5695,0.3075,True,αρχω λεγω πετροσ αφιημι πασ ακολουθεω,λεγω πετροσ αφιημι ιδιοσ ακολουθεω
103,Mark 10:29,Luke 18:29,0.45,7,αμην λεγω ουδεισ εστιν οσ αφηκεν οικιαν,10,main_text,0.3889,0.3333,0.2727,7,0.5833,5,λεγω ουδεισ ειμι αφιημι οικια,7,αδελφοσ αφιημι ειμι λεγω οικια ουδεισ τεκνον,0.4149,-0.0351,False,φημι ιησουσ λεγω ουδεισ ειμι αφιημι οικια αδελφοσ αδελφη μητηρ πατηρ τεκνον αγροσ ευαγγελιον,λεγω λεγω ουδεισ ειμι αφιημι οικια γυνη αδελφοσ γονευσ τεκνον βασιλεια θεοσ
104,Mark 10:30,Luke 18:30,0.3436,4,αιωνι ερχομενω ζωην αιωνιον,6,main_text,0.3158,0.2609,0.1905,6,0.6667,4,αιων ερχομαι ζωη αιωνιοσ,6,αιων αιωνιοσ ερχομαι ζωη καιροσ μη,0.367,0.0234,True,μη λαμβανω εκατονταπλασιων νυν καιροσ οικια αδελφοσ αδελφη μητηρ τεκνον αγροσ διωγμοσ αιων ερχομαι ζωη αιωνιοσ,ουχι μη απολαμβανω πολλαπλασιων καιροσ αιων ερχομαι ζωη αιωνιοσ
105,Mark 10:33,Luke 18:32,0.2273,2,παραδοθησεται τοισ,3,main_text,0.1429,0.1333,0.0,2,0.4,2,παραδιδωμι εθνοσ,2,εθνοσ παραδιδωμι,0.1793,-0.048,False,οτι αναβαινω ιεροσολυμα υιοσ ανθρωποσ παραδιδωμι αρχιερευσ γραμματευσ κατακρινω θανατοσ παραδιδωμι εθνοσ,παραδιδωμι εθνοσ εμπαιζω υβριζω εμπτυω
106,Mark 10:46,Luke 18:35,0.2653,2,εισ ιεριχω,5,main_text,0.25,0.1053,0.0,4,0.5714,2,καθημαι οδοσ,4,ιεριχω καθημαι οδοσ τυφλοσ,0.264,-0.0013,True,ερχομαι ιεριχω εκπορευομαι ιεριχω μαθητησ οχλοσ ικανοσ υιοσ τιμαιοσ βαρτιμαιοσ τυφλοσ προσαιτησ καθημαι οδοσ,γινομαι εγγιζω ιεριχω τυφλοσ καθημαι οδοσ επαιτεω
107,Mark 10:47,Luke 18:38,0.3131,2,υιε δαυιδ,4,main_text,0.4545,0.1333,0.0,4,0.6667,2,υιοσ δαυιδ,5,δαυιδ ελεαω ιησουσ λεγω υιοσ,0.3892,0.0761,True,ακουω ιησουσ ναζαρηνοσ ειμι αρχω κραζω λεγω υιοσ δαυιδ ιησουσ ελεαω,βοαω λεγω ιησουσ υιοσ δαυιδ ελεαω
108,Mark 10:48,Luke 18:39,0.6293,6,πολλω μαλλον εκραζεν υιε δαυιδ ελεησον,8,main_text,0.7,0.625,0.5714,7,0.7778,6,πολυσ μαλλον κραζω υιοσ δαυιδ ελεαω,7,δαυιδ ελεαω επιτιμαω κραζω μαλλον πολυσ υιοσ,0.6944,0.0651,True,επιτιμαω πολυσ σιωπαω πολυσ μαλλον κραζω υιοσ δαυιδ ελεαω,προαγω επιτιμαω σιγαω πολυσ μαλλον κραζω υιοσ δαυιδ ελεαω
109,Mark 10:51,Luke 18:41,0.3526,2,θελεισ ποιησω,3,main_text,0.4444,0.1667,0.0,4,0.8,2,θελω ποιεω,4,αναβλεπω θελω λεγω ποιεω,0.4178,0.0652,True,αποκρινομαι ιησουσ λεγω θελω ποιεω τυφλοσ λεγω ραββουνι αναβλεπω,θελω ποιεω λεγω κυριοσ αναβλεπω
110,Mark 10:52,Luke 18:42,0.3981,2,ιησουσ αυτω,4,main_text,0.5556,0.3333,0.0,4,0.8,2,ιησουσ λεγω,5,αναβλεπω ιησουσ λεγω πιστισ σωζω,0.4978,0.0997,True,ιησουσ λεγω υπαγω πιστισ σωζω ευθυσ αναβλεπω ακολουθεω οδοσ,ιησουσ λεγω αναβλεπω πιστισ σωζω
111,Mark 11:1,Luke 19:29,0.4515,5,εισ βηθφαγη βηθανιαν προσ οροσ,8,main_text,0.7273,0.5882,0.4,8,0.8889,4,ελαια αποστελλω δυο μαθητησ,8,αποστελλω βηθανια βηθφαγη δυο εγγιζω ελαια μαθητησ οροσ,0.7026,0.2511,True,εγγιζω ιεροσολυμα βηθφαγη βηθανια οροσ ελαια αποστελλω δυο μαθητησ,γινομαι εγγιζω βηθφαγη βηθανια οροσ καλεω ελαια αποστελλω δυο μαθητησ
112,Mark 11:2,Luke 19:30,0.4951,5,ευρησετε πωλον δεδεμενον εφ ουδεισ,12,main_text,0.6471,0.5385,0.3333,11,0.7857,5,εισπορευομαι ευρισκω πωλοσ δεω ουδεισ,11,ανθρωποσ δεω εισπορευομαι ευρισκω καθιζω κωμη λεγω λυω ουδεισ πωλοσ υπαγω,0.6315,0.1364,True,λεγω υπαγω κωμη ευθυσ εισπορευομαι ευρισκω πωλοσ δεω ουδεισ ουπω ανθρωποσ καθιζω λυω φερω,λεγω υπαγω κατεναντι κωμη εισπορευομαι ευρισκω πωλοσ δεω ουδεισ πωποτε ανθρωποσ καθιζω λυω αγω
113,Mark 11:3,Luke 19:34,0.3794,3,κυριοσ χρειαν εχει,3,main_text,0.4444,0.5,0.4,4,1.0,4,λεγω κυριοσ χρεια εχω,4,εχω κυριοσ λεγω χρεια,0.5602,0.1808,True,λεγω ποιεω λεγω κυριοσ χρεια εχω ευθυσ αποστελλω παλιν ωδε,λεγω κυριοσ χρεια εχω
114,Mark 11:7,Luke 19:35,0.1872,1,πωλον,3,main_text,0.3333,0.0,0.0,2,0.3333,1,πωλοσ,3,ιησουσ ιματιον πωλοσ,0.25,0.0628,True,φερω πωλοσ ιησουσ επιβαλλω ιματιον καθιζω,αγω ιησουσ επιριπτω ιματιον πωλοσ επιβιβαζω ιησουσ
115,Mark 11:9,Luke 19:38,0.2244,2,ευλογημενοσ ερχομενοσ,3,main_text,0.3077,0.2667,0.0,4,0.5714,2,ευλογεω ερχομαι,4,ερχομαι ευλογεω κυριοσ ονομα,0.3254,0.101,True,προαγω ακολουθεω κραζω ευλογεω ερχομαι ονομα κυριοσ,λεγω ευλογεω ερχομαι βασιλευσ ονομα κυριοσ ουρανοσ ειρηνη δοξα υψιστοσ
116,Mark 11:13,Luke 19:41,0.1814,2,επ αυτην,3,main_text,0.0625,0.0,0.0,1,0.25,1,οραω,1,οραω,0.0827,-0.0987,False,οραω συκη μακροθεν εχω φυλλον ερχομαι ευρισκω ερχομαι ουδεισ ευρισκω μη φυλλον καιροσ ου ειμι συκον,εγγιζω οραω πολισ κλαιω
117,Mark 11:15,Luke 19:45,0.5513,7,εισελθων εισ ιερον ηρξατο εκβαλλειν τουσ πωλουντασ,7,main_text,0.3846,0.4444,0.375,5,1.0,5,εισερχομαι ιεροσ αρχω εκβαλλω πωλεω,5,αρχω εισερχομαι εκβαλλω ιεροσ πωλεω,0.5173,-0.034,False,ερχομαι ιεροσολυμα εισερχομαι ιεροσ αρχω εκβαλλω πωλεω αγοραζω ιεροσ τραπεζα κολλυβιστησ καθεδρα πωλεω περιστερα καταστρεφω,εισερχομαι ιεροσ αρχω εκβαλλω πωλεω
118,Mark 11:17,Luke 19:46,0.4422,3,οικοσ οικοσ προσευχησ,7,main_text,0.5833,0.5263,0.2353,8,0.8889,3,οικοσ οικοσ προσευχη,7,γραφω λεγω ληστησ οικοσ ποιεω προσευχη σπηλαιον,0.5977,0.1555,True,διδασκω λεγω γραφω οικοσ οικοσ προσευχη καλεω πασ εθνοσ ποιεω σπηλαιον ληστησ,λεγω γραφω ειμι οικοσ οικοσ προσευχη ποιεω σπηλαιον ληστησ
119,Mark 11:18,Luke 19:47,0.203,3,αρχιερεισ γραμματεισ εζητουν,3,main_text,0.2353,0.2105,0.1176,4,0.4,3,αρχιερευσ γραμματευσ ζητεω,4,απολλυμι αρχιερευσ γραμματευσ ζητεω,0.2625,0.0595,True,ακουω αρχιερευσ γραμματευσ ζητεω πωσ απολλυμι φοβεομαι πασ οχλοσ εκπλησσομαι διδαχη,ειμι διδασκω ημερα ιεροσ αρχιερευσ γραμματευσ ζητεω απολλυμι πρωτοσ λαοσ
120,Mark 11:28,Luke 20:2,0.4429,5,ποια εξουσια ταυτα ποιεισ τισ,7,main_text,0.8,0.5,0.2,5,0.8333,3,λεγω εξουσια ποιεω,4,διδωμι εξουσια λεγω ποιεω,0.6807,0.2378,True,λεγω εξουσια ποιεω διδωμι εξουσια ποιεω,λεγω λεγω λεγω εξουσια ποιεω ειμι διδωμι εξουσια
121,Mark 11:30,Luke 20:4,0.8589,4,βαπτισμα ιωαννου ουρανου ανθρωπων,4,main_text,0.8333,0.8889,0.8571,5,1.0,5,βαπτισμα ιωαννησ ουρανοσ ειμι ανθρωποσ,5,ανθρωποσ βαπτισμα ειμι ιωαννησ ουρανοσ,0.8795,0.0206,True,βαπτισμα ιωαννησ ουρανοσ ειμι ανθρωποσ αποκρινομαι,βαπτισμα ιωαννησ ουρανοσ ειμι ανθρωποσ
122,Mark 11:31,Luke 20:5,0.7769,5,ειπωμεν ουρανου ερει επιστευσατε αυτω,8,main_text,0.6667,0.7692,0.7273,6,0.8571,6,λεγω λεγω ουρανοσ λεγω ου πιστευω,4,λεγω ου ουρανοσ πιστευω,0.7438,-0.0331,False,διαλογιζομαι λεγω λεγω λεγω ουρανοσ λεγω ου πιστευω,συλλογιζομαι λεγω λεγω ουρανοσ λεγω ου πιστευω
123,Mark 11:33,Luke 20:8,0.7875,8,ιησουσ αυτοισ ουδε λεγω ποια εξουσια ταυτα ποιω,8,main_text,0.625,0.6667,0.6154,6,1.0,6,ιησουσ λεγω ουδε λεγω εξουσια ποιεω,5,εξουσια ιησουσ λεγω ουδε ποιεω,0.7063,-0.0812,False,αποκρινομαι ιησουσ λεγω ου οιδα ιησουσ λεγω ουδε λεγω εξουσια ποιεω,ιησουσ λεγω ουδε λεγω εξουσια ποιεω
124,Mark 12:1,Luke 20:9,0.282,3,εξεδετο γεωργοισ απεδημησεν,7,main_text,0.4211,0.24,0.087,7,0.5833,3,εκδιδωμι γεωργοσ αποδημεω,8,αμπελων ανθρωποσ αποδημεω αρχω γεωργοσ εκδιδωμι παραβολη φυτευω,0.3921,0.1101,True,αρχω παραβολη λαλεω αμπελων ανθρωποσ φυτευω περιτιθημι φραγμοσ ορυσσω υποληνιον οικοδομεω πυργοσ εκδιδωμι γεωργοσ αποδημεω,αρχω λαοσ λεγω παραβολη ανθρωποσ φυτευω αμπελων εκδιδωμι γεωργοσ αποδημεω χρονοσ ικανοσ
125,Mark 12:2,Luke 20:10,0.4051,4,απεστειλεν προσ τουσ γεωργουσ,7,main_text,0.5455,0.2353,0.0,5,0.625,2,αποστελλω γεωργοσ,6,αμπελων αποστελλω γεωργοσ δουλοσ καιροσ καρποσ,0.4455,0.0404,True,αποστελλω γεωργοσ καιροσ δουλοσ γεωργοσ λαμβανω καρποσ αμπελων,καιροσ αποστελλω γεωργοσ δουλοσ καρποσ αμπελων διδωμι γεωργοσ εξαποστελλω δερω κενοσ
126,Mark 12:6,Luke 20:13,0.1801,2,υιον αγαπητον,3,main_text,0.2857,0.1176,0.0,3,0.3333,2,υιοσ αγαπητοσ,4,αγαπητοσ εντρεπω λεγω υιοσ,0.2466,0.0665,True,ετι εισ εχω υιοσ αγαπητοσ αποστελλω εσχατοσ λεγω εντρεπω υιοσ,λεγω κυριοσ αμπελων ποιεω πεμπω υιοσ αγαπητοσ ισωσ εντρεπω
127,Mark 12:7,Luke 20:14,0.3444,3,ουτοσ εστιν κληρονομοσ,7,main_text,0.6,0.2667,0.1538,6,0.75,3,λεγω ειμι κληρονομοσ,6,αποκτεινω γεωργοσ ειμι κληρονομια κληρονομοσ λεγω,0.5231,0.1787,True,γεωργοσ λεγω ειμι κληρονομοσ δευτε αποκτεινω ειμι κληρονομια,οραω γεωργοσ διαλογιζομαι λεγω ειμι κληρονομοσ αποκτεινω γινομαι κληρονομια
128,Mark 12:8,Luke 20:15,0.2867,2,εξω αμπελωνοσ,3,main_text,0.5,0.25,0.0,2,0.5,2,εκβαλλω αμπελων,3,αμπελων αποκτεινω εκβαλλω,0.405,0.1183,True,λαμβανω αποκτεινω εκβαλλω αμπελων,εκβαλλω αμπελων αποκτεινω ποιεω κυριοσ αμπελων
129,Mark 12:9,Luke 20:16,0.5114,4,ελευσεται απολεσει τουσ γεωργουσ,7,main_text,0.5,0.5882,0.5333,6,0.6667,6,ερχομαι απολλυμι γεωργοσ διδωμι αμπελων αλλοσ,6,αλλοσ αμπελων απολλυμι γεωργοσ διδωμι ερχομαι,0.5632,0.0518,True,ποιεω κυριοσ αμπελων ερχομαι απολλυμι γεωργοσ διδωμι αμπελων αλλοσ,ερχομαι απολλυμι γεωργοσ διδωμι αμπελων αλλοσ ακουω λεγω μη γινομαι
130,Mark 12:10,Luke 20:17,0.5587,8,λιθον απεδοκιμασαν οικοδομουντεσ ουτοσ εγενηθη εισ κεφαλην γωνιασ,8,main_text,0.4615,0.5882,0.5333,6,0.6667,6,λιθοσ αποδοκιμαζω οικοδομεω γινομαι κεφαλη γωνια,6,αποδοκιμαζω γινομαι γωνια κεφαλη λιθοσ οικοδομεω,0.5478,-0.0109,True,ουδε γραφη αναγινωσκω λιθοσ αποδοκιμαζω οικοδομεω γινομαι κεφαλη γωνια,εμβλεπω λεγω ειμι γραφω λιθοσ αποδοκιμαζω οικοδομεω γινομαι κεφαλη γωνια
131,Mark 12:12,Luke 20:19,0.2973,4,εγνωσαν προσ αυτουσ παραβολην,5,main_text,0.3333,0.0,0.0,4,0.4444,1,ζητεω,5,γινωσκω ζητεω λεγω παραβολη φοβεομαι,0.2677,-0.0296,False,ζητεω κρατεω φοβεομαι οχλοσ γινωσκω παραβολη λεγω αφιημι απερχομαι,ζητεω γραμματευσ αρχιερευσ επιβαλλω χειρ ωρα φοβεομαι λαοσ γινωσκω λεγω παραβολη
132,Mark 12:14,Luke 20:21,0.3295,5,αλλ επ αληθειασ οδον διδασκεισ,8,main_text,0.375,0.2703,0.1714,9,0.6429,4,αληθεια οδοσ θεοσ διδασκω,9,αληθεια διδασκαλοσ διδασκω θεοσ λεγω οδοσ οιδα ου προσωπον,0.3906,0.0611,True,ερχομαι λεγω διδασκαλοσ οιδα αληθησ ειμι ου μελει ουδεισ ου βλεπω προσωπον ανθρωποσ αληθεια οδοσ θεοσ διδασκω εξεστιν διδωμι κηνσοσ καισαρ ου διδωμι μη διδωμι,επερωταω λεγω διδασκαλοσ οιδα ορθωσ λεγω διδασκω ου λαμβανω προσωπον αληθεια οδοσ θεοσ διδασκω
133,Mark 12:17,Luke 20:25,0.2758,2,καισαρι θεω,4,main_text,0.6667,0.5,0.2,5,0.8333,3,καισαρ θεοσ θεοσ,4,αποδιδωμι θεοσ καισαρ λεγω,0.614,0.3382,True,ιησουσ λεγω καισαρ αποδιδωμι καισαρ θεοσ θεοσ εκθαυμαζω,λεγω αποδιδωμι καισαρ καισαρ θεοσ θεοσ
134,Mark 12:19,Luke 20:28,0.6186,6,διδασκαλε μωυσησ εγραψεν τινοσ αδελφοσ αποθανη,11,main_text,0.5294,0.6,0.5,12,0.75,6,λαμβανω αδελφοσ γυνη εξανιστημι σπερμα αδελφοσ,9,αδελφοσ αποθνησκω γραφω γυνη διδασκαλοσ εξανιστημι λαμβανω μωυσησ σπερμα,0.599,-0.0196,True,διδασκαλοσ μωυσησ γραφω αδελφοσ αποθνησκω καταλειπω γυνη μη αφιημι τεκνον λαμβανω αδελφοσ γυνη εξανιστημι σπερμα αδελφοσ,λεγω διδασκαλοσ μωυσησ γραφω αδελφοσ αποθνησκω εχω γυνη ατεκνοσ ειμι λαμβανω αδελφοσ γυνη εξανιστημι σπερμα αδελφοσ
135,Mark 12:20,Luke 20:29,0.4402,4,επτα αδελφοι ησαν πρωτοσ,5,main_text,0.6364,0.75,0.7143,7,0.875,7,επτα αδελφοσ ειμι πρωτοσ λαμβανω γυνη αποθνησκω,7,αδελφοσ αποθνησκω γυνη ειμι επτα λαμβανω πρωτοσ,0.7203,0.2801,True,επτα αδελφοσ ειμι πρωτοσ λαμβανω γυνη αποθνησκω ου αφιημι σπερμα,επτα αδελφοσ ειμι πρωτοσ λαμβανω γυνη αποθνησκω ατεκνοσ
136,Mark 12:21,Luke 20:31,0.2592,2,ελαβεν αυτην,4,main_text,0.4167,0.0,0.0,2,0.25,1,λαμβανω,5,αποθνησκω καταλειπω λαμβανω τριτοσ ωσαυτωσ,0.2722,0.013,True,δευτεροσ λαμβανω αποθνησκω μη καταλειπω σπερμα τριτοσ ωσαυτωσ,τριτοσ λαμβανω ωσαυτωσ και επτα ου καταλειπω τεκνον αποθνησκω
137,Mark 12:22,Luke 20:32,0.3507,2,γυνη απεθανεν,2,main_text,0.3,0.3636,0.2222,3,0.75,3,και γυνη αποθνησκω,3,αποθνησκω γυνη και,0.3955,0.0448,True,επτα ου αφιημι σπερμα εσχατοσ πασ και γυνη αποθνησκω,υστεροσ και γυνη αποθνησκω
138,Mark 12:23,Luke 20:33,0.5931,5,γυνη επτα εσχον αυτην γυναικα,7,main_text,0.5,0.4615,0.3636,5,0.7143,4,γυνη επτα εχω γυνη,4,αναστασισ γυνη επτα εχω,0.5267,-0.0664,False,αναστασισ οταν ανιστημι ειμι γυνη επτα εχω γυνη,γυνη αναστασισ γινομαι γυνη επτα εχω γυνη
139,Mark 12:25,Luke 20:35,0.2683,4,ουτε γαμουσιν ουτε γαμιζονται,4,main_text,0.2727,0.1667,0.0,3,0.4286,2,γαμεω γαμιζω,3,γαμεω γαμιζω νεκροσ,0.2677,-0.0006,True,νεκροσ ανιστημι γαμεω γαμιζω ειμι αγγελοσ ουρανοσ,καταξιοω αιων τυγχανω αναστασισ νεκροσ γαμεω γαμιζω
140,Mark 12:26,Luke 20:37,0.1809,1,εγειρονται,5,main_text,0.6,0.4286,0.3077,10,0.7143,6,θεοσ αβρααμ θεοσ ισαακ θεοσ ιακωβ,9,αβρααμ βατοσ εγειρω θεοσ ιακωβ ισαακ λεγω μωυσησ νεκροσ,0.5719,0.391,True,νεκροσ εγειρω ου αναγινωσκω βιβλοσ μωυσησ βατοσ λεγω θεοσ λεγω θεοσ αβρααμ θεοσ ισαακ θεοσ ιακωβ,εγειρω νεκροσ και μωυσησ μηνυω βατοσ λεγω κυριοσ θεοσ αβρααμ θεοσ ισαακ θεοσ ιακωβ
141,Mark 12:27,Luke 20:38,0.4313,3,νεκρων αλλα ζωντων,5,main_text,0.625,0.3333,0.0,4,0.5714,2,ου ειμι,5,ειμι ζαω θεοσ νεκροσ ου,0.4957,0.0644,True,ου ειμι θεοσ νεκροσ ζαω πολυσ πλαναω,θεοσ ου ειμι νεκροσ ζαω πασ ζαω
142,Mark 12:35,Luke 20:41,0.1898,2,πωσ λεγουσιν,3,main_text,0.5455,0.1176,0.0,5,0.7143,2,πωσ λεγω,6,δαυιδ ειμι λεγω πωσ υιοσ χριστοσ,0.4368,0.247,True,αποκρινομαι ιησουσ λεγω διδασκω ιεροσ πωσ λεγω γραμματευσ χριστοσ υιοσ δαυιδ ειμι,λεγω πωσ λεγω χριστοσ ειμι δαυιδ υιοσ
143,Mark 12:36,Luke 20:43,0.4326,4,εωσ θω τουσ εχθρουσ,5,main_text,0.2727,0.1429,0.0,3,0.75,2,τιθημι εχθροσ,3,εχθροσ πουσ τιθημι,0.3148,-0.1178,False,δαυιδ λεγω πνευμα αγιοσ λεγω κυριοσ κυριοσ καθημαι δεξιοσ τιθημι εχθροσ πουσ,τιθημι εχθροσ υποποδιον πουσ
144,Mark 12:37,Luke 20:44,0.2839,2,δαυιδ κυριον,4,main_text,0.3333,0.0,0.0,3,0.5,1,δαυιδ,4,δαυιδ ειμι κυριοσ υιοσ,0.2733,-0.0106,True,δαυιδ λεγω κυριοσ ποθεν ειμι υιοσ πολυσ οχλοσ ακουω ηδεωσ,δαυιδ κυριοσ καλεω πωσ υιοσ ειμι
145,Mark 12:39,Luke 20:46,0.5933,6,πρωτοκαθεδριασ ταισ συναγωγαισ πρωτοκλισιασ τοισ δειπνοισ,6,main_text,0.3333,0.4286,0.3333,4,1.0,4,πρωτοκαθεδρια συναγωγη πρωτοκλισια δειπνον,4,δειπνον πρωτοκαθεδρια πρωτοκλισια συναγωγη,0.4838,-0.1095,False,πρωτοκαθεδρια συναγωγη πρωτοκλισια δειπνον,προσεχω γραμματευσ θελω περιπατεω στολη φιλεω ασπασμοσ αγορα πρωτοκαθεδρια συναγωγη πρωτοκλισια δειπνον
146,Mark 12:40,Luke 20:47,0.6735,5,τασ οικιασ χηρων προφασει μακρα,9,main_text,1.0,1.0,1.0,9,1.0,9,κατεσθιω οικια χηρα προφασισ μακροσ προσευχομαι λαμβανω περισσοτεροσ κριμα,9,κατεσθιω κριμα λαμβανω μακροσ οικια περισσοτεροσ προσευχομαι προφασισ χηρα,1.0,0.3265,True,κατεσθιω οικια χηρα προφασισ μακροσ προσευχομαι λαμβανω περισσοτεροσ κριμα,κατεσθιω οικια χηρα προφασισ μακροσ προσευχομαι λαμβανω περισσοτεροσ κριμα
147,Mark 12:43,Luke 21:3,0.5052,5,λεγω χηρα πτωχη πλειον εβαλεν,5,main_text,0.6,0.5882,0.5333,7,0.875,6,λεγω χηρα πτωχοσ πολυσ πασ βαλλω,6,βαλλω λεγω πασ πολυσ πτωχοσ χηρα,0.6515,0.1463,True,προσκαλεομαι μαθητησ λεγω λεγω χηρα πτωχοσ πολυσ πασ βαλλω βαλλω γαζοφυλακιον,λεγω αληθωσ λεγω χηρα πτωχοσ πολυσ πασ βαλλω
148,Mark 12:44,Luke 21:4,0.3993,3,περισσευοντοσ αυτοισ εβαλον,8,main_text,0.5556,0.375,0.1429,6,0.6667,3,πασ περισσευω βαλλω,5,βαλλω βιοσ εχω πασ περισσευω,0.5116,0.1123,True,πασ περισσευω βαλλω υστερησισ πασ εχω βαλλω ολοσ βιοσ,πασ περισσευω βαλλω δωρον υστερημα πασ βιοσ εχω βαλλω
149,Mark 13:4,Luke 21:7,0.67,7,ποτε ταυτα εσται σημειον οταν μελλη ταυτα,6,main_text,0.5,0.4615,0.3636,5,0.7143,4,ποτε ειμι σημειον μελλω,5,ειμι λεγω μελλω ποτε σημειον,0.5321,-0.1379,False,λεγω ποτε ειμι σημειον μελλω συντελεω πασ,επερωταω λεγω διδασκαλοσ ποτε ειμι σημειον μελλω γινομαι
150,Mark 13:6,Luke 21:8,0.4912,5,πολλοι ελευσονται ονοματι λεγοντεσ ειμι,5,main_text,0.5455,0.4706,0.4,5,0.7143,5,πολυσ ερχομαι ονομα λεγω ειμι,6,ειμι ερχομαι λεγω ονομα πλαναω πολυσ,0.5483,0.0571,True,πολυσ ερχομαι ονομα λεγω ειμι πολυσ πλαναω,λεγω βλεπω πλαναω πολυσ ερχομαι ονομα λεγω ειμι καιροσ εγγιζω μη πορευομαι
151,Mark 13:7,Luke 21:9,0.3713,3,οταν ακουσητε πολεμουσ,7,main_text,0.4286,0.2105,0.0,6,0.6,2,ακουω πολεμοσ,6,ακουω γινομαι δεω μη πολεμοσ τελοσ,0.3839,0.0126,True,ακουω πολεμοσ ακοη πολεμοσ μη θροεομαι δεω γινομαι ουπω τελοσ,ακουω πολεμοσ ακαταστασια μη πτοεομαι δεω γινομαι πρωτοσ ου ευθεωσ τελοσ
152,Mark 13:8,Luke 21:10,0.5385,6,εγερθησεται εθνοσ επ εθνοσ βασιλεια βασιλειαν,5,main_text,0.2727,0.4706,0.4,5,0.7143,5,εγειρω εθνοσ εθνοσ βασιλεια βασιλεια,3,βασιλεια εγειρω εθνοσ,0.418,-0.1205,False,εγειρω εθνοσ εθνοσ βασιλεια βασιλεια ειμι σεισμοσ τοποσ ειμι λιμοσ αρχη ωδιν,τοτε λεγω εγειρω εθνοσ εθνοσ βασιλεια βασιλεια
153,Mark 13:9,Luke 21:13,0.2391,2,εισ μαρτυριον,2,main_text,0.1,0.0,0.0,1,0.5,1,μαρτυριον,1,μαρτυριον,0.1511,-0.088,False,βλεπω παραδιδωμι συνεδριον συναγωγη δερω ηγεμων βασιλευσ ιστημι μαρτυριον,αποβαινω μαρτυριον
154,Mark 13:13,Luke 21:17,0.5382,3,εσεσθε μισουμενοι ονομα,3,main_text,0.5714,0.6667,0.5714,4,1.0,4,ειμι μισεω πασ ονομα,4,ειμι μισεω ονομα πασ,0.6743,0.1361,True,ειμι μισεω πασ ονομα υπομενω τελοσ σωζω,ειμι μισεω πασ ονομα
155,Mark 13:14,Luke 21:21,0.2382,4,ιουδαια φευγετωσαν εισ ορη,4,main_text,0.2353,0.3158,0.2353,4,0.4444,4,τοτε ιουδαια φευγω οροσ,4,ιουδαια οροσ τοτε φευγω,0.3014,0.0632,True,οραω βδελυγμα ερημωσισ ιστημι ου δεω αναγινωσκω νοεω τοτε ιουδαια φευγω οροσ,τοτε ιουδαια φευγω οροσ μεσοσ εκχωρεω χωρα μη εισερχομαι
156,Mark 13:17,Luke 21:23,0.658,9,ουαι ταισ γαστρι εχουσαισ ταισ θηλαζουσαισ εκειναισ ταισ ημεραισ,7,main_text,0.4,0.5,0.4,4,1.0,4,γαστηρ εχω θηλαζω ημερα,4,γαστηρ εχω ημερα θηλαζω,0.538,-0.12,False,γαστηρ εχω θηλαζω ημερα,γαστηρ εχω θηλαζω ημερα ειμι αναγκη μεγασ γη οργη λαοσ
157,Mark 13:26,Luke 21:27,0.663,4,οψονται υιον ανθρωπου ερχομενον,7,main_text,1.0,0.75,0.7143,8,0.8889,7,τοτε οραω υιοσ ανθρωποσ ερχομαι νεφελη δυναμισ,9,ανθρωποσ δοξα δυναμισ ερχομαι νεφελη οραω πολυσ τοτε υιοσ,0.8985,0.2355,True,τοτε οραω υιοσ ανθρωποσ ερχομαι νεφελη δυναμισ πολυσ δοξα,τοτε οραω υιοσ ανθρωποσ ερχομαι νεφελη δυναμισ δοξα πολυσ
158,Mark 13:28,Luke 21:30,0.2829,3,εγγυσ θεροσ εστιν,6,main_text,0.3333,0.2105,0.1176,5,0.625,3,εγγυσ θεροσ ειμι,5,γινωσκω εγγυσ ειμι ηδη θεροσ,0.3488,0.0659,True,συκη μανθανω παραβολη ηδη κλαδοσ απαλοσ γινομαι εκφυω φυλλον γινωσκω εγγυσ θεροσ ειμι,προβαλλω ηδη βλεπω γινωσκω ηδη εγγυσ θεροσ ειμι
159,Mark 13:29,Luke 21:31,0.8569,9,ουτωσ υμεισ οταν ιδητε ταυτα γινομενα γινωσκετε εγγυσ εστιν,9,main_text,0.7,0.8,0.7692,7,0.875,7,ουτωσ και οραω γινομαι γινωσκω εγγυσ ειμι,7,γινομαι γινωσκω εγγυσ ειμι και οραω ουτωσ,0.7691,-0.0878,False,ουτωσ και οραω γινομαι γινωσκω εγγυσ ειμι θυρα,ουτωσ και οραω γινομαι γινωσκω εγγυσ ειμι βασιλεια θεοσ
160,Mark 13:30,Luke 21:32,0.6264,4,αμην λεγω παρελθη γενεα,5,main_text,1.0,1.0,1.0,7,1.0,7,λεγω ου μη παρερχομαι γενεα πασ γινομαι,7,γενεα γινομαι λεγω μη ου παρερχομαι πασ,1.0,0.3736,True,λεγω ου μη παρερχομαι γενεα πασ γινομαι,λεγω ου μη παρερχομαι γενεα πασ γινομαι
161,Mark 13:31,Luke 21:33,1.0,5,ουρανοσ γη παρελευσονται λογοι παρελευσονται,4,main_text,1.0,1.0,1.0,7,1.0,7,ουρανοσ γη παρερχομαι λογοσ ου μη παρερχομαι,6,γη λογοσ μη ου ουρανοσ παρερχομαι,1.0,0.0,True,ουρανοσ γη παρερχομαι λογοσ ου μη παρερχομαι,ουρανοσ γη παρερχομαι λογοσ ου μη παρερχομαι
162,Mark 14:1,Luke 22:2,0.3728,4,εζητουν αρχιερεισ γραμματεισ πωσ,4,main_text,0.2667,0.3529,0.2667,4,0.5714,4,ζητεω αρχιερευσ γραμματευσ πωσ,4,αρχιερευσ γραμματευσ ζητεω πωσ,0.3498,-0.023,False,ειμι πασχα αζυμοσ δυο ημερα ζητεω αρχιερευσ γραμματευσ πωσ δολοσ κρατεω αποκτεινω,ζητεω αρχιερευσ γραμματευσ πωσ αναιρεω φοβεομαι λαοσ
163,Mark 14:11,Luke 22:5,0.4211,3,αυτω αργυριον δουναι,4,main_text,0.3,0.1818,0.0,3,0.75,2,αργυριον διδωμι,3,αργυριον διδωμι χαιρω,0.3361,-0.085,False,ακουω χαιρω επαγγελλομαι αργυριον διδωμι ζητεω πωσ ευκαιρωσ παραδιδωμι,χαιρω συντιθεμαι αργυριον διδωμι
164,Mark 14:12,Luke 22:9,0.3013,2,που θελεισ,4,main_text,0.3077,0.125,0.0,4,1.0,2,που θελω,4,ετοιμαζω θελω λεγω που,0.3763,0.075,True,πρωτοσ ημερα αζυμοσ οτε πασχα θυω λεγω μαθητησ που θελω απερχομαι ετοιμαζω εσθιω πασχα,λεγω που θελω ετοιμαζω
165,Mark 14:13,Luke 22:10,0.4664,6,ανθρωποσ κεραμιον υδατοσ βασταζων ακολουθησατε αυτω,9,main_text,0.4375,0.381,0.3158,7,0.6364,5,ανθρωποσ κεραμιον υδωρ βασταζω ακολουθεω,7,ακολουθεω ανθρωποσ βασταζω κεραμιον λεγω πολισ υδωρ,0.4671,0.0007,True,αποστελλω δυο μαθητησ λεγω υπαγω πολισ απανταω ανθρωποσ κεραμιον υδωρ βασταζω ακολουθεω,λεγω εισερχομαι πολισ συνανταω ανθρωποσ κεραμιον υδωρ βασταζω ακολουθεω οικια εισπορευομαι
166,Mark 14:14,Luke 22:11,0.6555,8,διδασκαλοσ που εστιν καταλυμα οπου πασχα μαθητων φαγω,9,main_text,0.8333,0.6364,0.5,10,0.8333,7,που ειμι καταλυμα οπου πασχα μαθητησ εσθιω,10,διδασκαλοσ ειμι εσθιω καταλυμα λεγω μαθητησ οικοδεσποτησ οπου πασχα που,0.7655,0.11,True,εισερχομαι λεγω οικοδεσποτησ διδασκαλοσ λεγω που ειμι καταλυμα οπου πασχα μαθητησ εσθιω,λεγω οικοδεσποτησ οικια λεγω διδασκαλοσ που ειμι καταλυμα οπου πασχα μαθητησ εσθιω
167,Mark 14:15,Luke 22:12,0.6457,4,δειξει αναγαιον μεγα εστρωμενον,6,main_text,0.8571,0.7273,0.4444,6,1.0,4,δεικνυμι αναγαιον μεγασ στρωννυμι,6,αναγαιον δεικνυμι εκει ετοιμαζω μεγασ στρωννυμι,0.8128,0.1671,True,δεικνυμι αναγαιον μεγασ στρωννυμι ετοιμοσ εκει ετοιμαζω,δεικνυμι αναγαιον μεγασ στρωννυμι εκει ετοιμαζω
168,Mark 14:16,Luke 22:13,0.4327,3,αυτοισ ητοιμασαν πασχα,5,main_text,0.4444,0.5455,0.4444,4,0.8,4,ευρισκω λεγω ετοιμαζω πασχα,4,ετοιμαζω ευρισκω λεγω πασχα,0.5393,0.1066,True,εξερχομαι μαθητησ ερχομαι πολισ ευρισκω λεγω ετοιμαζω πασχα,απερχομαι ευρισκω λεγω ετοιμαζω πασχα
169,Mark 14:22,Luke 22:19,0.446,3,εκλασεν εδωκεν αυτοισ,8,main_text,0.5385,0.4,0.1111,7,0.7,3,κλαω διδωμι λεγω,7,αρτοσ διδωμι ειμι κλαω λαμβανω λεγω σωμα,0.5044,0.0584,True,εσθιω λαμβανω αρτοσ ευλογεω κλαω διδωμι λεγω λαμβανω ειμι σωμα,λαμβανω αρτοσ ευχαριστεω κλαω διδωμι λεγω ειμι σωμα διδωμι ποιεω εμοσ αναμνησισ
170,Mark 14:26,Luke 22:39,0.3577,3,εισ οροσ ελαιων,3,main_text,0.3333,0.2,0.0,3,0.75,2,οροσ ελαια,3,ελαια εξερχομαι οροσ,0.3568,-0.0009,True,υμνεω εξερχομαι οροσ ελαια,εξερχομαι πορευομαι εθοσ οροσ ελαια ακολουθεω και μαθητησ
171,Mark 14:36,Luke 22:42,0.2811,2,απ εμου,6,main_text,0.2857,0.125,0.0,4,0.4444,2,παραφερω ποτηριον,4,λεγω παραφερω πατηρ ποτηριον,0.2701,-0.011,True,λεγω αββα πατηρ πασ δυνατοσ παραφερω ποτηριον ου θελω,λεγω πατηρ βουλομαι παραφερω ποτηριον μη θελημα σοσ γινομαι
172,Mark 14:38,Luke 22:46,0.2234,2,εισ πειρασμον,3,main_text,0.2308,0.1429,0.0,3,0.4286,2,προσευχομαι μη,3,μη πειρασμοσ προσευχομαι,0.2371,0.0137,True,γρηγορεω προσευχομαι μη ερχομαι πειρασμοσ πνευμα προθυμοσ σαρξ ασθενησ,λεγω καθευδω ανιστημι προσευχομαι μη εισερχομαι πειρασμοσ
173,Mark 14:43,Luke 22:47,0.2642,3,ιουδασ εισ δωδεκα,6,main_text,0.3333,0.2727,0.1,5,0.4545,3,ιουδασ εισ δωδεκα,6,δωδεκα εισ ετι ιουδασ λαλεω οχλοσ,0.3315,0.0673,True,ευθυσ ετι λαλεω παραγινομαι ιουδασ εισ δωδεκα οχλοσ μαχαιρα ξυλον αρχιερευσ γραμματευσ πρεσβυτεροσ,ετι λαλεω οχλοσ λεγω ιουδασ εισ δωδεκα προερχομαι εγγιζω ιησουσ φιλεω
174,Mark 14:47,Luke 22:50,0.2941,2,εισ τισ,5,main_text,0.3333,0.0,0.0,3,0.4286,1,εισ,4,αρχιερευσ αφαιρεω δουλοσ εισ,0.2635,-0.0306,False,εισ παριστημι σπαομαι μαχαιρα παιω δουλοσ αρχιερευσ αφαιρεω ωταριον,πατασσω εισ αρχιερευσ δουλοσ αφαιρεω ουσ δεξιοσ
175,Mark 14:48,Luke 22:52,0.4226,5,ωσ ληστην εξηλθατε μαχαιρων ξυλων,6,main_text,0.4615,0.3529,0.2667,5,0.625,4,ληστησ εξερχομαι μαχαιρα ξυλον,6,εξερχομαι ιησουσ λεγω ληστησ μαχαιρα ξυλον,0.4597,0.0371,True,αποκρινομαι ιησουσ λεγω ληστησ εξερχομαι μαχαιρα ξυλον συλλαμβανω,λεγω ιησουσ παραγινομαι αρχιερευσ στρατηγοσ ιεροσ πρεσβυτεροσ ληστησ εξερχομαι μαχαιρα ξυλον
176,Mark 14:72,Luke 22:61,0.2781,3,πριν αλεκτορα φωνησαι,8,main_text,0.3043,0.125,0.0667,6,0.3529,3,πριν αλεκτωρ φωνεω,7,αλεκτωρ απαρνεομαι λεγω πετροσ πριν τρισ φωνεω,0.2695,-0.0086,True,ευθυσ δευτεροσ αλεκτωρ φωνεω αναμιμνησκω πετροσ ρημα λεγω ιησουσ πριν αλεκτωρ φωνεω δισ τρισ απαρνεομαι επιβαλλω κλαιω,στρεφω κυριοσ εμβλεπω πετροσ υπομιμνησκω πετροσ λογοσ κυριοσ ωσ λεγω οτι πριν αλεκτωρ φωνεω σημερον απαρνεομαι τρισ
177,Mark 15:2,Luke 23:3,0.6114,4,βασιλευσ ιουδαιων αποκριθεισ αυτω,6,main_text,0.6667,0.4,0.3077,6,0.75,4,ειμι βασιλευσ ιουδαιοσ αποκρινομαι,6,αποκρινομαι βασιλευσ ειμι ιουδαιοσ λεγω πιλατοσ,0.6006,-0.0108,True,επερωταω πιλατοσ ειμι βασιλευσ ιουδαιοσ αποκρινομαι λεγω λεγω,πιλατοσ ερωταω λεγω ειμι βασιλευσ ιουδαιοσ αποκρινομαι φημι λεγω
178,Mark 15:21,Luke 23:26,0.3451,5,σιμωνα κυρηναιον ερχομενον απ αγρου,6,main_text,0.3125,0.3158,0.2353,5,0.5,4,σιμων κυρηναιοσ ερχομαι αγροσ,5,αγροσ ερχομαι κυρηναιοσ σιμων σταυροσ,0.3555,0.0104,True,αγγαρευω παραγω σιμων κυρηναιοσ ερχομαι αγροσ πατηρ αλεξανδροσ ρουφοσ αιρω σταυροσ,απαγω επιλαμβανομαι σιμων κυρηναιοσ ερχομαι αγροσ επιτιθημι σταυροσ φερω ιησουσ
179,Mark 15:26,Luke 23:38,0.3,2,βασιλευσ ιουδαιων,3,main_text,0.5714,0.2222,0.0,4,0.8,2,βασιλευσ ιουδαιοσ,4,βασιλευσ ειμι επιγραφη ιουδαιοσ,0.4952,0.1952,True,ειμι επιγραφη αιτια επιγραφω βασιλευσ ιουδαιοσ,ειμι και επιγραφη βασιλευσ ιουδαιοσ
180,Mark 15:30,Luke 23:39,0.2433,2,σωσον σεαυτον,2,main_text,0.1,0.0,0.0,1,0.3333,1,σωζω,1,σωζω,0.1192,-0.1241,False,σωζω καταβαινω σταυροσ,εισ κρεμαννυμι κακουργοσ βλασφημεω λεγω ειμι χριστοσ σωζω
181,Mark 15:33,Luke 23:44,0.6525,8,σκοτοσ εγενετο εφ ολην γην εωσ ωρασ ενατησ,8,main_text,0.7,0.7778,0.75,8,0.8889,8,ωρα εκτοσ σκοτοσ γινομαι ολοσ γη ωρα ενατοσ,7,γη γινομαι εκτοσ ενατοσ ολοσ σκοτοσ ωρα,0.7578,0.1053,True,γινομαι ωρα εκτοσ σκοτοσ γινομαι ολοσ γη ωρα ενατοσ,ειμι ηδη ωσει ωρα εκτοσ σκοτοσ γινομαι ολοσ γη ωρα ενατοσ
182,Mark 15:38,Luke 23:45,0.229,2,καταπετασμα ναου,3,main_text,0.3333,0.2,0.0,2,0.3333,2,καταπετασμα ναοσ,3,καταπετασμα ναοσ σχιζω,0.286,0.057,True,καταπετασμα ναοσ σχιζω δυο ανωθεν κατω,ηλιοσ εκλειπω σχιζω καταπετασμα ναοσ μεσοσ
183,Mark 15:43,Luke 23:52,0.2566,3,ητησατο σωμα ιησου,3,main_text,0.2353,0.3158,0.2353,4,0.8,4,πιλατοσ αιτεω σωμα ιησουσ,4,αιτεω ιησουσ πιλατοσ σωμα,0.3642,0.1076,True,ερχομαι ιωσηφ αριμαθαια ευσχημων βουλευτησ και ειμι προσδεχομαι βασιλεια θεοσ τολμαω εισερχομαι πιλατοσ αιτεω σωμα ιησουσ,προσερχομαι πιλατοσ αιτεω σωμα ιησουσ
