minor_agreement_id,mark_ref,matt_ref,luke_ref,agreement_absent_from_mark_count,agreement_absent_from_mark_tokens,mark_omitted_by_both_count,mark_omitted_by_both_tokens,matt_luke_longest_exact_content_run_len,matt_luke_longest_exact_content_run,minor_agreement_strength,agreement_type,possible_implications,formula_or_commonality_risk,matt_text,mark_text,luke_text
ma_0077,Mark 15:43,Matt 27:58,Luke 23:52,3,ουτοσ;πιλατω;προσελθων,13,αριμαθαιασ;αυτοσ;βασιλειαν;βουλευτησ;εισηλθεν;ελθων;ευσχημων;ιωσηφ;οσ;πιλατον;προσ;προσδεχομενοσ;τολμησασ,6,ουτοσ προσελθων πιλατω ητησατο σωμα ιησου,25,lexical_addition_against_mark,pressure on strict independent-use-of-Mark models; possible direct contact/common source/tradition/harmonization,unknown_unfiltered,οὗτος προσελθὼν τῷ Πιλάτῳ ᾐτήσατο τὸ σῶμα τοῦ Ἰησοῦ. τότε ὁ Πιλᾶτος ἐκέλευσεν ⸀ἀποδοθῆναι.,"⸀ἐλθὼν Ἰωσὴφ ⸀ὁ ἀπὸ Ἁριμαθαίας εὐσχήμων βουλευτής, ὃς καὶ αὐτὸς ἦν προσδεχόμενος τὴν βασιλείαν τοῦ θεοῦ, τολμήσας εἰσῆλθεν πρὸς ⸀τὸν Πιλᾶτον καὶ ᾐτήσατο τὸ σῶμα τοῦ Ἰησοῦ.","οὗτος προσελθὼν τῷ Πιλάτῳ ᾐτήσατο τὸ σῶμα τοῦ Ἰησοῦ,"
ma_0110,Mark 8:31,Matt 16:21,Luke 9:22,3,εγερθηναι;ημερα;τριτη,5,αναστηναι;αυτουσ;διδασκειν;ημερασ;τρεισ,7,πρεσβυτερων αρχιερεων γραμματεων αποκτανθηναι τριτη ημερα εγερθηναι,18,lexical_addition_against_mark,pressure on strict independent-use-of-Mark models; possible direct contact/common source/tradition/harmonization,unknown_unfiltered,Ἀπὸ τότε ἤρξατο ⸂ὁ Ἰησοῦς⸃ δεικνύειν τοῖς μαθηταῖς αὐτοῦ ὅτι δεῖ αὐτὸν ⸂εἰς Ἱεροσόλυμα ἀπελθεῖν⸃ καὶ πολλὰ παθεῖν ἀπὸ τῶν πρεσβυτέρων καὶ ἀρχιερέων καὶ γραμματέων καὶ ἀποκτανθῆναι καὶ τῇ τρίτῃ ἡμέρᾳ ἐγερθῆναι.,Καὶ ἤρξατο διδάσκειν αὐτοὺς ὅτι δεῖ τὸν υἱὸν τοῦ ἀνθρώπου πολλὰ παθεῖν καὶ ἀποδοκιμασθῆναι ⸀ὑπὸ τῶν πρεσβυτέρων καὶ τῶν ἀρχιερέων καὶ τῶν γραμματέων καὶ ἀποκτανθῆναι καὶ μετὰ τρεῖς ἡμέρας ἀναστῆναι·,εἰπὼν ὅτι Δεῖ τὸν υἱὸν τοῦ ἀνθρώπου πολλὰ παθεῖν καὶ ἀποδοκιμασθῆναι ἀπὸ τῶν πρεσβυτέρων καὶ ἀρχιερέων καὶ γραμματέων καὶ ἀποκτανθῆναι καὶ τῇ τρίτῃ ἡμέρᾳ ⸀ἐγερθῆναι.
ma_0030,Mark 12:10,Matt 21:42,Luke 20:17,2,αυτοισ;εστιν,3,γραφην;ουδε;ταυτην,8,λιθον απεδοκιμασαν οικοδομουντεσ ουτοσ εγενηθη εισ κεφαλην γωνιασ,15,lexical_addition_against_mark,pressure on strict independent-use-of-Mark models; possible direct contact/common source/tradition/harmonization,unknown_unfiltered,"Λέγει αὐτοῖς ὁ Ἰησοῦς· Οὐδέποτε ἀνέγνωτε ἐν ταῖς γραφαῖς· Λίθον ὃν ἀπεδοκίμασαν οἱ οἰκοδομοῦντες οὗτος ἐγενήθη εἰς κεφαλὴν γωνίας· παρὰ κυρίου ἐγένετο αὕτη, καὶ ἔστιν θαυμαστὴ ἐν ὀφθαλμοῖς ἡμῶν;","οὐδὲ τὴν γραφὴν ταύτην ἀνέγνωτε· Λίθον ὃν ἀπεδοκίμασαν οἱ οἰκοδομοῦντες, οὗτος ἐγενήθη εἰς κεφαλὴν γωνίας·","ὁ δὲ ἐμβλέψας αὐτοῖς εἶπεν· Τί οὖν ἐστιν τὸ γεγραμμένον τοῦτο· Λίθον ὃν ἀπεδοκίμασαν οἱ οἰκοδομοῦντες, οὗτος ἐγενήθη εἰς κεφαλὴν γωνίας;"
ma_0106,Mark 6:41,Matt 14:19,Luke 9:16,0,,4,αυτοισ;εμερισεν;παρατιθωσιν;πασιν,11,λαβων τουσ πεντε αρτουσ τουσ δυο ιχθυασ αναβλεψασ εισ ουρανον ευλογησεν,15,shared_omission_against_mark,pressure on strict independent-use-of-Mark models; possible direct contact/common source/tradition/harmonization,unknown_unfiltered,"καὶ κελεύσας τοὺς ὄχλους ἀνακλιθῆναι ἐπὶ ⸂τοῦ χόρτου⸃, λαβὼν τοὺς πέντε ἄρτους καὶ τοὺς δύο ἰχθύας, ἀναβλέψας εἰς τὸν οὐρανὸν εὐλόγησεν καὶ κλάσας ἔδωκεν τοῖς μαθηταῖς τοὺς ἄρτους οἱ δὲ μαθηταὶ τοῖς ὄχλοις.","καὶ λαβὼν τοὺς πέντε ἄρτους καὶ τοὺς δύο ἰχθύας ἀναβλέψας εἰς τὸν οὐρανὸν εὐλόγησεν καὶ κατέκλασεν τοὺς ἄρτους καὶ ἐδίδου τοῖς μαθηταῖς ⸀αὐτοῦ ἵνα ⸀παρατιθῶσιν αὐτοῖς, καὶ τοὺς δύο ἰχθύας ἐμέρισεν πᾶσιν.",λαβὼν δὲ τοὺς πέντε ἄρτους καὶ τοὺς δύο ἰχθύας ἀναβλέψας εἰς τὸν οὐρανὸν εὐλόγησεν αὐτοὺς καὶ κατέκλασεν καὶ ἐδίδου τοῖς μαθηταῖς ⸀παραθεῖναι τῷ ὄχλῳ.
ma_0102,Mark 4:15,Matt 13:19,Luke 8:12,1,τησ,10,ακουσωσιν;αυτουσ;εισ;ευθυσ;λογοσ;οπου;οταν;ουτοι;σατανασ;σπειρεται,2,λογον τησ,14,lexical_addition_against_mark,pressure on strict independent-use-of-Mark models; possible direct contact/common source/tradition/harmonization,unknown_unfiltered,"παντὸς ἀκούοντος τὸν λόγον τῆς βασιλείας καὶ μὴ συνιέντος, ἔρχεται ὁ πονηρὸς καὶ ἁρπάζει τὸ ἐσπαρμένον ἐν τῇ καρδίᾳ αὐτοῦ· οὗτός ἐστιν ὁ παρὰ τὴν ὁδὸν σπαρείς.","οὗτοι δέ εἰσιν οἱ παρὰ τὴν ὁδὸν ὅπου σπείρεται ὁ λόγος, καὶ ὅταν ἀκούσωσιν ⸀εὐθὺς ἔρχεται ὁ Σατανᾶς καὶ αἴρει τὸν λόγον τὸν ἐσπαρμένον ⸂εἰς αὐτούς⸃.","οἱ δὲ παρὰ τὴν ὁδόν εἰσιν οἱ ⸀ἀκούσαντες, εἶτα ἔρχεται ὁ διάβολος καὶ αἴρει τὸν λόγον ἀπὸ τῆς καρδίας αὐτῶν, ἵνα μὴ πιστεύσαντες σωθῶσιν."
ma_0116,Mark 9:19,Matt 17:17,Luke 9:41,3,διεστραμμενη;ιησουσ;ωδε,1,αυτοισ,7,αποκριθεισ ιησουσ γενεα απιστοσ διεστραμμενη εωσ ποτε,14,lexical_addition_against_mark,pressure on strict independent-use-of-Mark models; possible direct contact/common source/tradition/harmonization,unknown_unfiltered,"ἀποκριθεὶς δὲ ὁ Ἰησοῦς εἶπεν· Ὦ γενεὰ ἄπιστος καὶ διεστραμμένη, ἕως πότε ⸂μεθʼ ὑμῶν ἔσομαι⸃; ἕως πότε ἀνέξομαι ὑμῶν; φέρετέ μοι αὐτὸν ὧδε.","ὁ δὲ ἀποκριθεὶς ⸀αὐτοῖς λέγει· Ὦ γενεὰ ἄπιστος, ἕως πότε πρὸς ὑμᾶς ἔσομαι; ἕως πότε ἀνέξομαι ὑμῶν; φέρετε αὐτὸν πρός με.","ἀποκριθεὶς δὲ ὁ Ἰησοῦς εἶπεν· Ὦ γενεὰ ἄπιστος καὶ διεστραμμένη, ἕως πότε ἔσομαι πρὸς ὑμᾶς καὶ ἀνέξομαι ὑμῶν; προσάγαγε ⸂ὧδε τὸν υἱόν σου⸃."
ma_0112,Mark 8:35,Matt 16:25,Luke 9:24,1,απολεση,1,ευαγγελιου,11,οσ θελη ψυχην σωσαι απολεσει αυτην οσ απολεση ψυχην ενεκεν εμου,14,lexical_addition_against_mark,pressure on strict independent-use-of-Mark models; possible direct contact/common source/tradition/harmonization,unknown_unfiltered,ὃς γὰρ ⸀ἐὰν θέλῃ τὴν ψυχὴν αὐτοῦ σῶσαι ἀπολέσει αὐτήν· ὃς δʼ ἂν ἀπολέσῃ τὴν ψυχὴν αὐτοῦ ἕνεκεν ἐμοῦ εὑρήσει αὐτήν.,ὃς γὰρ ⸀ἐὰν θέλῃ τὴν ⸂ψυχὴν αὐτοῦ⸃ σῶσαι ἀπολέσει αὐτήν· ὃς δʼ ἂν ⸀ἀπολέσει τὴν ⸄ψυχὴν αὐτοῦ⸅ ἕνεκεν ἐμοῦ καὶ τοῦ εὐαγγελίου ⸀σώσει αὐτήν.,"ὃς γὰρ ⸀ἂν θέλῃ τὴν ψυχὴν αὐτοῦ σῶσαι, ἀπολέσει αὐτήν· ὃς δʼ ἂν ἀπολέσῃ τὴν ψυχὴν αὐτοῦ ἕνεκεν ἐμοῦ, οὗτος σώσει αὐτήν."
ma_0080,Mark 1:3,Matt 3:3,Luke 3:4,2,ησαιου;προφητου,0,,9,φωνη βοωντοσ ερημω ετοιμασατε οδον ευθειασ ποιειτε τασ τριβουσ,13,lexical_addition_against_mark,pressure on strict independent-use-of-Mark models; possible direct contact/common source/tradition/harmonization,unknown_unfiltered,"οὗτος γάρ ἐστιν ὁ ῥηθεὶς ⸀διὰ Ἠσαΐου τοῦ προφήτου λέγοντος· Φωνὴ βοῶντος ἐν τῇ ἐρήμῳ· Ἑτοιμάσατε τὴν ὁδὸν κυρίου, εὐθείας ποιεῖτε τὰς τρίβους αὐτοῦ.","φωνὴ βοῶντος ἐν τῇ ἐρήμῳ· Ἑτοιμάσατε τὴν ὁδὸν κυρίου, εὐθείας ποιεῖτε τὰς τρίβους αὐτοῦ,","ὡς γέγραπται ἐν βίβλῳ λόγων Ἠσαΐου τοῦ ⸀προφήτου· Φωνὴ βοῶντος ἐν τῇ ἐρήμῳ· Ἑτοιμάσατε τὴν ὁδὸν κυρίου, εὐθείας ποιεῖτε τὰς τρίβους αὐτοῦ."
ma_0070,Mark 14:72,Matt 26:75,Luke 22:61,0,,10,αλεκτωρ;ανεμνησθη;δευτερου;δισ;εκλαιεν;επιβαλων;ευθυσ;εφωνησεν;ιησουσ;ρημα,3,πριν αλεκτορα φωνησαι,13,shared_omission_against_mark,pressure on strict independent-use-of-Mark models; possible direct contact/common source/tradition/harmonization,unknown_unfiltered,"καὶ ἐμνήσθη ὁ Πέτρος τοῦ ⸀ῥήματος Ἰησοῦ ⸀εἰρηκότος ὅτι Πρὶν ἀλέκτορα φωνῆσαι τρὶς ἀπαρνήσῃ με, καὶ ἐξελθὼν ἔξω ἔκλαυσεν πικρῶς.","καὶ ⸀εὐθὺς ἐκ δευτέρου ἀλέκτωρ ἐφώνησεν· καὶ ἀνεμνήσθη ὁ Πέτρος τὸ ῥῆμα ⸀ὡς εἶπεν αὐτῷ ὁ Ἰησοῦς ὅτι Πρὶν ἀλέκτορα ⸂φωνῆσαι δὶς τρίς με ἀπαρνήσῃ⸃, καὶ ἐπιβαλὼν ἔκλαιεν.","καὶ στραφεὶς ὁ κύριος ἐνέβλεψεν τῷ Πέτρῳ, καὶ ὑπεμνήσθη ὁ Πέτρος τοῦ ⸀λόγου τοῦ κυρίου ὡς εἶπεν αὐτῷ ὅτι Πρὶν ἀλέκτορα φωνῆσαι ⸀σήμερον ἀπαρνήσῃ με τρίς."
ma_0007,Mark 10:21,Matt 19:21,Luke 18:22,1,ουρανοισ,5,εμβλεψασ;ηγαπησεν;ουρανω;τοισ;υστερει,6,πτωχοισ εξεισ θησαυρον ουρανοισ δευρο ακολουθει,13,lexical_addition_against_mark,pressure on strict independent-use-of-Mark models; possible direct contact/common source/tradition/harmonization,unknown_unfiltered,"ἔφη αὐτῷ ὁ Ἰησοῦς· Εἰ θέλεις τέλειος εἶναι, ὕπαγε πώλησόν σου τὰ ὑπάρχοντα καὶ ⸀δὸς πτωχοῖς, καὶ ἕξεις θησαυρὸν ἐν ⸀οὐρανοῖς, καὶ δεῦρο ἀκολούθει μοι.","ὁ δὲ Ἰησοῦς ἐμβλέψας αὐτῷ ἠγάπησεν αὐτὸν καὶ εἶπεν αὐτῷ· Ἕν ⸀σε ὑστερεῖ· ὕπαγε ὅσα ἔχεις πώλησον καὶ δὸς ⸀τοῖς πτωχοῖς, καὶ ἕξεις θησαυρὸν ἐν οὐρανῷ, καὶ δεῦρο ἀκολούθει ⸀μοι.","ἀκούσας ⸀δὲ ὁ Ἰησοῦς εἶπεν αὐτῷ· Ἔτι ἕν σοι λείπει· πάντα ὅσα ἔχεις πώλησον καὶ διάδος πτωχοῖς, καὶ ἕξεις θησαυρὸν ἐν ⸀οὐρανοῖς, καὶ δεῦρο ἀκολούθει μοι."
ma_0044,Mark 12:37,Matt 22:45,Luke 20:44,2,καλει;πωσ,6,αυτοσ;ηδεωσ;ηκουεν;οχλοσ;ποθεν;πολυσ,3,πωσ υιοσ εστιν,13,lexical_addition_against_mark,pressure on strict independent-use-of-Mark models; possible direct contact/common source/tradition/harmonization,unknown_unfiltered,"εἰ οὖν Δαυὶδ καλεῖ αὐτὸν κύριον, πῶς υἱὸς αὐτοῦ ἐστιν;","⸀αὐτὸς Δαυὶδ λέγει αὐτὸν κύριον, καὶ πόθεν ⸂αὐτοῦ ἐστιν υἱός⸃; καὶ ὁ πολὺς ὄχλος ἤκουεν αὐτοῦ ἡδέως.","Δαυὶδ οὖν ⸂αὐτὸν κύριον⸃ καλεῖ, καὶ πῶς ⸂αὐτοῦ υἱός⸃ ἐστιν;"
ma_0093,Mark 2:26,Matt 12:4,Luke 6:4,1,μετ,3,αβιαθαρ;αρχιερεωσ;ουσιν,7,εισηλθεν εισ οικον τουσ αρτουσ τησ προθεσεωσ,12,lexical_addition_against_mark,pressure on strict independent-use-of-Mark models; possible direct contact/common source/tradition/harmonization,unknown_unfiltered,"πῶς εἰσῆλθεν εἰς τὸν οἶκον τοῦ θεοῦ καὶ τοὺς ἄρτους τῆς προθέσεως ⸂ἔφαγον, ὃ⸃ οὐκ ἐξὸν ἦν αὐτῷ φαγεῖν οὐδὲ τοῖς μετʼ αὐτοῦ, εἰ μὴ τοῖς ἱερεῦσιν μόνοις;","⸀πῶς εἰσῆλθεν εἰς τὸν οἶκον τοῦ θεοῦ ἐπὶ Ἀβιαθὰρ ἀρχιερέως καὶ τοὺς ἄρτους τῆς προθέσεως ἔφαγεν, οὓς οὐκ ἔξεστιν φαγεῖν εἰ μὴ ⸂τοὺς ἱερεῖς⸃, καὶ ἔδωκεν καὶ τοῖς σὺν αὐτῷ οὖσιν;","⸀ὡς εἰσῆλθεν εἰς τὸν οἶκον τοῦ θεοῦ καὶ τοὺς ἄρτους τῆς προθέσεως ⸀λαβὼν ἔφαγεν καὶ ⸀ἔδωκεν τοῖς μετʼ αὐτοῦ, οὓς οὐκ ἔξεστιν φαγεῖν εἰ μὴ μόνους τοὺς ἱερεῖς;"
ma_0101,Mark 4:11,Matt 13:11,Luke 8:10,2,γνωναι;μυστηρια,3,γινεται;εξω;μυστηριον,5,δεδοται γνωναι μυστηρια τησ βασιλειασ,12,lexical_addition_against_mark,pressure on strict independent-use-of-Mark models; possible direct contact/common source/tradition/harmonization,unknown_unfiltered,"ὁ δὲ ἀποκριθεὶς εἶπεν ⸀αὐτοῖς· Ὅτι ὑμῖν δέδοται γνῶναι τὰ μυστήρια τῆς βασιλείας τῶν οὐρανῶν, ἐκείνοις δὲ οὐ δέδοται.","καὶ ἔλεγεν αὐτοῖς· Ὑμῖν ⸂τὸ μυστήριον δέδοται⸃ τῆς βασιλείας τοῦ θεοῦ· ἐκείνοις δὲ τοῖς ἔξω ἐν παραβολαῖς τὰ πάντα γίνεται,","ὁ δὲ εἶπεν· Ὑμῖν δέδοται γνῶναι τὰ μυστήρια τῆς βασιλείας τοῦ θεοῦ, τοῖς δὲ λοιποῖς ἐν παραβολαῖς, ἵνα βλέποντες μὴ βλέπωσιν καὶ ἀκούοντες μὴ συνιῶσιν."
ma_0105,Mark 6:37,Matt 14:16,Luke 9:13,0,,8,απελθοντεσ;αποκριθεισ;αρτουσ;αυτω;δηναριων;διακοσιων;δωσομεν;λεγουσιν,4,δοτε αυτοισ υμεισ φαγειν,12,shared_omission_against_mark,pressure on strict independent-use-of-Mark models; possible direct contact/common source/tradition/harmonization,unknown_unfiltered,ὁ δὲ Ἰησοῦς εἶπεν αὐτοῖς· Οὐ χρείαν ἔχουσιν ἀπελθεῖν· δότε αὐτοῖς ὑμεῖς φαγεῖν.,ὁ δὲ ἀποκριθεὶς εἶπεν αὐτοῖς· Δότε αὐτοῖς ὑμεῖς φαγεῖν. καὶ λέγουσιν αὐτῷ· Ἀπελθόντες ἀγοράσωμεν δηναρίων διακοσίων ἄρτους καὶ ⸀δώσομεν αὐτοῖς φαγεῖν;,"εἶπεν δὲ πρὸς αὐτούς· Δότε αὐτοῖς ⸂ὑμεῖς φαγεῖν⸃. οἱ δὲ εἶπαν· Οὐκ εἰσὶν ἡμῖν πλεῖον ἢ ⸂ἄρτοι πέντε⸃ καὶ ἰχθύες δύο, εἰ μήτι πορευθέντες ἡμεῖς ἀγοράσωμεν εἰς πάντα τὸν λαὸν τοῦτον βρώματα."
ma_0081,Mark 1:40,Matt 8:2,Luke 5:12,2,ιδου;κυριε,4,γονυπετων;ερχεται;παρακαλων;προσ,4,κυριε θελησ δυνασαι καθαρισαι,12,lexical_addition_against_mark,pressure on strict independent-use-of-Mark models; possible direct contact/common source/tradition/harmonization,unknown_unfiltered,"καὶ ἰδοὺ λεπρὸς ⸀προσελθὼν προσεκύνει αὐτῷ λέγων· Κύριε, ἐὰν θέλῃς δύνασαί με καθαρίσαι.",Καὶ ἔρχεται πρὸς αὐτὸν λεπρὸς παρακαλῶν αὐτὸν καὶ ⸀γονυπετῶν λέγων αὐτῷ ὅτι Ἐὰν θέλῃς δύνασαί με καθαρίσαι.,"Καὶ ἐγένετο ἐν τῷ εἶναι αὐτὸν ἐν μιᾷ τῶν πόλεων καὶ ἰδοὺ ἀνὴρ πλήρης λέπρας· ⸂καὶ ἰδὼν⸃ τὸν Ἰησοῦν πεσὼν ἐπὶ πρόσωπον ἐδεήθη αὐτοῦ λέγων· Κύριε, ἐὰν θέλῃς δύνασαί με καθαρίσαι."
ma_0031,Mark 12:14,Matt 22:16,Luke 20:21,1,λεγοντεσ,7,δουναι;δωμεν;ελθοντεσ;εξεστιν;καισαρι;κηνσον;λεγουσιν,3,λεγοντεσ διδασκαλε οιδαμεν,12,lexical_addition_against_mark,pressure on strict independent-use-of-Mark models; possible direct contact/common source/tradition/harmonization,unknown_unfiltered,"καὶ ἀποστέλλουσιν αὐτῷ τοὺς μαθητὰς αὐτῶν μετὰ τῶν Ἡρῳδιανῶν ⸀λέγοντες· Διδάσκαλε, οἴδαμεν ὅτι ἀληθὴς εἶ καὶ τὴν ὁδὸν τοῦ θεοῦ ἐν ἀληθείᾳ διδάσκεις, καὶ οὐ μέλει σοι περὶ οὐδενός, οὐ γὰρ βλέπεις εἰς πρόσωπον ἀνθρώπων·","⸀καὶ ἐλθόντες λέγουσιν αὐτῷ· Διδάσκαλε, οἴδαμεν ὅτι ἀληθὴς εἶ καὶ οὐ μέλει σοι περὶ οὐδενός, οὐ γὰρ βλέπεις εἰς πρόσωπον ἀνθρώπων, ἀλλʼ ἐπʼ ἀληθείας τὴν ὁδὸν τοῦ θεοῦ διδάσκεις· ἔξεστιν ⸂δοῦναι κῆνσον Καίσαρι⸃ ἢ οὔ; δῶμεν ἢ μὴ δῶμεν;","καὶ ἐπηρώτησαν αὐτὸν λέγοντες· Διδάσκαλε, οἴδαμεν ὅτι ὀρθῶς λέγεις καὶ διδάσκεις καὶ οὐ λαμβάνεις πρόσωπον, ἀλλʼ ἐπʼ ἀληθείας τὴν ὁδὸν τοῦ θεοῦ διδάσκεις·"
ma_0022,Mark 11:2,Matt 21:2,Luke 19:30,2,αγαγετε;λυσαντεσ,5,αυτην;ευθυσ;λυσατε;ουπω;φερετε,2,λυσαντεσ αγαγετε,11,lexical_addition_against_mark,pressure on strict independent-use-of-Mark models; possible direct contact/common source/tradition/harmonization,unknown_unfiltered,"λέγων αὐτοῖς· ⸀Πορεύεσθε εἰς τὴν κώμην τὴν ⸀κατέναντι ὑμῶν, καὶ ⸀εὐθέως εὑρήσετε ὄνον δεδεμένην καὶ πῶλον μετʼ αὐτῆς· λύσαντες ⸀ἀγάγετέ μοι.","καὶ λέγει αὐτοῖς· Ὑπάγετε εἰς τὴν κώμην τὴν κατέναντι ὑμῶν, καὶ ⸀εὐθὺς εἰσπορευόμενοι εἰς αὐτὴν εὑρήσετε πῶλον δεδεμένον ἐφʼ ὃν οὐδεὶς ⸀οὔπω ἀνθρώπων ⸀ἐκάθισεν· ⸂λύσατε αὐτὸν καὶ φέρετε⸃.","⸀λέγων· Ὑπάγετε εἰς τὴν κατέναντι κώμην, ἐν ᾗ εἰσπορευόμενοι εὑρήσετε πῶλον δεδεμένον, ἐφʼ ὃν οὐδεὶς πώποτε ἀνθρώπων ἐκάθισεν, ⸀καὶ λύσαντες αὐτὸν ἀγάγετε."
ma_0088,Mark 2:21,Matt 9:16,Luke 5:36,3,επιβαλλει;ιματιου;παλαιω,3,απ;επιραπτει;παλαιου,1,ουδεισ,10,lexical_addition_against_mark,pressure on strict independent-use-of-Mark models; possible direct contact/common source/tradition/harmonization,unknown_unfiltered,"οὐδεὶς δὲ ἐπιβάλλει ἐπίβλημα ῥάκους ἀγνάφου ἐπὶ ἱματίῳ παλαιῷ· αἴρει γὰρ τὸ πλήρωμα αὐτοῦ ἀπὸ τοῦ ἱματίου, καὶ χεῖρον σχίσμα γίνεται.","⸀Οὐδεὶς ἐπίβλημα ῥάκους ἀγνάφου ἐπιράπτει ἐπὶ ⸂ἱμάτιον παλαιόν⸃· εἰ δὲ μή, αἴρει τὸ πλήρωμα ⸀ἀπʼ αὐτοῦ τὸ καινὸν τοῦ παλαιοῦ, καὶ χεῖρον σχίσμα γίνεται.","ἔλεγεν δὲ καὶ παραβολὴν πρὸς αὐτοὺς ὅτι Οὐδεὶς ἐπίβλημα ⸀ἀπὸ ἱματίου καινοῦ ⸀σχίσας ἐπιβάλλει ἐπὶ ἱμάτιον παλαιόν· εἰ δὲ μήγε, καὶ τὸ καινὸν ⸀σχίσει καὶ τῷ παλαιῷ οὐ ⸂συμφωνήσει τὸ ἐπίβλημα⸃ τὸ ἀπὸ τοῦ καινοῦ."
ma_0033,Mark 12:19,Matt 22:24,Luke 20:28,2,εχων;λεγοντεσ,3,αφη;καταλιπη;τεκνον,3,λεγοντεσ διδασκαλε μωυσησ,10,lexical_addition_against_mark,pressure on strict independent-use-of-Mark models; possible direct contact/common source/tradition/harmonization,unknown_unfiltered,"λέγοντες· Διδάσκαλε, Μωϋσῆς εἶπεν· Ἐάν τις ἀποθάνῃ μὴ ἔχων τέκνα, ἐπιγαμβρεύσει ὁ ἀδελφὸς αὐτοῦ τὴν γυναῖκα αὐτοῦ καὶ ἀναστήσει σπέρμα τῷ ἀδελφῷ αὐτοῦ.","Διδάσκαλε, Μωϋσῆς ἔγραψεν ἡμῖν ὅτι ἐάν τινος ἀδελφὸς ἀποθάνῃ καὶ καταλίπῃ γυναῖκα καὶ ⸂μὴ ἀφῇ τέκνον⸃, ἵνα λάβῃ ὁ ἀδελφὸς αὐτοῦ τὴν ⸀γυναῖκα καὶ ἐξαναστήσῃ σπέρμα τῷ ἀδελφῷ αὐτοῦ.","λέγοντες· Διδάσκαλε, Μωϋσῆς ἔγραψεν ἡμῖν, ἐάν τινος ἀδελφὸς ἀποθάνῃ ἔχων γυναῖκα, καὶ οὗτος ἄτεκνος ⸀ᾖ, ἵνα λάβῃ ὁ ἀδελφὸς αὐτοῦ τὴν γυναῖκα καὶ ἐξαναστήσῃ σπέρμα τῷ ἀδελφῷ αὐτοῦ."
ma_0015,Mark 10:46,Matt 20:29,Luke 18:35,0,,9,βαρτιμαιοσ;εκπορευομενου;ερχονται;ικανου;μαθητων;οχλου;προσαιτησ;τιμαιου;υιοσ,1,ιεριχω,10,shared_omission_against_mark,pressure on strict independent-use-of-Mark models; possible direct contact/common source/tradition/harmonization,unknown_unfiltered,Καὶ ἐκπορευομένων αὐτῶν ἀπὸ Ἰεριχὼ ἠκολούθησεν αὐτῷ ὄχλος πολύς.,Καὶ ἔρχονται εἰς Ἰεριχώ. καὶ ἐκπορευομένου αὐτοῦ ἀπὸ Ἰεριχὼ καὶ τῶν μαθητῶν αὐτοῦ καὶ ὄχλου ἱκανοῦ ⸀ὁ υἱὸς Τιμαίου Βαρτιμαῖος ⸀τυφλὸς ⸂προσαίτης ἐκάθητο παρὰ τὴν ὁδόν⸃.,Ἐγένετο δὲ ἐν τῷ ἐγγίζειν αὐτὸν εἰς Ἰεριχὼ τυφλός τις ἐκάθητο παρὰ τὴν ὁδὸν ⸀ἐπαιτῶν.
ma_0118,Mark 9:7,Matt 17:5,Luke 9:35,1,λεγουσα,2,αυτοισ;επισκιαζουσα,6,τησ νεφελησ λεγουσα ουτοσ εστιν υιοσ,10,lexical_addition_against_mark,pressure on strict independent-use-of-Mark models; possible direct contact/common source/tradition/harmonization,unknown_unfiltered,"ἔτι αὐτοῦ λαλοῦντος ἰδοὺ νεφέλη φωτεινὴ ἐπεσκίασεν αὐτούς, καὶ ἰδοὺ φωνὴ ἐκ τῆς νεφέλης λέγουσα· Οὗτός ἐστιν ὁ υἱός μου ὁ ἀγαπητός, ἐν ᾧ εὐδόκησα· ⸂ἀκούετε αὐτοῦ⸃.","καὶ ἐγένετο νεφέλη ἐπισκιάζουσα αὐτοῖς, καὶ ⸀ἐγένετο φωνὴ ἐκ τῆς νεφέλης· Οὗτός ἐστιν ὁ υἱός μου ὁ ἀγαπητός, ⸂ἀκούετε αὐτοῦ⸃.","καὶ φωνὴ ἐγένετο ἐκ τῆς νεφέλης λέγουσα· Οὗτός ἐστιν ὁ υἱός μου ὁ ⸀ἐκλελεγμένος, αὐτοῦ ἀκούετε."
ma_0046,Mark 12:7,Matt 21:38,Luke 20:14,1,ιδοντεσ,4,εαυτουσ;ειπαν;εκεινοι;εσται,3,ουτοσ εστιν κληρονομοσ,9,lexical_addition_against_mark,pressure on strict independent-use-of-Mark models; possible direct contact/common source/tradition/harmonization,unknown_unfiltered,οἱ δὲ γεωργοὶ ἰδόντες τὸν υἱὸν εἶπον ἐν ἑαυτοῖς· Οὗτός ἐστιν ὁ κληρονόμος· δεῦτε ἀποκτείνωμεν αὐτὸν καὶ ⸀σχῶμεν τὴν κληρονομίαν αὐτοῦ·,"ἐκεῖνοι δὲ οἱ γεωργοὶ ⸂πρὸς ἑαυτοὺς εἶπαν⸃ ὅτι Οὗτός ἐστιν ὁ κληρονόμος· δεῦτε ἀποκτείνωμεν αὐτόν, καὶ ἡμῶν ἔσται ἡ κληρονομία.","ἰδόντες δὲ αὐτὸν οἱ γεωργοὶ διελογίζοντο πρὸς ⸀ἀλλήλους λέγοντες· Οὗτός ἐστιν ὁ κληρονόμος· ⸀ἀποκτείνωμεν αὐτόν, ἵνα ἡμῶν γένηται ἡ κληρονομία·"
ma_0061,Mark 14:12,Matt 26:17,Luke 22:9,0,,6,απελθοντεσ;εθυον;ημερα;λεγουσιν;οτε;φαγησ,3,που θελεισ ετοιμασωμεν,9,shared_omission_against_mark,pressure on strict independent-use-of-Mark models; possible direct contact/common source/tradition/harmonization,unknown_unfiltered,Τῇ δὲ πρώτῃ τῶν ἀζύμων προσῆλθον οἱ μαθηταὶ τῷ Ἰησοῦ ⸀λέγοντες· Ποῦ θέλεις ⸀ἑτοιμάσωμέν σοι φαγεῖν τὸ πάσχα;,"Καὶ τῇ πρώτῃ ἡμέρᾳ τῶν ἀζύμων, ὅτε τὸ πάσχα ἔθυον, λέγουσιν αὐτῷ οἱ μαθηταὶ αὐτοῦ· Ποῦ θέλεις ἀπελθόντες ἑτοιμάσωμεν ἵνα φάγῃς τὸ πάσχα;",οἱ δὲ εἶπαν αὐτῷ· Ποῦ θέλεις ⸀ἑτοιμάσωμεν;
ma_0079,Mark 1:21,Matt 4:23,Luke 4:31,2,διδασκων;τησ,4,εδιδασκεν;εισπορευονται;ευθυσ;συναγωγην,1,διδασκων,9,lexical_addition_against_mark,pressure on strict independent-use-of-Mark models; possible direct contact/common source/tradition/harmonization,unknown_unfiltered,"Καὶ περιῆγεν ⸂ἐν ὅλῃ τῇ Γαλιλαίᾳ⸃, διδάσκων ἐν ταῖς συναγωγαῖς αὐτῶν καὶ κηρύσσων τὸ εὐαγγέλιον τῆς βασιλείας καὶ θεραπεύων πᾶσαν νόσον καὶ πᾶσαν μαλακίαν ἐν τῷ λαῷ.",Καὶ εἰσπορεύονται εἰς Καφαρναούμ. καὶ ⸀εὐθὺς τοῖς σάββασιν ⸂ἐδίδασκεν εἰς τὴν συναγωγήν⸃.,Καὶ κατῆλθεν εἰς Καφαρναοὺμ πόλιν τῆς Γαλιλαίας. καὶ ἦν διδάσκων αὐτοὺς ἐν τοῖς σάββασιν·
ma_0049,Mark 13:17,Matt 24:19,Luke 21:23,0,,0,,9,ουαι ταισ γαστρι εχουσαισ ταισ θηλαζουσαισ εκειναισ ταισ ημεραισ,9,shared_omission_against_mark,pressure on strict independent-use-of-Mark models; possible direct contact/common source/tradition/harmonization,unknown_unfiltered,οὐαὶ δὲ ταῖς ἐν γαστρὶ ἐχούσαις καὶ ταῖς θηλαζούσαις ἐν ἐκείναις ταῖς ἡμέραις.,οὐαὶ δὲ ταῖς ἐν γαστρὶ ἐχούσαις καὶ ταῖς θηλαζούσαις ἐν ἐκείναις ταῖς ἡμέραις.,"⸀οὐαὶ ταῖς ἐν γαστρὶ ἐχούσαις καὶ ταῖς θηλαζούσαις ἐν ἐκείναις ταῖς ἡμέραις· ἔσται γὰρ ἀνάγκη μεγάλη ἐπὶ τῆς γῆς καὶ ⸀ὀργὴ τῷ λαῷ τούτῳ,"
ma_0029,Mark 12:1,Matt 21:33,Luke 20:9,1,παραβολην,4,αυτοισ;λαλειν;παραβολαισ;υποληνιον,3,εξεδετο γεωργοισ απεδημησεν,9,lexical_addition_against_mark,pressure on strict independent-use-of-Mark models; possible direct contact/common source/tradition/harmonization,unknown_unfiltered,"Ἄλλην παραβολὴν ἀκούσατε. ⸀Ἄνθρωπος ἦν οἰκοδεσπότης ὅστις ἐφύτευσεν ἀμπελῶνα καὶ φραγμὸν αὐτῷ περιέθηκεν καὶ ὤρυξεν ἐν αὐτῷ ληνὸν καὶ ᾠκοδόμησεν πύργον, καὶ ἐξέδετο αὐτὸν γεωργοῖς, καὶ ἀπεδήμησεν.","Καὶ ἤρξατο αὐτοῖς ἐν παραβολαῖς ⸀λαλεῖν· Ἀμπελῶνα ⸂ἄνθρωπος ἐφύτευσεν⸃, καὶ περιέθηκεν φραγμὸν καὶ ὤρυξεν ὑπολήνιον καὶ ᾠκοδόμησεν πύργον, καὶ ἐξέδετο αὐτὸν γεωργοῖς, καὶ ἀπεδήμησεν.","Ἤρξατο δὲ πρὸς τὸν λαὸν λέγειν τὴν παραβολὴν ταύτην· ⸀Ἄνθρωπος ἐφύτευσεν ἀμπελῶνα, καὶ ἐξέδετο αὐτὸν γεωργοῖς, καὶ ἀπεδήμησεν χρόνους ἱκανούς."
ma_0023,Mark 11:28,Matt 21:23,Luke 20:2,1,λεγοντεσ,2,ελεγον;ποιησ,5,ποια εξουσια ταυτα ποιεισ τισ,9,lexical_addition_against_mark,pressure on strict independent-use-of-Mark models; possible direct contact/common source/tradition/harmonization,unknown_unfiltered,Καὶ ⸂ἐλθόντος αὐτοῦ⸃ εἰς τὸ ἱερὸν προσῆλθον αὐτῷ διδάσκοντι οἱ ἀρχιερεῖς καὶ οἱ πρεσβύτεροι τοῦ λαοῦ λέγοντες· Ἐν ποίᾳ ἐξουσίᾳ ταῦτα ποιεῖς; καὶ τίς σοι ἔδωκεν τὴν ἐξουσίαν ταύτην;,καὶ ⸀ἔλεγον αὐτῷ· Ἐν ποίᾳ ἐξουσίᾳ ταῦτα ποιεῖς; ⸀ἢ τίς σοι ⸂ἔδωκεν τὴν ἐξουσίαν ταύτην⸃ ἵνα ταῦτα ποιῇς;,"καὶ εἶπαν ⸂λέγοντες πρὸς αὐτόν⸃· Εἰπὸν ἡμῖν ἐν ποίᾳ ἐξουσίᾳ ταῦτα ποιεῖς, ἢ τίς ἐστιν ὁ δούς σοι τὴν ἐξουσίαν ταύτην;"
ma_0082,Mark 1:41,Matt 8:3,Luke 5:13,2,ευθεωσ;λεπρα,2,αυτω;οργισθεισ,3,εκτεινασ χειρα ηψατο,9,lexical_addition_against_mark,pressure on strict independent-use-of-Mark models; possible direct contact/common source/tradition/harmonization,unknown_unfiltered,"καὶ ἐκτείνας τὴν χεῖρα ἥψατο ⸀αὐτοῦ λέγων· Θέλω, καθαρίσθητι· καὶ εὐθέως ἐκαθαρίσθη αὐτοῦ ἡ λέπρα.","⸀καὶ ⸀ὀργισθεὶς ἐκτείνας τὴν χεῖρα ⸂αὐτοῦ ἥψατο⸃ καὶ λέγει αὐτῷ· Θέλω, καθαρίσθητι·","καὶ ἐκτείνας τὴν χεῖρα ἥψατο αὐτοῦ ⸀εἰπών· Θέλω, καθαρίσθητι· καὶ εὐθέως ἡ λέπρα ἀπῆλθεν ἀπʼ αὐτοῦ."
ma_0087,Mark 2:20,Matt 9:15,Luke 5:35,0,,2,εκεινη;ημερα,7,ελευσονται ημεραι οταν απαρθη απ νυμφιοσ νηστευσουσιν,9,shared_omission_against_mark,pressure on strict independent-use-of-Mark models; possible direct contact/common source/tradition/harmonization,unknown_unfiltered,"καὶ εἶπεν αὐτοῖς ὁ Ἰησοῦς· Μὴ δύνανται οἱ υἱοὶ τοῦ νυμφῶνος πενθεῖν ἐφʼ ὅσον μετʼ αὐτῶν ἐστιν ὁ νυμφίος; ἐλεύσονται δὲ ἡμέραι ὅταν ἀπαρθῇ ἀπʼ αὐτῶν ὁ νυμφίος, καὶ τότε νηστεύσουσιν.","ἐλεύσονται δὲ ἡμέραι ὅταν ἀπαρθῇ ἀπʼ αὐτῶν ὁ νυμφίος, καὶ τότε νηστεύσουσιν ἐν ⸂ἐκείνῃ τῇ ἡμέρᾳ⸃.","ἐλεύσονται δὲ ἡμέραι, καὶ ὅταν ἀπαρθῇ ἀπʼ αὐτῶν ὁ νυμφίος τότε νηστεύσουσιν ἐν ἐκείναις ταῖς ἡμέραις."
ma_0096,Mark 2:8,Matt 9:4,Luke 5:22,0,,7,αυτοισ;διαλογιζονται;εαυτοισ;ευθυσ;ουτωσ;πνευματι;ταυτα,2,ταισ καρδιαισ,9,shared_omission_against_mark,pressure on strict independent-use-of-Mark models; possible direct contact/common source/tradition/harmonization,unknown_unfiltered,καὶ ⸀εἰδὼς ὁ Ἰησοῦς τὰς ἐνθυμήσεις αὐτῶν εἶπεν· ⸀Ἱνατί ἐνθυμεῖσθε πονηρὰ ἐν ταῖς καρδίαις ὑμῶν;,καὶ ⸀εὐθὺς ἐπιγνοὺς ὁ Ἰησοῦς τῷ πνεύματι αὐτοῦ ὅτι ⸀οὕτως διαλογίζονται ἐν ἑαυτοῖς ⸀λέγει αὐτοῖς· Τί ταῦτα διαλογίζεσθε ἐν ταῖς καρδίαις ὑμῶν;,ἐπιγνοὺς δὲ ὁ Ἰησοῦς τοὺς διαλογισμοὺς αὐτῶν ἀποκριθεὶς εἶπεν πρὸς αὐτούς· Τί διαλογίζεσθε ἐν ταῖς καρδίαις ὑμῶν;
ma_0067,Mark 14:43,Matt 26:47,Luke 22:47,1,ιδου,3,γραμματεων;ευθυσ;παραγινεται,3,ετι λαλουντοσ ιδου,8,lexical_addition_against_mark,pressure on strict independent-use-of-Mark models; possible direct contact/common source/tradition/harmonization,unknown_unfiltered,Καὶ ἔτι αὐτοῦ λαλοῦντος ἰδοὺ Ἰούδας εἷς τῶν δώδεκα ἦλθεν καὶ μετʼ αὐτοῦ ὄχλος πολὺς μετὰ μαχαιρῶν καὶ ξύλων ἀπὸ τῶν ἀρχιερέων καὶ πρεσβυτέρων τοῦ λαοῦ.,Καὶ ⸀εὐθὺς ἔτι αὐτοῦ λαλοῦντος παραγίνεται ⸀Ἰούδας ⸀εἷς τῶν δώδεκα καὶ μετʼ αὐτοῦ ⸀ὄχλος μετὰ μαχαιρῶν καὶ ξύλων παρὰ τῶν ἀρχιερέων καὶ τῶν γραμματέων καὶ τῶν πρεσβυτέρων.,"⸀Ἔτι αὐτοῦ λαλοῦντος ἰδοὺ ὄχλος, καὶ ὁ λεγόμενος Ἰούδας εἷς τῶν δώδεκα προήρχετο αὐτούς, καὶ ἤγγισεν τῷ Ἰησοῦ φιλῆσαι αὐτόν."
ma_0113,Mark 8:36,Matt 16:26,Luke 9:25,1,ανθρωποσ,4,ανθρωπον;ζημιωθηναι;κερδησαι;ωφελει,2,κοσμον ολον,8,lexical_addition_against_mark,pressure on strict independent-use-of-Mark models; possible direct contact/common source/tradition/harmonization,unknown_unfiltered,τί γὰρ ⸀ὠφεληθήσεται ἄνθρωπος ἐὰν τὸν κόσμον ὅλον κερδήσῃ τὴν δὲ ψυχὴν αὐτοῦ ζημιωθῇ; ἢ τί δώσει ἄνθρωπος ἀντάλλαγμα τῆς ψυχῆς αὐτοῦ;,τί γὰρ ⸀ὠφελεῖ ⸀ἄνθρωπον ⸂κερδῆσαι τὸν κόσμον ὅλον καὶ ζημιωθῆναι⸃ τὴν ψυχὴν αὐτοῦ;,τί γὰρ ὠφελεῖται ἄνθρωπος κερδήσας τὸν κόσμον ὅλον ἑαυτὸν δὲ ἀπολέσας ἢ ζημιωθείς;
ma_0100,Mark 3:5,Matt 12:13,Luke 6:10,0,,6,καρδιασ;μετ;οργησ;πωρωσει;συλλυπουμενοσ;τησ,2,εκτεινον χειρα,8,shared_omission_against_mark,pressure on strict independent-use-of-Mark models; possible direct contact/common source/tradition/harmonization,unknown_unfiltered,"τότε λέγει τῷ ἀνθρώπῳ· Ἔκτεινόν ⸂σου τὴν χεῖρα⸃· καὶ ἐξέτεινεν, καὶ ἀπεκατεστάθη ὑγιὴς ὡς ἡ ἄλλη.","καὶ περιβλεψάμενος αὐτοὺς μετʼ ὀργῆς, συλλυπούμενος ἐπὶ τῇ πωρώσει τῆς καρδίας αὐτῶν, λέγει τῷ ἀνθρώπῳ· Ἔκτεινον τὴν ⸀χεῖρα· καὶ ἐξέτεινεν, καὶ ἀπεκατεστάθη ἡ χεὶρ ⸀αὐτοῦ.","καὶ περιβλεψάμενος πάντας αὐτοὺς εἶπεν αὐτῷ· Ἔκτεινον τὴν χεῖρά σου· ὁ δὲ ἐποίησεν, καὶ ἀπεκατεστάθη ἡ χεὶρ ⸀αὐτοῦ."
ma_0084,Mark 2:10,Matt 9:6,Luke 5:24,2,εισ;οικον,0,,4,τησ γησ αφιεναι αμαρτιασ,8,lexical_addition_against_mark,pressure on strict independent-use-of-Mark models; possible direct contact/common source/tradition/harmonization,unknown_unfiltered,ἵνα δὲ εἰδῆτε ὅτι ἐξουσίαν ἔχει ὁ υἱὸς τοῦ ἀνθρώπου ἐπὶ τῆς γῆς ἀφιέναι ἁμαρτίας— τότε λέγει τῷ παραλυτικῷ· ⸀Ἐγερθεὶς ἆρόν σου τὴν κλίνην καὶ ὕπαγε εἰς τὸν οἶκόν σου.,ἵνα δὲ εἰδῆτε ὅτι ἐξουσίαν ἔχει ὁ υἱὸς τοῦ ἀνθρώπου ⸂ἐπὶ τῆς γῆς ἀφιέναι ἁμαρτίας⸃— λέγει τῷ παραλυτικῷ·,"ἵνα δὲ εἰδῆτε ὅτι ⸂ὁ υἱὸς τοῦ ἀνθρώπου ἐξουσίαν ἔχει⸃ ἐπὶ τῆς γῆς ἀφιέναι ἁμαρτίας— εἶπεν τῷ παραλελυμένῳ· Σοὶ λέγω, ⸀ἔγειρε καὶ ἄρας τὸ κλινίδιόν σου πορεύου εἰς τὸν οἶκόν σου."
ma_0107,Mark 8:28,Matt 16:14,Luke 9:19,0,,3,αυτω;εισ;λεγοντεσ,5,ειπαν ιωαννην βαπτιστην αλλοι ηλιαν,8,shared_omission_against_mark,pressure on strict independent-use-of-Mark models; possible direct contact/common source/tradition/harmonization,unknown_unfiltered,"οἱ δὲ εἶπαν· Οἱ μὲν Ἰωάννην τὸν βαπτιστήν, ἄλλοι δὲ Ἠλίαν, ἕτεροι δὲ Ἰερεμίαν ἢ ἕνα τῶν προφητῶν.","οἱ δὲ ⸂εἶπαν αὐτῷ λέγοντες⸃ ⸀ὅτι Ἰωάννην τὸν βαπτιστήν, καὶ ἄλλοι Ἠλίαν, ἄλλοι δὲ ⸂ὅτι εἷς⸃ τῶν προφητῶν.","οἱ δὲ ἀποκριθέντες εἶπαν· Ἰωάννην τὸν βαπτιστήν, ἄλλοι δὲ Ἠλίαν, ἄλλοι δὲ ὅτι προφήτης τις τῶν ἀρχαίων ἀνέστη."
ma_0040,Mark 12:26,Matt 22:31,Luke 20:37,1,τησ,5,αυτω;βιβλω;θεοσ;μωυσεωσ;πωσ,1,τησ,8,lexical_addition_against_mark,pressure on strict independent-use-of-Mark models; possible direct contact/common source/tradition/harmonization,unknown_unfiltered,περὶ δὲ τῆς ἀναστάσεως τῶν νεκρῶν οὐκ ἀνέγνωτε τὸ ῥηθὲν ὑμῖν ὑπὸ τοῦ θεοῦ λέγοντος·,περὶ δὲ τῶν νεκρῶν ὅτι ἐγείρονται οὐκ ἀνέγνωτε ἐν τῇ βίβλῳ Μωϋσέως ἐπὶ τοῦ βάτου ⸀πῶς εἶπεν αὐτῷ ὁ θεὸς λέγων· Ἐγὼ ὁ θεὸς Ἀβραὰμ καὶ ⸂ὁ θεὸς Ἰσαὰκ καὶ ὁ⸃ θεὸς Ἰακώβ;,"ὅτι δὲ ἐγείρονται οἱ νεκροὶ καὶ Μωϋσῆς ἐμήνυσεν ἐπὶ τῆς βάτου, ὡς λέγει κύριον τὸν θεὸν Ἀβραὰμ ⸀καὶ θεὸν Ἰσαὰκ ⸁καὶ θεὸν Ἰακώβ·"
ma_0053,Mark 13:30,Matt 24:34,Luke 21:32,1,εωσ,1,μεχρισ,5,αμην λεγω παρελθη γενεα εωσ,8,lexical_addition_against_mark,pressure on strict independent-use-of-Mark models; possible direct contact/common source/tradition/harmonization,unknown_unfiltered,ἀμὴν λέγω ὑμῖν ⸀ὅτι οὐ μὴ παρέλθῃ ἡ γενεὰ αὕτη ἕως ἂν πάντα ταῦτα γένηται.,ἀμὴν λέγω ὑμῖν ὅτι οὐ μὴ παρέλθῃ ἡ γενεὰ αὕτη μέχρις οὗ ⸂ταῦτα πάντα⸃ γένηται.,ἀμὴν λέγω ὑμῖν ὅτι οὐ μὴ παρέλθῃ ἡ γενεὰ αὕτη ἕως ἂν πάντα γένηται.
ma_0039,Mark 12:25,Matt 22:30,Luke 20:35,0,,4,αναστωσιν;οταν;ουρανοισ;τοισ,4,ουτε γαμουσιν ουτε γαμιζονται,8,shared_omission_against_mark,pressure on strict independent-use-of-Mark models; possible direct contact/common source/tradition/harmonization,unknown_unfiltered,"ἐν γὰρ τῇ ἀναστάσει οὔτε γαμοῦσιν οὔτε ⸀γαμίζονται, ἀλλʼ ὡς ἄγγελοι ⸀θεοῦ ἐν ⸀τῷ οὐρανῷ εἰσιν·","ὅταν γὰρ ἐκ νεκρῶν ἀναστῶσιν, οὔτε γαμοῦσιν οὔτε ⸀γαμίζονται, ἀλλʼ εἰσὶν ὡς ⸀ἄγγελοι ἐν τοῖς οὐρανοῖς·",οἱ δὲ καταξιωθέντες τοῦ αἰῶνος ἐκείνου τυχεῖν καὶ τῆς ἀναστάσεως τῆς ἐκ νεκρῶν οὔτε γαμοῦσιν οὔτε ⸀γαμίζονται·
ma_0043,Mark 12:36,Matt 22:44,Luke 20:43,0,,4,αγιω;αυτοσ;δαυιδ;πνευματι,4,εωσ θω τουσ εχθρουσ,8,shared_omission_against_mark,pressure on strict independent-use-of-Mark models; possible direct contact/common source/tradition/harmonization,unknown_unfiltered,⸀Εἶπεν κύριος τῷ κυρίῳ μου· Κάθου ἐκ δεξιῶν μου ἕως ἂν θῶ τοὺς ἐχθρούς σου ⸀ὑποκάτω τῶν ποδῶν σου;,⸀αὐτὸς Δαυὶδ εἶπεν ἐν ⸂τῷ πνεύματι τῷ⸃ ἁγίῳ· ⸀Εἶπεν ⸀κύριος τῷ κυρίῳ μου· ⸀Κάθου ἐκ δεξιῶν μου ἕως ἂν θῶ τοὺς ἐχθρούς σου ⸀ὑποκάτω τῶν ποδῶν σου.,ἕως ἂν θῶ τοὺς ἐχθρούς σου ὑποπόδιον τῶν ποδῶν σου.
ma_0021,Mark 11:17,Matt 21:13,Luke 19:46,0,,5,εδιδασκεν;εθνεσιν;πασιν;πεποιηκατε;τοισ,3,οικοσ οικοσ προσευχησ,8,shared_omission_against_mark,pressure on strict independent-use-of-Mark models; possible direct contact/common source/tradition/harmonization,unknown_unfiltered,"καὶ λέγει αὐτοῖς· Γέγραπται· Ὁ οἶκός μου οἶκος προσευχῆς κληθήσεται, ὑμεῖς δὲ αὐτὸν ⸀ποιεῖτε σπήλαιον λῃστῶν.",καὶ ἐδίδασκεν ⸂καὶ ἔλεγεν⸃ ⸀αὐτοῖς· Οὐ γέγραπται ὅτι Ὁ οἶκός μου οἶκος προσευχῆς κληθήσεται πᾶσιν τοῖς ἔθνεσιν; ὑμεῖς δὲ ⸀πεποιήκατε αὐτὸν σπήλαιον λῃστῶν.,"λέγων αὐτοῖς· Γέγραπται· ⸂Καὶ ἔσται⸃ ὁ οἶκός μου οἶκος ⸀προσευχῆς, ὑμεῖς δὲ αὐτὸν ἐποιήσατε σπήλαιον λῃστῶν."
ma_0024,Mark 11:3,Matt 21:3,Luke 19:34,0,,5,αποστελλει;ειπατε;ποιειτε;τουτο;ωδε,3,κυριοσ χρειαν εχει,8,shared_omission_against_mark,pressure on strict independent-use-of-Mark models; possible direct contact/common source/tradition/harmonization,unknown_unfiltered,"καὶ ἐάν τις ὑμῖν εἴπῃ τι, ἐρεῖτε ὅτι Ὁ κύριος αὐτῶν χρείαν ἔχει· ⸀εὐθὺς δὲ ⸀ἀποστελεῖ αὐτούς.",καὶ ἐάν τις ὑμῖν εἴπῃ· Τί ποιεῖτε τοῦτο; εἴπατε ⸀ὅτι Ὁ κύριος αὐτοῦ χρείαν ἔχει· καὶ ⸀εὐθὺς αὐτὸν ἀποστέλλει ⸀πάλιν ὧδε.,οἱ δὲ εἶπαν ⸀ὅτι Ὁ κύριος αὐτοῦ χρείαν ἔχει.
ma_0026,Mark 11:33,Matt 21:27,Luke 20:8,0,,1,λεγουσιν,6,ουδε λεγω ποια εξουσια ταυτα ποιω,7,shared_omission_against_mark,pressure on strict independent-use-of-Mark models; possible direct contact/common source/tradition/harmonization,unknown_unfiltered,καὶ ἀποκριθέντες τῷ Ἰησοῦ εἶπαν· Οὐκ οἴδαμεν. ἔφη αὐτοῖς καὶ αὐτός· Οὐδὲ ἐγὼ λέγω ὑμῖν ἐν ποίᾳ ἐξουσίᾳ ταῦτα ποιῶ.,καὶ ἀποκριθέντες ⸂τῷ Ἰησοῦ λέγουσιν⸃· Οὐκ οἴδαμεν. καὶ ὁ ⸀Ἰησοῦς λέγει αὐτοῖς· Οὐδὲ ἐγὼ λέγω ὑμῖν ἐν ποίᾳ ἐξουσίᾳ ταῦτα ποιῶ.,καὶ ὁ Ἰησοῦς εἶπεν αὐτοῖς· Οὐδὲ ἐγὼ λέγω ὑμῖν ἐν ποίᾳ ἐξουσίᾳ ταῦτα ποιῶ.
ma_0012,Mark 10:28,Matt 19:27,Luke 18:28,1,ηκολουθησαμεν,3,ηκολουθηκαμεν;ηρξατο;λεγειν,2,ιδου ημεισ,7,lexical_addition_against_mark,pressure on strict independent-use-of-Mark models; possible direct contact/common source/tradition/harmonization,unknown_unfiltered,Τότε ἀποκριθεὶς ὁ Πέτρος εἶπεν αὐτῷ· Ἰδοὺ ἡμεῖς ἀφήκαμεν πάντα καὶ ἠκολουθήσαμέν σοι· τί ἄρα ἔσται ἡμῖν;,Ἤρξατο ⸂λέγειν ὁ Πέτρος⸃ αὐτῷ· Ἰδοὺ ἡμεῖς ἀφήκαμεν πάντα καὶ ⸀ἠκολουθήκαμέν σοι.,Εἶπεν δὲ ⸀ὁ Πέτρος· Ἰδοὺ ἡμεῖς ⸂ἀφέντες τὰ ἴδια⸃ ἠκολουθήσαμέν σοι.
ma_0032,Mark 12:17,Matt 22:21,Luke 20:25,0,,3,εξεθαυμαζον;επ;ιησουσ,4,αποδοτε καισαροσ καισαρι θεω,7,shared_omission_against_mark,pressure on strict independent-use-of-Mark models; possible direct contact/common source/tradition/harmonization,unknown_unfiltered,λέγουσιν ⸀αὐτῷ· Καίσαρος. τότε λέγει αὐτοῖς· Ἀπόδοτε οὖν τὰ Καίσαρος Καίσαρι καὶ τὰ τοῦ θεοῦ τῷ θεῷ.,⸂ὁ δὲ⸃ Ἰησοῦς εἶπεν ⸀αὐτοῖς· ⸂Τὰ Καίσαρος ἀπόδοτε⸃ Καίσαρι καὶ τὰ τοῦ θεοῦ τῷ θεῷ. καὶ ⸀ἐξεθαύμαζον ἐπʼ αὐτῷ.,ὁ δὲ εἶπεν ⸂πρὸς αὐτούς· Τοίνυν ἀπόδοτε⸃ τὰ Καίσαρος Καίσαρι καὶ τὰ τοῦ θεοῦ τῷ θεῷ.
ma_0055,Mark 13:4,Matt 24:3,Luke 21:7,1,λεγοντεσ,1,συντελεισθαι,4,ποτε ταυτα εσται σημειον,7,lexical_addition_against_mark,pressure on strict independent-use-of-Mark models; possible direct contact/common source/tradition/harmonization,unknown_unfiltered,"Καθημένου δὲ αὐτοῦ ἐπὶ τοῦ Ὄρους τῶν Ἐλαιῶν προσῆλθον αὐτῷ οἱ μαθηταὶ κατʼ ἰδίαν λέγοντες· Εἰπὸν ἡμῖν πότε ταῦτα ἔσται, καὶ τί τὸ σημεῖον τῆς σῆς παρουσίας ⸀καὶ συντελείας τοῦ αἰῶνος.","Εἰπὸν ἡμῖν πότε ταῦτα ἔσται, καὶ τί τὸ σημεῖον ὅταν μέλλῃ ⸂ταῦτα συντελεῖσθαι πάντα⸃.","Ἐπηρώτησαν δὲ αὐτὸν λέγοντες· Διδάσκαλε, πότε οὖν ταῦτα ἔσται, καὶ τί τὸ σημεῖον ὅταν μέλλῃ ταῦτα γίνεσθαι;"
ma_0097,Mark 2:9,Matt 9:5,Luke 5:23,0,,3,αρον;κραβαττον;παραλυτικω,4,αμαρτιαι ειπειν εγειρε περιπατει,7,shared_omission_against_mark,pressure on strict independent-use-of-Mark models; possible direct contact/common source/tradition/harmonization,unknown_unfiltered,"τί γάρ ἐστιν εὐκοπώτερον, εἰπεῖν· ⸀Ἀφίενταί σου αἱ ἁμαρτίαι, ἢ εἰπεῖν· ⸀Ἔγειρε καὶ περιπάτει;","τί ἐστιν εὐκοπώτερον, εἰπεῖν τῷ παραλυτικῷ· ⸀Ἀφίενταί σου αἱ ἁμαρτίαι, ἢ εἰπεῖν· ⸀Ἔγειρε καὶ ἆρον ⸂τὸν κράβαττόν σου⸃ καὶ περιπάτει;","τί ἐστιν εὐκοπώτερον, εἰπεῖν· Ἀφέωνταί σοι αἱ ἁμαρτίαι σου, ἢ εἰπεῖν· ⸀Ἔγειρε καὶ περιπάτει;"
ma_0037,Mark 12:22,Matt 22:27,Luke 20:32,1,υστερον,4,αφηκαν;επτα;εσχατον;σπερμα,1,υστερον,7,lexical_addition_against_mark,pressure on strict independent-use-of-Mark models; possible direct contact/common source/tradition/harmonization,unknown_unfiltered,ὕστερον δὲ πάντων ἀπέθανεν ⸀ἡ γυνή.,καὶ ⸂οἱ ἑπτὰ⸃ οὐκ ἀφῆκαν σπέρμα· ⸀ἔσχατον πάντων ⸂καὶ ἡ γυνὴ ἀπέθανεν⸃.,ὕστερον ⸂καὶ ἡ γυνὴ ἀπέθανεν⸃.
ma_0042,Mark 12:35,Matt 22:42,Luke 20:41,0,,6,αποκριθεισ;γραμματεισ;διδασκων;ιερω;ιησουσ;χριστοσ,1,λεγουσιν,7,shared_omission_against_mark,pressure on strict independent-use-of-Mark models; possible direct contact/common source/tradition/harmonization,unknown_unfiltered,λέγων· Τί ὑμῖν δοκεῖ περὶ τοῦ χριστοῦ; τίνος υἱός ἐστιν; λέγουσιν αὐτῷ· Τοῦ Δαυίδ.,Καὶ ἀποκριθεὶς ὁ Ἰησοῦς ἔλεγεν διδάσκων ἐν τῷ ἱερῷ· Πῶς λέγουσιν οἱ γραμματεῖς ὅτι ὁ χριστὸς υἱὸς ⸂Δαυίδ ἐστιν⸃;,Εἶπεν δὲ πρὸς αὐτούς· Πῶς λέγουσιν τὸν χριστὸν ⸂εἶναι Δαυὶδ υἱόν⸃;
ma_0027,Mark 11:7,Matt 21:7,Luke 19:35,1,ηγαγον,4,αυτω;εκαθισεν;επιβαλλουσιν;φερουσιν,1,ηγαγον,7,lexical_addition_against_mark,pressure on strict independent-use-of-Mark models; possible direct contact/common source/tradition/harmonization,unknown_unfiltered,"ἤγαγον τὴν ὄνον καὶ τὸν πῶλον, καὶ ἐπέθηκαν ⸀ἐπʼ αὐτῶν τὰ ⸀ἱμάτια, καὶ ἐπεκάθισεν ἐπάνω αὐτῶν.","καὶ ⸀φέρουσιν τὸν πῶλον πρὸς τὸν Ἰησοῦν, καὶ ⸀ἐπιβάλλουσιν αὐτῷ τὰ ἱμάτια αὐτῶν, καὶ ἐκάθισεν ἐπʼ ⸀αὐτόν.","καὶ ἤγαγον αὐτὸν πρὸς τὸν Ἰησοῦν, καὶ ἐπιρίψαντες ⸀αὐτῶν τὰ ἱμάτια ἐπὶ τὸν πῶλον ἐπεβίβασαν τὸν Ἰησοῦν·"
ma_0010,Mark 10:26,Matt 19:25,Luke 18:26,1,ακουσαντεσ,3,εαυτουσ;περισσωσ;προσ,2,δυναται σωθηναι,7,lexical_addition_against_mark,pressure on strict independent-use-of-Mark models; possible direct contact/common source/tradition/harmonization,unknown_unfiltered,ἀκούσαντες δὲ οἱ ⸀μαθηταὶ ἐξεπλήσσοντο σφόδρα λέγοντες· Τίς ἄρα δύναται σωθῆναι;,οἱ δὲ περισσῶς ἐξεπλήσσοντο λέγοντες πρὸς ⸀ἑαυτούς· Καὶ τίς δύναται σωθῆναι;,Εἶπαν δὲ οἱ ἀκούσαντες· Καὶ τίς δύναται σωθῆναι;
ma_0016,Mark 10:47,Matt 20:30,Luke 18:38,0,,6,ακουσασ;εστιν;ηρξατο;κραζειν;λεγειν;ναζαρηνοσ,1,ελεησον,7,shared_omission_against_mark,pressure on strict independent-use-of-Mark models; possible direct contact/common source/tradition/harmonization,unknown_unfiltered,"καὶ ἰδοὺ δύο τυφλοὶ καθήμενοι παρὰ τὴν ὁδόν, ἀκούσαντες ὅτι Ἰησοῦς παράγει, ἔκραξαν λέγοντες· ⸂Κύριε, ἐλέησον ἡμᾶς⸃, ⸀υἱὸς Δαυίδ.","καὶ ἀκούσας ὅτι Ἰησοῦς ὁ ⸀Ναζαρηνός ἐστιν ἤρξατο κράζειν καὶ λέγειν· ⸀Υἱὲ Δαυὶδ Ἰησοῦ, ἐλέησόν με.","καὶ ἐβόησεν λέγων· Ἰησοῦ υἱὲ Δαυίδ, ἐλέησόν με."
ma_0009,Mark 10:25,Matt 19:24,Luke 18:25,0,,3,διελθειν;τησ;τρυμαλιασ,4,εισελθειν πλουσιον εισ βασιλειαν,7,shared_omission_against_mark,pressure on strict independent-use-of-Mark models; possible direct contact/common source/tradition/harmonization,unknown_unfiltered,"πάλιν δὲ λέγω ὑμῖν, εὐκοπώτερόν ἐστιν κάμηλον διὰ ⸀τρυπήματος ῥαφίδος ⸀εἰσελθεῖν ἢ πλούσιον ⸂εἰς τὴν βασιλείαν τοῦ θεοῦ⸃.",εὐκοπώτερόν ἐστιν κάμηλον διὰ ⸂τῆς τρυμαλιᾶς τῆς⸃ ῥαφίδος ⸀διελθεῖν ἢ πλούσιον εἰς τὴν βασιλείαν τοῦ θεοῦ εἰσελθεῖν.,εὐκοπώτερον γάρ ἐστιν κάμηλον διὰ ⸂τρήματος βελόνης⸃ εἰσελθεῖν ἢ πλούσιον εἰς τὴν βασιλείαν τοῦ θεοῦ εἰσελθεῖν.
ma_0006,Mark 10:20,Matt 19:20,Luke 18:21,1,εφυλαξα,3,διδασκαλε;εφη;εφυλαξαμην,2,ταυτα εφυλαξα,7,lexical_addition_against_mark,pressure on strict independent-use-of-Mark models; possible direct contact/common source/tradition/harmonization,unknown_unfiltered,λέγει αὐτῷ ὁ νεανίσκος· ⸂Πάντα ταῦτα⸃ ⸀ἐφύλαξα· τί ἔτι ὑστερῶ;,"ὁ δὲ ⸀ἔφη αὐτῷ· Διδάσκαλε, ταῦτα πάντα ἐφυλαξάμην ἐκ νεότητός μου.",ὁ δὲ εἶπεν· Ταῦτα πάντα ⸀ἐφύλαξα ἐκ νεότητος ⸀μου.
ma_0003,Mark 10:17,Matt 19:16,Luke 18:18,0,,5,γονυπετησασ;εκπορευομενου;επηρωτα;οδον;προσδραμων,2,ζωην αιωνιον,7,shared_omission_against_mark,pressure on strict independent-use-of-Mark models; possible direct contact/common source/tradition/harmonization,unknown_unfiltered,"Καὶ ἰδοὺ εἷς προσελθὼν ⸂αὐτῷ εἶπεν⸃· ⸀Διδάσκαλε, τί ἀγαθὸν ποιήσω ἵνα ⸀σχῶ ζωὴν αἰώνιον;","Καὶ ἐκπορευομένου αὐτοῦ εἰς ὁδὸν προσδραμὼν εἷς καὶ γονυπετήσας αὐτὸν ἐπηρώτα αὐτόν· Διδάσκαλε ἀγαθέ, τί ποιήσω ἵνα ζωὴν αἰώνιον κληρονομήσω;","Καὶ ἐπηρώτησέν τις αὐτὸν ἄρχων λέγων· Διδάσκαλε ἀγαθέ, τί ποιήσας ζωὴν αἰώνιον κληρονομήσω;"
ma_0066,Mark 14:38,Matt 26:41,Luke 22:46,1,εισελθητε,1,ελθητε,4,προσευχεσθε εισελθητε εισ πειρασμον,7,lexical_addition_against_mark,pressure on strict independent-use-of-Mark models; possible direct contact/common source/tradition/harmonization,unknown_unfiltered,"γρηγορεῖτε καὶ προσεύχεσθε, ἵνα μὴ εἰσέλθητε εἰς πειρασμόν· τὸ μὲν πνεῦμα πρόθυμον ἡ δὲ σὰρξ ἀσθενής.","γρηγορεῖτε καὶ προσεύχεσθε, ἵνα μὴ ⸀ἔλθητε εἰς πειρασμόν· τὸ μὲν πνεῦμα πρόθυμον ἡ δὲ σὰρξ ἀσθενής.","καὶ εἶπεν αὐτοῖς· Τί καθεύδετε; ἀναστάντες προσεύχεσθε, ἵνα μὴ εἰσέλθητε εἰς πειρασμόν."
ma_0115,Mark 9:1,Matt 16:28,Luke 9:27,0,,3,αυτοισ;δυναμει;εληλυθυιαν,4,γευσωνται θανατου εωσ ιδωσιν,7,shared_omission_against_mark,pressure on strict independent-use-of-Mark models; possible direct contact/common source/tradition/harmonization,unknown_unfiltered,ἀμὴν λέγω ὑμῖν ⸀ὅτι εἰσίν τινες ⸂τῶν ὧδε ἑστώτων⸃ οἵτινες οὐ μὴ γεύσωνται θανάτου ἕως ἂν ἴδωσιν τὸν υἱὸν τοῦ ἀνθρώπου ἐρχόμενον ἐν τῇ βασιλείᾳ αὐτοῦ.,καὶ ἔλεγεν αὐτοῖς· Ἀμὴν λέγω ὑμῖν ὅτι εἰσίν τινες ⸂τῶν ὧδε⸃ ἑστηκότων οἵτινες οὐ μὴ γεύσωνται θανάτου ἕως ἂν ἴδωσιν τὴν βασιλείαν τοῦ θεοῦ ἐληλυθυῖαν ἐν δυνάμει.,"λέγω δὲ ὑμῖν ἀληθῶς, εἰσίν τινες τῶν ⸀αὐτοῦ ⸀ἑστηκότων οἳ οὐ μὴ γεύσωνται θανάτου ἕως ἂν ἴδωσιν τὴν βασιλείαν τοῦ θεοῦ."
ma_0083,Mark 1:44,Matt 8:4,Luke 5:14,0,,1,μηδεν,5,προσεταξεν μωυσησ εισ μαρτυριον αυτοισ,6,shared_omission_against_mark,pressure on strict independent-use-of-Mark models; possible direct contact/common source/tradition/harmonization,unknown_unfiltered,"καὶ λέγει αὐτῷ ὁ Ἰησοῦς· Ὅρα μηδενὶ εἴπῃς, ἀλλὰ ὕπαγε σεαυτὸν δεῖξον τῷ ἱερεῖ, καὶ προσένεγκον τὸ δῶρον ὃ προσέταξεν Μωϋσῆς εἰς μαρτύριον αὐτοῖς.","καὶ λέγει αὐτῷ· Ὅρα μηδενὶ μηδὲν εἴπῃς, ἀλλὰ ὕπαγε σεαυτὸν δεῖξον τῷ ἱερεῖ καὶ προσένεγκε περὶ τοῦ καθαρισμοῦ σου ἃ προσέταξεν Μωϋσῆς εἰς μαρτύριον αὐτοῖς.","καὶ αὐτὸς παρήγγειλεν αὐτῷ μηδενὶ εἰπεῖν, ἀλλὰ ἀπελθὼν δεῖξον σεαυτὸν τῷ ἱερεῖ, καὶ προσένεγκε περὶ τοῦ καθαρισμοῦ σου καθὼς προσέταξεν Μωϋσῆς εἰς μαρτύριον αὐτοῖς."
ma_0111,Mark 8:34,Matt 16:24,Luke 9:23,0,,3,αυτοισ;οχλον;προσκαλεσαμενοσ,3,τισ θελει οπισω,6,shared_omission_against_mark,pressure on strict independent-use-of-Mark models; possible direct contact/common source/tradition/harmonization,unknown_unfiltered,"Τότε ὁ Ἰησοῦς εἶπεν τοῖς μαθηταῖς αὐτοῦ· Εἴ τις θέλει ὀπίσω μου ἐλθεῖν, ἀπαρνησάσθω ἑαυτὸν καὶ ἀράτω τὸν σταυρὸν αὐτοῦ καὶ ἀκολουθείτω μοι.","Καὶ προσκαλεσάμενος τὸν ὄχλον σὺν τοῖς μαθηταῖς αὐτοῦ εἶπεν αὐτοῖς· ⸂Εἴ τις⸃ θέλει ὀπίσω μου ⸀ἐλθεῖν, ἀπαρνησάσθω ἑαυτὸν καὶ ἀράτω τὸν σταυρὸν αὐτοῦ καὶ ἀκολουθείτω μοι.","Ἔλεγεν δὲ πρὸς πάντας· Εἴ τις θέλει ὀπίσω μου ⸂ἔρχεσθαι, ἀρνησάσθω⸃ ἑαυτὸν καὶ ἀράτω τὸν σταυρὸν αὐτοῦ ⸂καθʼ ἡμέραν⸃, καὶ ἀκολουθείτω μοι."
ma_0117,Mark 9:5,Matt 17:4,Luke 9:33,0,,1,ραββι,5,καλον εστιν ημασ ωδε ειναι,6,shared_omission_against_mark,pressure on strict independent-use-of-Mark models; possible direct contact/common source/tradition/harmonization,unknown_unfiltered,"ἀποκριθεὶς δὲ ὁ Πέτρος εἶπεν τῷ Ἰησοῦ· Κύριε, καλόν ἐστιν ἡμᾶς ὧδε εἶναι· εἰ θέλεις, ⸀ποιήσω ὧδε τρεῖς σκηνάς, σοὶ μίαν καὶ Μωϋσεῖ μίαν καὶ ⸂Ἠλίᾳ μίαν⸃.","καὶ ἀποκριθεὶς ὁ Πέτρος λέγει τῷ Ἰησοῦ· Ῥαββί, καλόν ἐστιν ἡμᾶς ὧδε εἶναι, καὶ ποιήσωμεν ⸂τρεῖς σκηνάς⸃, σοὶ μίαν καὶ Μωϋσεῖ μίαν καὶ Ἠλίᾳ μίαν.","καὶ ἐγένετο ἐν τῷ διαχωρίζεσθαι αὐτοὺς ἀπʼ αὐτοῦ εἶπεν ⸀ὁ Πέτρος πρὸς τὸν Ἰησοῦν· Ἐπιστάτα, καλόν ἐστιν ἡμᾶς ὧδε εἶναι, καὶ ποιήσωμεν σκηνὰς τρεῖς, μίαν σοὶ καὶ μίαν Μωϋσεῖ καὶ μίαν Ἠλίᾳ, μὴ εἰδὼς ὃ λέγει."
ma_0092,Mark 2:25,Matt 12:3,Luke 6:3,0,,3,εσχεν;ουδεποτε;χρειαν,3,ανεγνωτε εποιησεν δαυιδ,6,shared_omission_against_mark,pressure on strict independent-use-of-Mark models; possible direct contact/common source/tradition/harmonization,unknown_unfiltered,ὁ δὲ εἶπεν αὐτοῖς· Οὐκ ἀνέγνωτε τί ἐποίησεν Δαυὶδ ὅτε ⸀ἐπείνασεν καὶ οἱ μετʼ αὐτοῦ;,καὶ ⸀λέγει αὐτοῖς· Οὐδέποτε ἀνέγνωτε τί ἐποίησεν Δαυὶδ ὅτε χρείαν ἔσχεν καὶ ἐπείνασεν αὐτὸς καὶ οἱ μετʼ αὐτοῦ;,καὶ ἀποκριθεὶς πρὸς αὐτοὺς εἶπεν ὁ Ἰησοῦς· Οὐδὲ τοῦτο ἀνέγνωτε ὃ ἐποίησεν Δαυὶδ ⸀ὁπότε ἐπείνασεν αὐτὸς καὶ οἱ μετʼ αὐτοῦ ⸀ὄντες;
ma_0094,Mark 2:28,Matt 12:8,Luke 6:5,0,,1,ωστε,5,κυριοσ εστιν σαββατου υιοσ ανθρωπου,6,shared_omission_against_mark,pressure on strict independent-use-of-Mark models; possible direct contact/common source/tradition/harmonization,unknown_unfiltered,κύριος γάρ ἐστιν τοῦ σαββάτου ὁ υἱὸς τοῦ ἀνθρώπου.,ὥστε κύριός ἐστιν ὁ υἱὸς τοῦ ἀνθρώπου καὶ τοῦ σαββάτου.,καὶ ἔλεγεν ⸀αὐτοῖς· Κύριός ἐστιν ⸂τοῦ σαββάτου ὁ υἱὸς τοῦ ἀνθρώπου⸃.
ma_0089,Mark 2:22,Matt 9:17,Luke 5:37,0,,1,απολλυται,5,οινον νεον εισ ασκουσ παλαιουσ,6,shared_omission_against_mark,pressure on strict independent-use-of-Mark models; possible direct contact/common source/tradition/harmonization,unknown_unfiltered,"οὐδὲ βάλλουσιν οἶνον νέον εἰς ἀσκοὺς παλαιούς· εἰ δὲ μή γε, ῥήγνυνται οἱ ἀσκοί, καὶ ὁ οἶνος ἐκχεῖται καὶ οἱ ἀσκοὶ ⸀ἀπόλλυνται· ἀλλὰ βάλλουσιν οἶνον νέον εἰς ἀσκοὺς καινούς, καὶ ἀμφότεροι συντηροῦνται.","καὶ οὐδεὶς βάλλει οἶνον νέον εἰς ἀσκοὺς παλαιούς· εἰ δὲ μή, ⸂ῥήξει ὁ οἶνος⸃ τοὺς ἀσκούς, καὶ ὁ οἶνος ⸂ἀπόλλυται καὶ οἱ ἀσκοί⸃. ἀλλὰ οἶνον νέον εἰς ἀσκοὺς ⸀καινούς.","καὶ οὐδεὶς βάλλει οἶνον νέον εἰς ἀσκοὺς παλαιούς· εἰ δὲ μήγε, ῥήξει ὁ ⸂οἶνος ὁ νέος⸃ τοὺς ἀσκούς, καὶ αὐτὸς ἐκχυθήσεται καὶ οἱ ἀσκοὶ ἀπολοῦνται·"
ma_0028,Mark 11:9,Matt 21:9,Luke 19:38,2,λεγοντεσ;υψιστοισ,0,,2,ευλογημενοσ ερχομενοσ,6,lexical_addition_against_mark,pressure on strict independent-use-of-Mark models; possible direct contact/common source/tradition/harmonization,unknown_unfiltered,οἱ δὲ ὄχλοι οἱ προάγοντες ⸀αὐτὸν καὶ οἱ ἀκολουθοῦντες ἔκραζον λέγοντες· Ὡσαννὰ τῷ υἱῷ Δαυίδ· Εὐλογημένος ὁ ἐρχόμενος ἐν ὀνόματι κυρίου· Ὡσαννὰ ἐν τοῖς ὑψίστοις.,καὶ οἱ προάγοντες καὶ οἱ ἀκολουθοῦντες ⸀ἔκραζον· Ὡσαννά· Εὐλογημένος ὁ ἐρχόμενος ἐν ὀνόματι κυρίου·,λέγοντες· Εὐλογημένος ὁ ἐρχόμενος ⸀βασιλεὺς ἐν ὀνόματι κυρίου· ⸂ἐν οὐρανῷ εἰρήνη⸃ καὶ δόξα ἐν ὑψίστοις.
ma_0025,Mark 11:31,Matt 21:25,Luke 20:5,0,,0,,6,λεγοντεσ ειπωμεν ουρανου ερει επιστευσατε αυτω,6,shared_omission_against_mark,pressure on strict independent-use-of-Mark models; possible direct contact/common source/tradition/harmonization,unknown_unfiltered,"τὸ βάπτισμα ⸀τὸ Ἰωάννου πόθεν ἦν; ἐξ οὐρανοῦ ἢ ἐξ ἀνθρώπων; οἱ δὲ διελογίζοντο ⸀ἐν ἑαυτοῖς λέγοντες· Ἐὰν εἴπωμεν· Ἐξ οὐρανοῦ, ἐρεῖ ἡμῖν· Διὰ τί οὖν οὐκ ἐπιστεύσατε αὐτῷ;","καὶ ⸀διελογίζοντο πρὸς ἑαυτοὺς λέγοντες· ⸂Τί εἴπωμεν;⸃ ἐὰν εἴπωμεν· Ἐξ οὐρανοῦ, ἐρεῖ· Διὰ τί ⸀οὖν οὐκ ἐπιστεύσατε αὐτῷ;","οἱ δὲ συνελογίσαντο πρὸς ἑαυτοὺς λέγοντες ὅτι Ἐὰν εἴπωμεν· Ἐξ οὐρανοῦ, ἐρεῖ· Διὰ τί οὐκ ἐπιστεύσατε αὐτῷ;"
ma_0114,Mark 8:38,Matt 16:27,Luke 9:26,0,,4,αμαρτωλω;γενεα;μοιχαλιδι;ταυτη,2,υιοσ ανθρωπου,6,shared_omission_against_mark,pressure on strict independent-use-of-Mark models; possible direct contact/common source/tradition/harmonization,unknown_unfiltered,"μέλλει γὰρ ὁ υἱὸς τοῦ ἀνθρώπου ἔρχεσθαι ἐν τῇ δόξῃ τοῦ πατρὸς αὐτοῦ μετὰ τῶν ἀγγέλων αὐτοῦ, καὶ τότε ἀποδώσει ἑκάστῳ κατὰ τὴν πρᾶξιν αὐτοῦ.","ὃς γὰρ ἐὰν ἐπαισχυνθῇ με καὶ τοὺς ἐμοὺς λόγους ἐν τῇ γενεᾷ ταύτῃ τῇ μοιχαλίδι καὶ ἁμαρτωλῷ, καὶ ὁ υἱὸς τοῦ ἀνθρώπου ἐπαισχυνθήσεται αὐτὸν ὅταν ἔλθῃ ἐν τῇ δόξῃ τοῦ πατρὸς αὐτοῦ μετὰ τῶν ἀγγέλων τῶν ἁγίων.","ὃς γὰρ ἂν ἐπαισχυνθῇ με καὶ τοὺς ἐμοὺς λόγους, τοῦτον ὁ υἱὸς τοῦ ἀνθρώπου ἐπαισχυνθήσεται, ὅταν ἔλθῃ ἐν τῇ δόξῃ αὐτοῦ καὶ τοῦ πατρὸς καὶ τῶν ἁγίων ἀγγέλων."
ma_0104,Mark 4:9,Matt 13:9,Luke 8:8,1,εχων,2,εχει;οσ,2,εχων ωτα,6,lexical_addition_against_mark,pressure on strict independent-use-of-Mark models; possible direct contact/common source/tradition/harmonization,unknown_unfiltered,ὁ ἔχων ⸀ὦτα ἀκουέτω.,καὶ ἔλεγεν· ⸂Ὃς ἔχει⸃ ὦτα ἀκούειν ἀκουέτω.,"καὶ ἕτερον ἔπεσεν εἰς τὴν γῆν τὴν ἀγαθήν, καὶ φυὲν ἐποίησεν καρπὸν ἑκατονταπλασίονα. ταῦτα λέγων ἐφώνει· Ὁ ἔχων ὦτα ἀκούειν ἀκουέτω."
ma_0072,Mark 15:21,Matt 27:32,Luke 23:26,0,,5,αγγαρευουσιν;αλεξανδρου;παραγοντα;πατερα;ρουφου,1,κυρηναιον,6,shared_omission_against_mark,pressure on strict independent-use-of-Mark models; possible direct contact/common source/tradition/harmonization,unknown_unfiltered,Ἐξερχόμενοι δὲ εὗρον ἄνθρωπον Κυρηναῖον ὀνόματι Σίμωνα· τοῦτον ἠγγάρευσαν ἵνα ἄρῃ τὸν σταυρὸν αὐτοῦ.,"Καὶ ἀγγαρεύουσιν παράγοντά τινα Σίμωνα Κυρηναῖον ἐρχόμενον ἀπʼ ἀγροῦ, τὸν πατέρα Ἀλεξάνδρου καὶ Ῥούφου, ἵνα ἄρῃ τὸν σταυρὸν αὐτοῦ.","Καὶ ὡς ἀπήγαγον αὐτόν, ἐπιλαβόμενοι ⸂Σίμωνά τινα Κυρηναῖον ἐρχόμενον⸃ ἀπʼ ἀγροῦ ἐπέθηκαν αὐτῷ τὸν σταυρὸν φέρειν ὄπισθεν τοῦ Ἰησοῦ."
ma_0063,Mark 14:16,Matt 26:19,Luke 22:13,0,,4,εισ;εξηλθον;ηλθον;πολιν,2,ητοιμασαν πασχα,6,shared_omission_against_mark,pressure on strict independent-use-of-Mark models; possible direct contact/common source/tradition/harmonization,unknown_unfiltered,"καὶ ἐποίησαν οἱ μαθηταὶ ὡς συνέταξεν αὐτοῖς ὁ Ἰησοῦς, καὶ ἡτοίμασαν τὸ πάσχα.","καὶ ἐξῆλθον οἱ ⸀μαθηταὶ καὶ ἦλθον εἰς τὴν πόλιν καὶ εὗρον καθὼς εἶπεν αὐτοῖς, καὶ ἡτοίμασαν τὸ πάσχα.","ἀπελθόντες δὲ εὗρον καθὼς ⸀εἰρήκει αὐτοῖς, καὶ ἡτοίμασαν τὸ πάσχα."
ma_0058,Mark 13:8,Matt 24:7,Luke 21:10,0,,3,αρχη;ταυτα;ωδινων,3,εθνοσ βασιλεια βασιλειαν,6,shared_omission_against_mark,pressure on strict independent-use-of-Mark models; possible direct contact/common source/tradition/harmonization,unknown_unfiltered,"ἐγερθήσεται γὰρ ἔθνος ἐπὶ ἔθνος καὶ βασιλεία ἐπὶ βασιλείαν, καὶ ἔσονται ⸀λιμοὶ καὶ σεισμοὶ κατὰ τόπους·","ἐγερθήσεται γὰρ ἔθνος ἐπʼ ἔθνος καὶ βασιλεία ἐπὶ βασιλείαν, ⸀ἔσονται σεισμοὶ κατὰ τόπους, ⸁ἔσονται ⸀λιμοί· ⸀ἀρχὴ ὠδίνων ταῦτα.","τότε ἔλεγεν αὐτοῖς· Ἐγερθήσεται ἔθνος ἐπʼ ἔθνος καὶ βασιλεία ἐπὶ βασιλείαν,"
ma_0073,Mark 15:26,Matt 27:37,Luke 23:38,1,ουτοσ,2,αιτιασ;επιγεγραμμενη,2,βασιλευσ ιουδαιων,6,lexical_addition_against_mark,pressure on strict independent-use-of-Mark models; possible direct contact/common source/tradition/harmonization,unknown_unfiltered,καὶ ἐπέθηκαν ἐπάνω τῆς κεφαλῆς αὐτοῦ τὴν αἰτίαν αὐτοῦ γεγραμμένην· Οὗτός ἐστιν Ἰησοῦς ὁ βασιλεὺς τῶν Ἰουδαίων.,καὶ ἦν ἡ ἐπιγραφὴ τῆς αἰτίας αὐτοῦ ἐπιγεγραμμένη· Ὁ βασιλεὺς τῶν Ἰουδαίων.,ἦν δὲ καὶ ⸀ἐπιγραφὴ ἐπʼ ⸀αὐτῷ· Ὁ βασιλεὺς τῶν Ἰουδαίων ⸀οὗτος.
ma_0019,Mark 11:1,Matt 21:1,Luke 19:29,1,απεστειλεν,2,αποστελλει;εγγιζουσιν,2,εισ βηθφαγη,6,lexical_addition_against_mark,pressure on strict independent-use-of-Mark models; possible direct contact/common source/tradition/harmonization,unknown_unfiltered,"Καὶ ὅτε ἤγγισαν εἰς Ἱεροσόλυμα καὶ ἦλθον εἰς Βηθφαγὴ ⸀εἰς τὸ Ὄρος τῶν Ἐλαιῶν, τότε ⸀Ἰησοῦς ἀπέστειλεν δύο μαθητὰς","Καὶ ὅτε ἐγγίζουσιν εἰς Ἱεροσόλυμα εἰς Βηθφαγὴ καὶ Βηθανίαν πρὸς τὸ Ὄρος τῶν Ἐλαιῶν, ἀποστέλλει δύο τῶν μαθητῶν αὐτοῦ","Καὶ ἐγένετο ὡς ἤγγισεν εἰς Βηθφαγὴ καὶ Βηθανίαν πρὸς τὸ ὄρος τὸ καλούμενον Ἐλαιῶν, ἀπέστειλεν δύο τῶν ⸀μαθητῶν"
ma_0018,Mark 10:52,Matt 20:34,Luke 18:42,0,,5,ανεβλεψεν;ευθυσ;ηκολουθει;οδω;υπαγε,1,ιησουσ,6,shared_omission_against_mark,pressure on strict independent-use-of-Mark models; possible direct contact/common source/tradition/harmonization,unknown_unfiltered,"σπλαγχνισθεὶς δὲ ὁ Ἰησοῦς ἥψατο τῶν ⸀ὀμμάτων αὐτῶν, καὶ εὐθέως ⸀ἀνέβλεψαν καὶ ἠκολούθησαν αὐτῷ.","⸂καὶ ὁ⸃ Ἰησοῦς εἶπεν αὐτῷ· Ὕπαγε, ἡ πίστις σου σέσωκέν σε. καὶ ⸀εὐθὺς ἀνέβλεψεν, καὶ ἠκολούθει ⸀αὐτῷ ἐν τῇ ὁδῷ.",καὶ ὁ Ἰησοῦς εἶπεν αὐτῷ· Ἀνάβλεψον· ἡ πίστις σου σέσωκέν σε.
ma_0013,Mark 10:30,Matt 19:29,Luke 18:30,0,,4,διωγμων;λαβη;μητερασ;νυν,2,ζωην αιωνιον,6,shared_omission_against_mark,pressure on strict independent-use-of-Mark models; possible direct contact/common source/tradition/harmonization,unknown_unfiltered,"καὶ πᾶς ⸀ὅστις ἀφῆκεν ⸂οἰκίας ἢ⸃ ἀδελφοὺς ἢ ἀδελφὰς ἢ πατέρα ἢ μητέρα ἢ ⸂γυναῖκα ἢ⸃ τέκνα ἢ ⸀ἀγροὺς ἕνεκεν τοῦ ⸂ὀνόματός μου⸃, ⸀ἑκατονταπλασίονα λήμψεται καὶ ζωὴν αἰώνιον κληρονομήσει.","ἐὰν μὴ λάβῃ ἑκατονταπλασίονα νῦν ἐν τῷ καιρῷ τούτῳ οἰκίας καὶ ἀδελφοὺς καὶ ἀδελφὰς καὶ ⸀μητέρας καὶ τέκνα καὶ ἀγροὺς μετὰ διωγμῶν, καὶ ἐν τῷ αἰῶνι τῷ ἐρχομένῳ ζωὴν αἰώνιον.",ὃς ⸀οὐχὶ μὴ ⸀ἀπολάβῃ πολλαπλασίονα ἐν τῷ καιρῷ τούτῳ καὶ ἐν τῷ αἰῶνι τῷ ἐρχομένῳ ζωὴν αἰώνιον.
ma_0036,Mark 12:21,Matt 22:26,Luke 20:31,1,επτα,3,απεθανεν;καταλιπων;σπερμα,1,τριτοσ,6,lexical_addition_against_mark,pressure on strict independent-use-of-Mark models; possible direct contact/common source/tradition/harmonization,unknown_unfiltered,"ὁμοίως καὶ ὁ δεύτερος καὶ ὁ τρίτος, ἕως τῶν ἑπτά·","καὶ ὁ δεύτερος ἔλαβεν αὐτήν, καὶ ἀπέθανεν ⸂μὴ καταλιπὼν⸃ σπέρμα, καὶ ὁ τρίτος ὡσαύτως·","καὶ ὁ τρίτος ἔλαβεν ⸀αὐτήν, ὡσαύτως δὲ καὶ οἱ ἑπτὰ οὐ κατέλιπον τέκνα καὶ ἀπέθανον·"
ma_0002,Mark 10:14,Matt 19:14,Luke 18:16,0,,3,αυτοισ;ηγανακτησεν;ιδων,3,τοιουτων εστιν βασιλεια,6,shared_omission_against_mark,pressure on strict independent-use-of-Mark models; possible direct contact/common source/tradition/harmonization,unknown_unfiltered,"ὁ δὲ Ἰησοῦς εἶπεν· Ἄφετε τὰ παιδία καὶ μὴ κωλύετε αὐτὰ ἐλθεῖν πρός με, τῶν γὰρ τοιούτων ἐστὶν ἡ βασιλεία τῶν οὐρανῶν.","ἰδὼν δὲ ὁ Ἰησοῦς ἠγανάκτησεν καὶ εἶπεν αὐτοῖς· Ἄφετε τὰ παιδία ἔρχεσθαι πρός με, μὴ κωλύετε αὐτά, τῶν γὰρ τοιούτων ἐστὶν ἡ βασιλεία τοῦ θεοῦ.","ὁ δὲ Ἰησοῦς ⸂προσεκαλέσατο αὐτὰ λέγων⸃· Ἄφετε τὰ παιδία ἔρχεσθαι πρός με καὶ μὴ κωλύετε αὐτά, τῶν γὰρ τοιούτων ἐστὶν ἡ βασιλεία τοῦ θεοῦ."
ma_0041,Mark 12:27,Matt 22:32,Luke 20:38,0,,2,πλανασθε;πολυ,3,νεκρων αλλα ζωντων,5,shared_omission_against_mark,pressure on strict independent-use-of-Mark models; possible direct contact/common source/tradition/harmonization,unknown_unfiltered,Ἐγώ εἰμι ὁ θεὸς Ἀβραὰμ καὶ ὁ θεὸς Ἰσαὰκ καὶ ὁ θεὸς Ἰακώβ; οὐκ ἔστιν ⸂ὁ θεὸς⸃ νεκρῶν ἀλλὰ ζώντων.,οὐκ ἔστιν ⸀θεὸς νεκρῶν ⸀ἀλλὰ ζώντων· ⸀πολὺ πλανᾶσθε.,"θεὸς δὲ οὐκ ἔστιν νεκρῶν ἀλλὰ ζώντων, πάντες γὰρ αὐτῷ ζῶσιν."
ma_0045,Mark 12:6,Matt 21:37,Luke 20:13,0,,4,ειχεν;ενα;εσχατον;ετι,1,υιον,5,shared_omission_against_mark,pressure on strict independent-use-of-Mark models; possible direct contact/common source/tradition/harmonization,unknown_unfiltered,ὕστερον δὲ ἀπέστειλεν πρὸς αὐτοὺς τὸν υἱὸν αὐτοῦ λέγων· Ἐντραπήσονται τὸν υἱόν μου.,"ἔτι ⸂ἕνα εἶχεν, υἱὸν ἀγαπητόν· ἀπέστειλεν⸃ αὐτὸν ⸂ἔσχατον πρὸς αὐτοὺς⸃ λέγων ὅτι Ἐντραπήσονται τὸν υἱόν μου.",εἶπεν δὲ ὁ κύριος τοῦ ἀμπελῶνος· Τί ποιήσω; πέμψω τὸν υἱόν μου τὸν ἀγαπητόν· ἴσως ⸀τοῦτον ἐντραπήσονται.
ma_0034,Mark 12:2,Matt 21:34,Luke 20:10,0,,2,γεωργων;λαβη,3,προσ τουσ γεωργουσ,5,shared_omission_against_mark,pressure on strict independent-use-of-Mark models; possible direct contact/common source/tradition/harmonization,unknown_unfiltered,"ὅτε δὲ ἤγγισεν ὁ καιρὸς τῶν καρπῶν, ἀπέστειλεν τοὺς δούλους αὐτοῦ πρὸς τοὺς γεωργοὺς λαβεῖν τοὺς καρποὺς αὐτοῦ.","καὶ ἀπέστειλεν πρὸς τοὺς γεωργοὺς τῷ καιρῷ δοῦλον, ἵνα παρὰ τῶν γεωργῶν λάβῃ ἀπὸ ⸂τῶν καρπῶν⸃ τοῦ ἀμπελῶνος·","⸀καὶ καιρῷ ἀπέστειλεν πρὸς τοὺς γεωργοὺς δοῦλον, ἵνα ἀπὸ τοῦ καρποῦ τοῦ ἀμπελῶνος ⸀δώσουσιν αὐτῷ· οἱ δὲ γεωργοὶ ⸂ἐξαπέστειλαν αὐτὸν δείραντες⸃ κενόν."
ma_0090,Mark 2:23,Matt 12:1,Luke 6:1,0,,4,οδον;παραπορευεσθαι;ποιειν;τιλλοντεσ,1,σποριμων,5,shared_omission_against_mark,pressure on strict independent-use-of-Mark models; possible direct contact/common source/tradition/harmonization,unknown_unfiltered,Ἐν ἐκείνῳ τῷ καιρῷ ἐπορεύθη ὁ Ἰησοῦς τοῖς σάββασιν διὰ τῶν σπορίμων· οἱ δὲ μαθηταὶ αὐτοῦ ἐπείνασαν καὶ ἤρξαντο τίλλειν στάχυας καὶ ἐσθίειν.,"Καὶ ἐγένετο ⸂αὐτὸν ἐν τοῖς σάββασιν παραπορεύεσθαι⸃ διὰ τῶν σπορίμων, καὶ ⸂οἱ μαθηταὶ αὐτοῦ ἤρξαντο⸃ ὁδὸν ποιεῖν τίλλοντες τοὺς στάχυας.","Ἐγένετο δὲ ἐν ⸀σαββάτῳ διαπορεύεσθαι αὐτὸν ⸀διὰ σπορίμων, καὶ ἔτιλλον οἱ μαθηταὶ αὐτοῦ ⸂καὶ ἤσθιον τοὺς στάχυας⸃ ψώχοντες ταῖς χερσίν."
ma_0103,Mark 4:4,Matt 13:4,Luke 8:5,0,,2,εγενετο;ηλθεν,3,σπειρειν επεσεν οδον,5,shared_omission_against_mark,pressure on strict independent-use-of-Mark models; possible direct contact/common source/tradition/harmonization,unknown_unfiltered,"καὶ ἐν τῷ σπείρειν αὐτὸν ἃ μὲν ἔπεσεν παρὰ τὴν ὁδόν, καὶ ⸂ἐλθόντα τὰ πετεινὰ⸃ κατέφαγεν αὐτά.","καὶ ἐγένετο ἐν τῷ σπείρειν ὃ μὲν ἔπεσεν παρὰ τὴν ὁδόν, καὶ ἦλθεν τὰ πετεινὰ καὶ κατέφαγεν αὐτό.","Ἐξῆλθεν ὁ σπείρων τοῦ σπεῖραι τὸν σπόρον αὐτοῦ. καὶ ἐν τῷ σπείρειν αὐτὸν ὃ μὲν ἔπεσεν παρὰ τὴν ὁδόν, καὶ κατεπατήθη καὶ τὰ πετεινὰ τοῦ οὐρανοῦ κατέφαγεν αὐτό."
ma_0059,Mark 14:1,Matt 26:4,Luke 22:2,0,,5,αζυμα;δυο;ημερασ;κρατησαντεσ;πασχα,0,,5,shared_omission_against_mark,pressure on strict independent-use-of-Mark models; possible direct contact/common source/tradition/harmonization,unknown_unfiltered,καὶ συνεβουλεύσαντο ἵνα τὸν Ἰησοῦν δόλῳ κρατήσωσιν καὶ ἀποκτείνωσιν·,"Ἦν δὲ τὸ πάσχα καὶ τὰ ἄζυμα μετὰ δύο ἡμέρας. καὶ ἐζήτουν οἱ ἀρχιερεῖς καὶ οἱ γραμματεῖς πῶς αὐτὸν ἐν δόλῳ κρατήσαντες ἀποκτείνωσιν,","καὶ ἐζήτουν οἱ ἀρχιερεῖς καὶ οἱ γραμματεῖς τὸ πῶς ἀνέλωσιν αὐτόν, ἐφοβοῦντο γὰρ τὸν λαόν."
ma_0060,Mark 14:11,Matt 26:16,Luke 22:5,0,,5,ακουσαντεσ;επηγγειλαντο;ευκαιρωσ;παραδοι;πωσ,0,,5,shared_omission_against_mark,pressure on strict independent-use-of-Mark models; possible direct contact/common source/tradition/harmonization,unknown_unfiltered,καὶ ἀπὸ τότε ἐζήτει εὐκαιρίαν ἵνα αὐτὸν παραδῷ.,οἱ δὲ ἀκούσαντες ἐχάρησαν καὶ ἐπηγγείλαντο αὐτῷ ἀργύριον δοῦναι. καὶ ἐζήτει πῶς ⸂αὐτὸν εὐκαίρως παραδοῖ⸃.,καὶ ἐχάρησαν καὶ συνέθεντο αὐτῷ ἀργύριον δοῦναι.
ma_0068,Mark 14:47,Matt 26:51,Luke 22:50,0,,4,επαισεν;παρεστηκοτων;σπασαμενοσ;ωταριον,1,εισ,5,shared_omission_against_mark,pressure on strict independent-use-of-Mark models; possible direct contact/common source/tradition/harmonization,unknown_unfiltered,καὶ ἰδοὺ εἷς τῶν μετὰ Ἰησοῦ ἐκτείνας τὴν χεῖρα ἀπέσπασεν τὴν μάχαιραν αὐτοῦ καὶ πατάξας τὸν δοῦλον τοῦ ἀρχιερέως ἀφεῖλεν αὐτοῦ τὸ ὠτίον.,εἷς δέ ⸀τις τῶν παρεστηκότων σπασάμενος τὴν μάχαιραν ἔπαισεν τὸν δοῦλον τοῦ ἀρχιερέως καὶ ἀφεῖλεν αὐτοῦ τὸ ⸀ὠτάριον.,καὶ ἐπάταξεν εἷς τις ἐξ αὐτῶν ⸂τοῦ ἀρχιερέως τὸν δοῦλον⸃ καὶ ἀφεῖλεν ⸂τὸ οὖς αὐτοῦ⸃ τὸ δεξιόν.
ma_0086,Mark 2:17,Matt 9:12,Luke 5:32,0,,4,αλλ;αυτοισ;ηλθον;ιησουσ,1,αλλα,5,shared_omission_against_mark,pressure on strict independent-use-of-Mark models; possible direct contact/common source/tradition/harmonization,unknown_unfiltered,ὁ ⸀δὲ ἀκούσας ⸀εἶπεν· Οὐ χρείαν ἔχουσιν οἱ ἰσχύοντες ἰατροῦ ἀλλὰ οἱ κακῶς ἔχοντες.,καὶ ἀκούσας ὁ Ἰησοῦς λέγει αὐτοῖς ⸀ὅτι Οὐ χρείαν ἔχουσιν οἱ ἰσχύοντες ἰατροῦ ἀλλʼ οἱ κακῶς ἔχοντες· οὐκ ἦλθον καλέσαι δικαίους ἀλλὰ ⸀ἁμαρτωλούς.,οὐκ ἐλήλυθα καλέσαι δικαίους ἀλλὰ ἁμαρτωλοὺς εἰς μετάνοιαν.
ma_0050,Mark 13:26,Matt 24:30,Luke 21:27,0,,1,νεφελαισ,4,οψονται υιον ανθρωπου ερχομενον,5,shared_omission_against_mark,pressure on strict independent-use-of-Mark models; possible direct contact/common source/tradition/harmonization,unknown_unfiltered,"καὶ τότε φανήσεται τὸ σημεῖον τοῦ υἱοῦ τοῦ ἀνθρώπου ἐν ⸀τῷ οὐρανῷ, καὶ τότε κόψονται πᾶσαι αἱ φυλαὶ τῆς γῆς καὶ ὄψονται τὸν υἱὸν τοῦ ἀνθρώπου ἐρχόμενον ἐπὶ τῶν νεφελῶν τοῦ οὐρανοῦ μετὰ δυνάμεως καὶ δόξης πολλῆς·",καὶ τότε ὄψονται τὸν υἱὸν τοῦ ἀνθρώπου ἐρχόμενον ἐν νεφέλαις μετὰ δυνάμεως πολλῆς καὶ δόξης·,καὶ τότε ὄψονται τὸν υἱὸν τοῦ ἀνθρώπου ἐρχόμενον ἐν νεφέλῃ μετὰ δυνάμεως καὶ δόξης πολλῆς.
ma_0052,Mark 13:29,Matt 24:33,Luke 21:31,0,,0,,5,ουτωσ υμεισ οταν ιδητε ταυτα,5,shared_omission_against_mark,pressure on strict independent-use-of-Mark models; possible direct contact/common source/tradition/harmonization,unknown_unfiltered,"οὕτως καὶ ὑμεῖς, ὅταν ἴδητε ⸂πάντα ταῦτα⸃, γινώσκετε ὅτι ἐγγύς ἐστιν ἐπὶ θύραις.","οὕτως καὶ ὑμεῖς, ὅταν ⸂ἴδητε ταῦτα⸃ γινόμενα, γινώσκετε ὅτι ἐγγύς ἐστιν ἐπὶ θύραις.","οὕτως καὶ ὑμεῖς, ὅταν ἴδητε ταῦτα γινόμενα, γινώσκετε ὅτι ἐγγύς ἐστιν ἡ βασιλεία τοῦ θεοῦ."
ma_0108,Mark 8:29,Matt 16:16,Luke 9:20,0,,4,αυτοσ;αυτουσ;αυτω;επηρωτα,1,αποκριθεισ,5,shared_omission_against_mark,pressure on strict independent-use-of-Mark models; possible direct contact/common source/tradition/harmonization,unknown_unfiltered,ἀποκριθεὶς δὲ Σίμων Πέτρος εἶπεν· Σὺ εἶ ὁ χριστὸς ὁ υἱὸς τοῦ θεοῦ τοῦ ζῶντος.,καὶ αὐτὸς ⸂ἐπηρώτα αὐτούς⸃· Ὑμεῖς δὲ τίνα με λέγετε εἶναι; ⸀ἀποκριθεὶς ὁ Πέτρος λέγει αὐτῷ· Σὺ εἶ ὁ χριστός.,εἶπεν δὲ αὐτοῖς· Ὑμεῖς δὲ τίνα με λέγετε εἶναι; ⸂Πέτρος δὲ ἀποκριθεὶς⸃ εἶπεν· Τὸν χριστὸν τοῦ θεοῦ.
ma_0091,Mark 2:24,Matt 12:2,Luke 6:2,1,ειπαν,2,ελεγον;ιδε,1,ειπαν,5,lexical_addition_against_mark,pressure on strict independent-use-of-Mark models; possible direct contact/common source/tradition/harmonization,unknown_unfiltered,οἱ δὲ Φαρισαῖοι ἰδόντες εἶπαν αὐτῷ· Ἰδοὺ οἱ μαθηταί σου ποιοῦσιν ὃ οὐκ ἔξεστιν ποιεῖν ἐν σαββάτῳ.,καὶ οἱ Φαρισαῖοι ἔλεγον αὐτῷ· Ἴδε τί ⸀ποιοῦσιν τοῖς σάββασιν ὃ οὐκ ἔξεστιν;,τινὲς δὲ τῶν Φαρισαίων ⸀εἶπαν· Τί ποιεῖτε ὃ οὐκ ⸀ἔξεστιν τοῖς σάββασιν;
ma_0075,Mark 15:33,Matt 27:45,Luke 23:44,0,,1,γενομενησ,4,γην εωσ ωρασ ενατησ,5,shared_omission_against_mark,pressure on strict independent-use-of-Mark models; possible direct contact/common source/tradition/harmonization,unknown_unfiltered,Ἀπὸ δὲ ἕκτης ὥρας σκότος ἐγένετο ἐπὶ πᾶσαν τὴν γῆν ἕως ὥρας ἐνάτης.,⸂Καὶ γενομένης⸃ ὥρας ἕκτης σκότος ἐγένετο ἐφʼ ὅλην τὴν γῆν ἕως ὥρας ἐνάτης.,⸂Καὶ ἦν⸃ ⸀ἤδη ὡσεὶ ὥρα ἕκτη καὶ σκότος ἐγένετο ἐφʼ ὅλην τὴν γῆν ἕως ὥρας ἐνάτης
ma_0056,Mark 13:6,Matt 24:5,Luke 21:8,0,,0,,5,πολλοι ελευσονται ονοματι λεγοντεσ ειμι,5,shared_omission_against_mark,pressure on strict independent-use-of-Mark models; possible direct contact/common source/tradition/harmonization,unknown_unfiltered,"πολλοὶ γὰρ ἐλεύσονται ἐπὶ τῷ ὀνόματί μου λέγοντες· Ἐγώ εἰμι ὁ χριστός, καὶ πολλοὺς πλανήσουσιν.","⸀πολλοὶ ἐλεύσονται ἐπὶ τῷ ὀνόματί μου λέγοντες ὅτι Ἐγώ εἰμι, καὶ πολλοὺς πλανήσουσιν.",ὁ δὲ εἶπεν· Βλέπετε μὴ πλανηθῆτε· πολλοὶ γὰρ ἐλεύσονται ἐπὶ τῷ ὀνόματί μου ⸀λέγοντες· Ἐγώ εἰμι καί· Ὁ καιρὸς ἤγγικεν· ⸀μὴ πορευθῆτε ὀπίσω αὐτῶν.
ma_0099,Mark 3:4,Matt 12:12,Luke 6:9,0,,3,αποκτειναι;αυτοισ;εσιωπων,1,εξεστιν,4,shared_omission_against_mark,pressure on strict independent-use-of-Mark models; possible direct contact/common source/tradition/harmonization,unknown_unfiltered,πόσῳ οὖν διαφέρει ἄνθρωπος προβάτου. ὥστε ἔξεστιν τοῖς σάββασιν καλῶς ποιεῖν.,"καὶ λέγει αὐτοῖς· Ἔξεστιν τοῖς σάββασιν ⸀ἀγαθοποιῆσαι ἢ κακοποιῆσαι, ψυχὴν σῶσαι ἢ ἀποκτεῖναι; οἱ δὲ ἐσιώπων.","εἶπεν ⸀δὲ ὁ Ἰησοῦς πρὸς αὐτούς· ⸀Ἐπερωτῶ ὑμᾶς, ⸀εἰ ἔξεστιν ⸂τῷ σαββάτῳ⸃ ἀγαθοποιῆσαι ἢ κακοποιῆσαι, ψυχὴν σῶσαι ἢ ⸀ἀπολέσαι;"
ma_0071,Mark 15:2,Matt 27:11,Luke 23:3,1,εφη,0,,2,βασιλευσ ιουδαιων,4,lexical_addition_against_mark,pressure on strict independent-use-of-Mark models; possible direct contact/common source/tradition/harmonization,unknown_unfiltered,Ὁ δὲ Ἰησοῦς ⸀ἐστάθη ἔμπροσθεν τοῦ ἡγεμόνος· καὶ ἐπηρώτησεν αὐτὸν ὁ ἡγεμὼν λέγων· Σὺ εἶ ὁ βασιλεὺς τῶν Ἰουδαίων; ὁ δὲ Ἰησοῦς ⸀ἔφη· Σὺ λέγεις.,καὶ ἐπηρώτησεν αὐτὸν ὁ Πιλᾶτος· Σὺ εἶ ὁ βασιλεὺς τῶν Ἰουδαίων; ὁ δὲ ἀποκριθεὶς ⸂αὐτῷ λέγει⸃· Σὺ λέγεις.,ὁ δὲ Πιλᾶτος ⸀ἠρώτησεν αὐτὸν λέγων· Σὺ εἶ ὁ βασιλεὺς τῶν Ἰουδαίων; ὁ δὲ ἀποκριθεὶς αὐτῷ ἔφη· Σὺ λέγεις.
ma_0078,Mark 1:11,Matt 3:17,Luke 3:22,0,,1,εγενετο,3,υιοσ αγαπητοσ ευδοκησα,4,shared_omission_against_mark,pressure on strict independent-use-of-Mark models; possible direct contact/common source/tradition/harmonization,unknown_unfiltered,"καὶ ἰδοὺ φωνὴ ἐκ τῶν οὐρανῶν λέγουσα· Οὗτός ἐστιν ὁ υἱός μου ὁ ἀγαπητός, ἐν ᾧ εὐδόκησα.","καὶ φωνὴ ἐγένετο ἐκ τῶν οὐρανῶν· Σὺ εἶ ὁ υἱός μου ὁ ἀγαπητός, ἐν ⸀σοὶ εὐδόκησα.","καὶ καταβῆναι τὸ πνεῦμα τὸ ἅγιον σωματικῷ εἴδει ⸀ὡς περιστερὰν ἐπʼ αὐτόν, καὶ φωνὴν ἐξ οὐρανοῦ ⸀γενέσθαι· Σὺ εἶ ὁ υἱός μου ὁ ἀγαπητός, ἐν σοὶ εὐδόκησα."
ma_0069,Mark 14:48,Matt 26:52,Luke 22:52,0,,3,αποκριθεισ;αυτοισ;συλλαβειν,1,ιησουσ,4,shared_omission_against_mark,pressure on strict independent-use-of-Mark models; possible direct contact/common source/tradition/harmonization,unknown_unfiltered,"τότε λέγει αὐτῷ ὁ Ἰησοῦς· Ἀπόστρεψον ⸂τὴν μάχαιράν σου⸃ εἰς τὸν τόπον αὐτῆς, πάντες γὰρ οἱ λαβόντες μάχαιραν ἐν μαχαίρῃ ⸀ἀπολοῦνται·",καὶ ἀποκριθεὶς ὁ Ἰησοῦς εἶπεν αὐτοῖς· Ὡς ἐπὶ λῃστὴν ἐξήλθατε μετὰ μαχαιρῶν καὶ ξύλων συλλαβεῖν με;,εἶπεν ⸀δὲ Ἰησοῦς πρὸς τοὺς παραγενομένους ἐπʼ αὐτὸν ἀρχιερεῖς καὶ στρατηγοὺς τοῦ ἱεροῦ καὶ πρεσβυτέρους· Ὡς ἐπὶ λῃστὴν ⸀ἐξήλθατε μετὰ μαχαιρῶν καὶ ξύλων;
ma_0035,Mark 12:20,Matt 22:25,Luke 20:29,0,,2,αποθνησκων;ελαβεν,2,επτα αδελφοι,4,shared_omission_against_mark,pressure on strict independent-use-of-Mark models; possible direct contact/common source/tradition/harmonization,unknown_unfiltered,"ἦσαν δὲ παρʼ ἡμῖν ἑπτὰ ἀδελφοί· καὶ ὁ πρῶτος ⸀γήμας ἐτελεύτησεν, καὶ μὴ ἔχων σπέρμα ἀφῆκεν τὴν γυναῖκα αὐτοῦ τῷ ἀδελφῷ αὐτοῦ·","ἑπτὰ ἀδελφοὶ ἦσαν· καὶ ὁ πρῶτος ἔλαβεν γυναῖκα, καὶ ἀποθνῄσκων οὐκ ἀφῆκεν σπέρμα·",ἑπτὰ οὖν ἀδελφοὶ ἦσαν· καὶ ὁ πρῶτος λαβὼν γυναῖκα ἀπέθανεν ἄτεκνος·
ma_0020,Mark 11:15,Matt 21:12,Luke 19:45,0,,2,ερχονται;ιεροσολυμα,2,εισ ιερον,4,shared_omission_against_mark,pressure on strict independent-use-of-Mark models; possible direct contact/common source/tradition/harmonization,unknown_unfiltered,"Καὶ εἰσῆλθεν ⸀Ἰησοῦς εἰς τὸ ⸀ἱερόν, καὶ ἐξέβαλεν πάντας τοὺς πωλοῦντας καὶ ἀγοράζοντας ἐν τῷ ἱερῷ καὶ τὰς τραπέζας τῶν κολλυβιστῶν κατέστρεψεν καὶ τὰς καθέδρας τῶν πωλούντων τὰς περιστεράς,","Καὶ ἔρχονται εἰς Ἱεροσόλυμα. καὶ ⸀εἰσελθὼν εἰς τὸ ἱερὸν ἤρξατο ἐκβάλλειν τοὺς πωλοῦντας καὶ ⸀τοὺς ἀγοράζοντας ἐν τῷ ἱερῷ, καὶ τὰς τραπέζας τῶν κολλυβιστῶν καὶ τὰς καθέδρας τῶν πωλούντων τὰς περιστερὰς κατέστρεψεν","Καὶ εἰσελθὼν εἰς τὸ ἱερὸν ἤρξατο ἐκβάλλειν τοὺς ⸀πωλοῦντας,"
ma_0008,Mark 10:23,Matt 19:23,Luke 18:24,0,,2,εισελευσονται;περιβλεψαμενοσ,2,εισ βασιλειαν,4,shared_omission_against_mark,pressure on strict independent-use-of-Mark models; possible direct contact/common source/tradition/harmonization,unknown_unfiltered,Ὁ δὲ Ἰησοῦς εἶπεν τοῖς μαθηταῖς αὐτοῦ· Ἀμὴν λέγω ὑμῖν ὅτι ⸂πλούσιος δυσκόλως⸃ εἰσελεύσεται εἰς τὴν βασιλείαν τῶν οὐρανῶν·,Καὶ περιβλεψάμενος ὁ Ἰησοῦς λέγει τοῖς μαθηταῖς αὐτοῦ· Πῶς δυσκόλως οἱ τὰ χρήματα ἔχοντες εἰς τὴν βασιλείαν τοῦ θεοῦ εἰσελεύσονται.,Ἰδὼν δὲ αὐτὸν ὁ ⸀Ἰησοῦς εἶπεν· Πῶς δυσκόλως οἱ τὰ χρήματα ἔχοντες ⸂εἰς τὴν βασιλείαν τοῦ θεοῦ εἰσπορεύονται⸃·
ma_0011,Mark 10:27,Matt 19:26,Luke 18:27,1,εστιν,1,αλλ,1,ανθρωποισ,4,lexical_addition_against_mark,pressure on strict independent-use-of-Mark models; possible direct contact/common source/tradition/harmonization,unknown_unfiltered,"ἐμβλέψας δὲ ὁ Ἰησοῦς εἶπεν αὐτοῖς· Παρὰ ἀνθρώποις τοῦτο ἀδύνατόν ἐστιν, παρὰ δὲ θεῷ πάντα δυνατά.","⸀ἐμβλέψας αὐτοῖς ὁ Ἰησοῦς λέγει· Παρὰ ἀνθρώποις ἀδύνατον ἀλλʼ οὐ παρὰ θεῷ, πάντα γὰρ ⸀δυνατὰ παρὰ τῷ θεῷ.",ὁ δὲ εἶπεν· Τὰ ἀδύνατα παρὰ ἀνθρώποις δυνατὰ ⸂παρὰ τῷ θεῷ ἐστιν⸃.
ma_0038,Mark 12:23,Matt 22:28,Luke 20:33,0,,2,αναστωσιν;οταν,2,αναστασει τινοσ,4,shared_omission_against_mark,pressure on strict independent-use-of-Mark models; possible direct contact/common source/tradition/harmonization,unknown_unfiltered,ἐν τῇ ⸂ἀναστάσει οὖν⸃ τίνος τῶν ἑπτὰ ἔσται γυνή; πάντες γὰρ ἔσχον αὐτήν.,ἐν τῇ ἀναστάσει ⸂ὅταν ἀναστῶσιν⸃ τίνος αὐτῶν ἔσται γυνή; οἱ γὰρ ἑπτὰ ἔσχον αὐτὴν γυναῖκα.,⸂ἡ γυνὴ οὖν ἐν τῇ⸃ ἀναστάσει τίνος αὐτῶν γίνεται γυνή; οἱ γὰρ ἑπτὰ ἔσχον αὐτὴν γυναῖκα.
ma_0014,Mark 10:33,Matt 20:18,Luke 18:32,0,,1,παραδωσουσιν,2,παραδοθησεται τοισ,3,shared_omission_against_mark,pressure on strict independent-use-of-Mark models; possible direct contact/common source/tradition/harmonization,unknown_unfiltered,"Ἰδοὺ ἀναβαίνομεν εἰς Ἱεροσόλυμα, καὶ ὁ υἱὸς τοῦ ἀνθρώπου παραδοθήσεται τοῖς ἀρχιερεῦσιν καὶ γραμματεῦσιν, καὶ κατακρινοῦσιν αὐτὸν θανάτῳ,","ὅτι Ἰδοὺ ἀναβαίνομεν εἰς Ἱεροσόλυμα, καὶ ὁ υἱὸς τοῦ ἀνθρώπου παραδοθήσεται τοῖς ἀρχιερεῦσιν καὶ ⸀τοῖς γραμματεῦσιν, καὶ κατακρινοῦσιν αὐτὸν θανάτῳ καὶ παραδώσουσιν αὐτὸν τοῖς ἔθνεσιν","παραδοθήσεται γὰρ τοῖς ἔθνεσιν καὶ ἐμπαιχθήσεται καὶ ὑβρισθήσεται καὶ ἐμπτυσθήσεται,"
ma_0048,Mark 13:14,Matt 24:15,Luke 21:21,0,,3,δει;εστηκοτα;οπου,0,,3,shared_omission_against_mark,pressure on strict independent-use-of-Mark models; possible direct contact/common source/tradition/harmonization,unknown_unfiltered,"Ὅταν οὖν ἴδητε τὸ βδέλυγμα τῆς ἐρημώσεως τὸ ῥηθὲν διὰ Δανιὴλ τοῦ προφήτου ⸀ἑστὸς ἐν τόπῳ ἁγίῳ, ὁ ἀναγινώσκων νοείτω,","Ὅταν δὲ ἴδητε τὸ βδέλυγμα τῆς ἐρημώσεως ⸀ἑστηκότα ὅπου οὐ δεῖ, ὁ ἀναγινώσκων νοείτω, τότε οἱ ἐν τῇ Ἰουδαίᾳ φευγέτωσαν εἰς τὰ ὄρη,","τότε οἱ ἐν τῇ Ἰουδαίᾳ φευγέτωσαν εἰς τὰ ὄρη, καὶ οἱ ἐν μέσῳ αὐτῆς ἐκχωρείτωσαν, καὶ οἱ ἐν ταῖς χώραις μὴ εἰσερχέσθωσαν εἰς αὐτήν,"
ma_0047,Mark 12:8,Matt 21:39,Luke 20:15,0,,0,,3,εξω αμπελωνοσ απεκτειναν,3,shared_omission_against_mark,pressure on strict independent-use-of-Mark models; possible direct contact/common source/tradition/harmonization,unknown_unfiltered,καὶ λαβόντες αὐτὸν ἐξέβαλον ἔξω τοῦ ἀμπελῶνος καὶ ἀπέκτειναν.,"καὶ λαβόντες ⸂ἀπέκτειναν αὐτόν, καὶ ἐξέβαλον αὐτὸν⸃ ἔξω τοῦ ἀμπελῶνος.",καὶ ἐκβαλόντες αὐτὸν ἔξω τοῦ ἀμπελῶνος ἀπέκτειναν. τί οὖν ποιήσει αὐτοῖς ὁ κύριος τοῦ ἀμπελῶνος;
ma_0065,Mark 14:26,Matt 26:30,Luke 22:39,0,,0,,3,εισ οροσ ελαιων,3,shared_omission_against_mark,pressure on strict independent-use-of-Mark models; possible direct contact/common source/tradition/harmonization,unknown_unfiltered,καὶ ὑμνήσαντες ἐξῆλθον εἰς τὸ Ὄρος τῶν Ἐλαιῶν.,Καὶ ὑμνήσαντες ἐξῆλθον εἰς τὸ Ὄρος τῶν Ἐλαιῶν.,Καὶ ἐξελθὼν ἐπορεύθη κατὰ τὸ ἔθος εἰς τὸ Ὄρος τῶν Ἐλαιῶν· ἠκολούθησαν δὲ αὐτῷ καὶ οἱ ⸀μαθηταί.
ma_0109,Mark 8:30,Matt 16:20,Luke 9:21,0,,2,επετιμησεν;λεγωσιν,1,μηδενι,3,shared_omission_against_mark,pressure on strict independent-use-of-Mark models; possible direct contact/common source/tradition/harmonization,unknown_unfiltered,τότε ⸀διεστείλατο τοῖς ⸀μαθηταῖς ἵνα μηδενὶ εἴπωσιν ὅτι αὐτός ⸀ἐστιν ὁ χριστός.,καὶ ἐπετίμησεν αὐτοῖς ἵνα μηδενὶ λέγωσιν περὶ αὐτοῦ.,"Ὁ δὲ ἐπιτιμήσας αὐτοῖς παρήγγειλεν μηδενὶ ⸀λέγειν τοῦτο,"
ma_0074,Mark 15:30,Matt 27:40,Luke 23:39,0,,1,καταβασ,2,σωσον σεαυτον,3,shared_omission_against_mark,pressure on strict independent-use-of-Mark models; possible direct contact/common source/tradition/harmonization,unknown_unfiltered,"καὶ λέγοντες· Ὁ καταλύων τὸν ναὸν καὶ ἐν τρισὶν ἡμέραις οἰκοδομῶν, σῶσον σεαυτόν· εἰ υἱὸς εἶ τοῦ θεοῦ, ⸀κατάβηθι ἀπὸ τοῦ σταυροῦ.",σῶσον σεαυτὸν ⸀καταβὰς ἀπὸ τοῦ σταυροῦ.,Εἷς δὲ τῶν κρεμασθέντων κακούργων ἐβλασφήμει αὐτόν ⸀λέγων· ⸀Οὐχὶ σὺ εἶ ὁ χριστός; σῶσον σεαυτὸν καὶ ἡμᾶς.
ma_0085,Mark 2:14,Matt 9:9,Luke 5:27,0,,1,αλφαιου,2,καθημενον τελωνιον,3,shared_omission_against_mark,pressure on strict independent-use-of-Mark models; possible direct contact/common source/tradition/harmonization,unknown_unfiltered,"Καὶ παράγων ὁ Ἰησοῦς ἐκεῖθεν εἶδεν ἄνθρωπον καθήμενον ἐπὶ τὸ τελώνιον, Μαθθαῖον λεγόμενον, καὶ λέγει αὐτῷ· Ἀκολούθει μοι· καὶ ἀναστὰς ἠκολούθησεν αὐτῷ.","καὶ παράγων εἶδεν Λευὶν τὸν τοῦ Ἁλφαίου καθήμενον ἐπὶ τὸ τελώνιον, καὶ λέγει αὐτῷ· Ἀκολούθει μοι. καὶ ἀναστὰς ἠκολούθησεν αὐτῷ.","Καὶ μετὰ ταῦτα ἐξῆλθεν καὶ ἐθεάσατο τελώνην ὀνόματι Λευὶν καθήμενον ἐπὶ τὸ τελώνιον, καὶ εἶπεν αὐτῷ· Ἀκολούθει μοι."
ma_0064,Mark 14:22,Matt 26:26,Luke 22:19,0,,0,,3,τουτο εστιν σωμα,3,shared_omission_against_mark,pressure on strict independent-use-of-Mark models; possible direct contact/common source/tradition/harmonization,unknown_unfiltered,"Ἐσθιόντων δὲ αὐτῶν λαβὼν ὁ Ἰησοῦς ⸀ἄρτον καὶ ⸀εὐλογήσας ἔκλασεν καὶ ⸂δοὺς τοῖς μαθηταῖς⸃ εἶπεν· Λάβετε φάγετε, τοῦτό ἐστιν τὸ σῶμά μου.","Καὶ ἐσθιόντων αὐτῶν ⸀λαβὼν ἄρτον εὐλογήσας ἔκλασεν καὶ ἔδωκεν αὐτοῖς καὶ εἶπεν· ⸀Λάβετε, τοῦτό ἐστιν τὸ σῶμά μου.",καὶ λαβὼν ἄρτον εὐχαριστήσας ἔκλασεν καὶ ἔδωκεν αὐτοῖς λέγων· Τοῦτό ἐστιν τὸ σῶμά μου ⸂[τὸ ὑπὲρ ὑμῶν διδόμενον· τοῦτο ποιεῖτε εἰς τὴν ἐμὴν ἀνάμνησιν.
ma_0017,Mark 10:48,Matt 20:31,Luke 18:39,0,,2,πολλοι;σιωπηση,1,ελεησον,3,shared_omission_against_mark,pressure on strict independent-use-of-Mark models; possible direct contact/common source/tradition/harmonization,unknown_unfiltered,"ὁ δὲ ὄχλος ἐπετίμησεν αὐτοῖς ἵνα σιωπήσωσιν· οἱ δὲ μεῖζον ⸀ἔκραξαν λέγοντες· ⸂Κύριε, ἐλέησον ἡμᾶς⸃, ⸀υἱὸς Δαυίδ.","καὶ ἐπετίμων αὐτῷ πολλοὶ ἵνα σιωπήσῃ· ὁ δὲ πολλῷ μᾶλλον ἔκραζεν· Υἱὲ Δαυίδ, ἐλέησόν με.","καὶ οἱ προάγοντες ἐπετίμων αὐτῷ ἵνα ⸀σιγήσῃ· αὐτὸς δὲ πολλῷ μᾶλλον ἔκραζεν· Υἱὲ Δαυίδ, ἐλέησόν με."
ma_0062,Mark 14:14,Matt 26:18,Luke 22:11,0,,1,εισελθη,2,πασχα μαθητων,3,shared_omission_against_mark,pressure on strict independent-use-of-Mark models; possible direct contact/common source/tradition/harmonization,unknown_unfiltered,ὁ δὲ εἶπεν· Ὑπάγετε εἰς τὴν πόλιν πρὸς τὸν δεῖνα καὶ εἴπατε αὐτῷ· Ὁ διδάσκαλος λέγει· Ὁ καιρός μου ἐγγύς ἐστιν· πρὸς σὲ ποιῶ τὸ πάσχα μετὰ τῶν μαθητῶν μου.,καὶ ὅπου ⸀ἐὰν εἰσέλθῃ εἴπατε τῷ οἰκοδεσπότῃ ὅτι Ὁ διδάσκαλος λέγει· Ποῦ ἐστιν τὸ κατάλυμά ⸀μου ὅπου τὸ πάσχα μετὰ τῶν μαθητῶν μου φάγω;,καὶ ἐρεῖτε τῷ οἰκοδεσπότῃ τῆς οἰκίας· Λέγει σοι ὁ διδάσκαλος· Ποῦ ἐστιν τὸ κατάλυμα ὅπου τὸ πάσχα μετὰ τῶν μαθητῶν μου φάγω;
ma_0001,Mark 10:13,Matt 19:13,Luke 18:15,0,,1,αψηται,1,αυτω,2,shared_omission_against_mark,pressure on strict independent-use-of-Mark models; possible direct contact/common source/tradition/harmonization,unknown_unfiltered,Τότε ⸀προσηνέχθησαν αὐτῷ παιδία ἵνα τὰς χεῖρας ἐπιθῇ αὐτοῖς καὶ προσεύξηται· οἱ δὲ μαθηταὶ ἐπετίμησαν αὐτοῖς.,Καὶ προσέφερον αὐτῷ παιδία ἵνα ⸂αὐτῶν ἅψηται⸃· οἱ δὲ μαθηταὶ ⸂ἐπετίμησαν αὐτοῖς⸃.,Προσέφερον δὲ αὐτῷ καὶ τὰ βρέφη ἵνα αὐτῶν ἅπτηται· ἰδόντες δὲ οἱ μαθηταὶ ⸀ἐπετίμων αὐτοῖς.
ma_0098,Mark 3:3,Matt 12:11,Luke 6:8,0,,1,ανθρωπω,1,εισ,2,shared_omission_against_mark,pressure on strict independent-use-of-Mark models; possible direct contact/common source/tradition/harmonization,unknown_unfiltered,"ὁ δὲ εἶπεν αὐτοῖς· Τίς ⸀ἔσται ἐξ ὑμῶν ἄνθρωπος ὃς ἕξει πρόβατον ἕν, καὶ ἐὰν ἐμπέσῃ τοῦτο τοῖς σάββασιν εἰς βόθυνον, οὐχὶ κρατήσει αὐτὸ καὶ ἐγερεῖ;",καὶ λέγει τῷ ἀνθρώπῳ τῷ ⸂τὴν χεῖρα ἔχοντι ξηράν⸃· ⸀Ἔγειρε εἰς τὸ μέσον.,"αὐτὸς δὲ ᾔδει τοὺς διαλογισμοὺς αὐτῶν, ⸂εἶπεν δὲ⸃ τῷ ⸀ἀνδρὶ τῷ ξηρὰν ἔχοντι τὴν χεῖρα· ⸀Ἔγειρε καὶ στῆθι εἰς τὸ μέσον· ⸀καὶ ἀναστὰς ἔστη."
ma_0076,Mark 15:38,Matt 27:51,Luke 23:45,0,,0,,2,καταπετασμα ναου,2,shared_omission_against_mark,pressure on strict independent-use-of-Mark models; possible direct contact/common source/tradition/harmonization,unknown_unfiltered,"καὶ ἰδοὺ τὸ καταπέτασμα τοῦ ναοῦ ἐσχίσθη ⸂ἀπʼ ἄνωθεν ἕως κάτω εἰς δύο⸃, καὶ ἡ γῆ ἐσείσθη, καὶ αἱ πέτραι ἐσχίσθησαν,",καὶ τὸ καταπέτασμα τοῦ ναοῦ ἐσχίσθη εἰς δύο ἀπʼ ἄνωθεν ἕως κάτω.,"⸂τοῦ ἡλίου ἐκλιπόντος⸃, ἐσχίσθη ⸀δὲ τὸ καταπέτασμα τοῦ ναοῦ μέσον."
ma_0054,Mark 13:31,Matt 24:35,Luke 21:33,0,,0,,2,ουρανοσ γη,2,shared_omission_against_mark,pressure on strict independent-use-of-Mark models; possible direct contact/common source/tradition/harmonization,unknown_unfiltered,"ὁ οὐρανὸς καὶ ἡ γῆ ⸀παρελεύσεται, οἱ δὲ λόγοι μου οὐ μὴ παρέλθωσιν.","ὁ οὐρανὸς καὶ ἡ γῆ ⸀παρελεύσονται, οἱ δὲ λόγοι μου οὐ ⸀μὴ ⸁παρελεύσονται.","ὁ οὐρανὸς καὶ ἡ γῆ ⸀παρελεύσονται, οἱ δὲ λόγοι μου οὐ μὴ παρελεύσονται."
ma_0051,Mark 13:28,Matt 24:32,Luke 21:30,0,,0,,2,εγγυσ θεροσ,2,shared_omission_against_mark,pressure on strict independent-use-of-Mark models; possible direct contact/common source/tradition/harmonization,unknown_unfiltered,"Ἀπὸ δὲ τῆς συκῆς μάθετε τὴν παραβολήν· ὅταν ἤδη ὁ κλάδος αὐτῆς γένηται ἁπαλὸς καὶ τὰ φύλλα ἐκφύῃ, γινώσκετε ὅτι ἐγγὺς τὸ θέρος·","Ἀπὸ δὲ τῆς συκῆς μάθετε τὴν παραβολήν· ὅταν ⸂ἤδη ὁ κλάδος αὐτῆς⸃ ἁπαλὸς γένηται καὶ ἐκφύῃ τὰ φύλλα, γινώσκετε ὅτι ἐγγὺς τὸ θέρος ἐστίν·","ὅταν προβάλωσιν ἤδη, βλέποντες ἀφʼ ἑαυτῶν γινώσκετε ὅτι ἤδη ἐγγὺς τὸ θέρος ἐστίν·"
ma_0005,Mark 10:19,Matt 19:18,Luke 18:20,0,,1,αποστερησησ,0,,1,shared_omission_against_mark,pressure on strict independent-use-of-Mark models; possible direct contact/common source/tradition/harmonization,unknown_unfiltered,"λέγει αὐτῷ· Ποίας; ὁ δὲ Ἰησοῦς ⸀εἶπεν· Τὸ Οὐ φονεύσεις, Οὐ μοιχεύσεις, Οὐ κλέψεις, Οὐ ψευδομαρτυρήσεις,","τὰς ἐντολὰς οἶδας· Μὴ ⸂φονεύσῃς, Μὴ μοιχεύσῃς⸃, Μὴ κλέψῃς, Μὴ ψευδομαρτυρήσῃς, Μὴ ἀποστερήσῃς, Τίμα τὸν πατέρα σου καὶ τὴν μητέρα.","τὰς ἐντολὰς οἶδας· Μὴ μοιχεύσῃς, Μὴ φονεύσῃς, Μὴ κλέψῃς, Μὴ ψευδομαρτυρήσῃς, Τίμα τὸν πατέρα σου καὶ τὴν ⸀μητέρα."
ma_0004,Mark 10:18,Matt 19:17,Luke 18:19,0,,0,,1,αυτω,1,shared_omission_against_mark,pressure on strict independent-use-of-Mark models; possible direct contact/common source/tradition/harmonization,unknown_unfiltered,"ὁ δὲ εἶπεν αὐτῷ· Τί με ⸂ἐρωτᾷς περὶ τοῦ ἀγαθοῦ; εἷς ἐστιν ὁ ἀγαθός⸃· εἰ δὲ θέλεις ⸂εἰς τὴν ζωὴν εἰσελθεῖν⸃, ⸀τήρησον τὰς ἐντολάς.",ὁ δὲ Ἰησοῦς εἶπεν αὐτῷ· Τί με λέγεις ἀγαθόν; οὐδεὶς ἀγαθὸς εἰ μὴ εἷς ὁ θεός.,εἶπεν δὲ αὐτῷ ὁ Ἰησοῦς· Τί με λέγεις ἀγαθόν; οὐδεὶς ἀγαθὸς εἰ μὴ εἷς ὁ θεός.
ma_0057,Mark 13:7,Matt 24:6,Luke 21:9,0,,0,,1,πολεμουσ,1,shared_omission_against_mark,pressure on strict independent-use-of-Mark models; possible direct contact/common source/tradition/harmonization,unknown_unfiltered,"μελλήσετε δὲ ἀκούειν πολέμους καὶ ἀκοὰς πολέμων· ὁρᾶτε, μὴ θροεῖσθε· δεῖ ⸀γὰρ γενέσθαι, ἀλλʼ οὔπω ἐστὶν τὸ τέλος.","ὅταν δὲ ⸀ἀκούσητε πολέμους καὶ ἀκοὰς πολέμων, μὴ θροεῖσθε· ⸀δεῖ γενέσθαι, ἀλλʼ οὔπω τὸ τέλος.","ὅταν δὲ ἀκούσητε πολέμους καὶ ἀκαταστασίας, μὴ πτοηθῆτε· δεῖ γὰρ ταῦτα γενέσθαι πρῶτον, ἀλλʼ οὐκ εὐθέως τὸ τέλος."
ma_0095,Mark 2:5,Matt 9:2,Luke 5:20,0,,0,,1,ιδων,1,shared_omission_against_mark,pressure on strict independent-use-of-Mark models; possible direct contact/common source/tradition/harmonization,unknown_unfiltered,"Καὶ ἰδοὺ προσέφερον αὐτῷ παραλυτικὸν ἐπὶ κλίνης βεβλημένον. καὶ ἰδὼν ὁ Ἰησοῦς τὴν πίστιν αὐτῶν εἶπεν τῷ παραλυτικῷ· Θάρσει, τέκνον· ⸀ἀφίενταί ⸂σου αἱ ἁμαρτίαι⸃.","⸂καὶ ἰδὼν⸃ ὁ Ἰησοῦς τὴν πίστιν αὐτῶν λέγει τῷ παραλυτικῷ· Τέκνον, ⸂ἀφίενταί σου⸃ αἱ ⸀ἁμαρτίαι.","καὶ ἰδὼν τὴν πίστιν αὐτῶν ⸀εἶπεν· Ἄνθρωπε, ἀφέωνταί σοι αἱ ἁμαρτίαι σου."
