double_tradition_id,alignment_layer,matt_ref,luke_ref,matt_index,luke_index,score,lcs,tags,order_signal,matt_text,luke_text,shared_lemma_count,model_implication,main_counter_to_direct_use,matt_rank,luke_rank_by_matt_order,rank_distance_abs,nonlocal_flag
dt_secondary_042,secondary_echo_after_markan_mask,Matt 1:21,Luke 1:31,21,31,0.499258,0.714286,weaker_candidate,secondary_echo,"τέξεται δὲ υἱὸν καὶ καλέσεις τὸ ὄνομα αὐτοῦ Ἰησοῦν, αὐτὸς γὰρ σώσει τὸν λαὸν αὐτοῦ ἀπὸ τῶν ἁμαρτιῶν αὐτῶν.","καὶ ἰδοὺ συλλήμψῃ ἐν γαστρὶ καὶ τέξῃ υἱόν, καὶ καλέσεις τὸ ὄνομα αὐτοῦ Ἰησοῦν.",5,Strong displaced sayings echo; supports real shared tradition but weakens simple linear copying unless redistribution theory is supplied.,Direct-use models need plausible relocation/clustering/redistribution explanation.,1,1,0,True
dt_secondary_052,secondary_echo_after_markan_mask,Matt 1:23,Luke 1:31,23,31,0.431884,0.714286,weaker_candidate,secondary_echo,"Ἰδοὺ ἡ παρθένος ἐν γαστρὶ ἕξει καὶ τέξεται υἱόν, καὶ καλέσουσιν τὸ ὄνομα αὐτοῦ Ἐμμανουήλ· ὅ ἐστιν μεθερμηνευόμενον Μεθ’ ἡμῶν ὁ θεός.","καὶ ἰδοὺ συλλήμψῃ ἐν γαστρὶ καὶ τέξῃ υἱόν, καὶ καλέσεις τὸ ὄνομα αὐτοῦ Ἰησοῦν.",5,Strong displaced sayings echo; supports real shared tradition but weakens simple linear copying unless redistribution theory is supplied.,Direct-use models need plausible relocation/clustering/redistribution explanation.,2,2,0,True
dt_primary_001,primary_monotonic_after_markan_mask,Matt 1:25,Luke 1:31,25,31,0.598505,0.714286,moderate_parallel;content_order_preserved;multi_lemma_overlap,order_preserved_in_primary_chain,καὶ οὐκ ἐγίνωσκεν αὐτὴν ἕως οὗ ἔτεκεν ⸀υἱόν· καὶ ἐκάλεσεν τὸ ὄνομα αὐτοῦ Ἰησοῦν.,"καὶ ἰδοὺ συλλήμψῃ ἐν γαστρὶ καὶ τέξῃ υἱόν, καὶ καλέσεις τὸ ὄνομα αὐτοῦ Ἰησοῦν.",8,Part of monotonic masked chain; not by itself directional.,Direct-use models must explain displaced/secondary double-tradition material.,3,3,0,False
dt_primary_002,primary_monotonic_after_markan_mask,Matt 3:7,Luke 3:7,55,139,0.581523,0.7,moderate_parallel;matt_expands_or_luke_abbreviates;content_order_preserved;multi_lemma_overlap,order_preserved_in_primary_chain,"Ἰδὼν δὲ πολλοὺς τῶν Φαρισαίων καὶ Σαδδουκαίων ἐρχομένους ἐπὶ τὸ βάπτισμα ⸀αὐτοῦ εἶπεν αὐτοῖς· Γεννήματα ἐχιδνῶν, τίς ὑπέδειξεν ὑμῖν φυγεῖν ἀπὸ τῆς μελλούσης ὀργῆς;","Ἔλεγεν οὖν τοῖς ἐκπορευομένοις ὄχλοις βαπτισθῆναι ὑπ’ αὐτοῦ· Γεννήματα ἐχιδνῶν, τίς ὑπέδειξεν ὑμῖν φυγεῖν ἀπὸ τῆς μελλούσης ὀργῆς;",12,Part of monotonic masked chain; not by itself directional.,Direct-use models must explain displaced/secondary double-tradition material.,4,4,0,False
dt_secondary_049,secondary_echo_after_markan_mask,Matt 3:8,Luke 3:8,56,140,0.452852,1.0,weaker_candidate,secondary_echo,ποιήσατε οὖν καρπὸν ἄξιον τῆς μετανοίας,"ποιήσατε οὖν καρποὺς ἀξίους τῆς μετανοίας· καὶ μὴ ἄρξησθε λέγειν ἐν ἑαυτοῖς· Πατέρα ἔχομεν τὸν Ἀβραάμ, λέγω γὰρ ὑμῖν ὅτι δύναται ὁ θεὸς ἐκ τῶν λίθων τούτων ἐγεῖραι τέκνα τῷ Ἀβραάμ.",4,Strong displaced sayings echo; supports real shared tradition but weakens simple linear copying unless redistribution theory is supplied.,Direct-use models need plausible relocation/clustering/redistribution explanation.,5,5,0,True
dt_primary_003,primary_monotonic_after_markan_mask,Matt 3:9,Luke 3:8,57,140,0.759584,0.923077,strong_parallel;content_order_preserved;multi_lemma_overlap,order_preserved_in_primary_chain,"καὶ μὴ δόξητε λέγειν ἐν ἑαυτοῖς· Πατέρα ἔχομεν τὸν Ἀβραάμ, λέγω γὰρ ὑμῖν ὅτι δύναται ὁ θεὸς ἐκ τῶν λίθων τούτων ἐγεῖραι τέκνα τῷ Ἀβραάμ.","ποιήσατε οὖν καρποὺς ἀξίους τῆς μετανοίας· καὶ μὴ ἄρξησθε λέγειν ἐν ἑαυτοῖς· Πατέρα ἔχομεν τὸν Ἀβραάμ, λέγω γὰρ ὑμῖν ὅτι δύναται ὁ θεὸς ἐκ τῶν λίθων τούτων ἐγεῖραι τέκνα τῷ Ἀβραάμ.",19,Part of monotonic masked chain; not by itself directional.,Direct-use models must explain displaced/secondary double-tradition material.,6,6,0,False
dt_primary_004,primary_monotonic_after_markan_mask,Matt 3:10,Luke 3:9,58,141,0.936647,1.0,close_match;content_order_preserved;multi_lemma_overlap,order_preserved_in_primary_chain,ἤδη ⸀δὲ ἡ ἀξίνη πρὸς τὴν ῥίζαν τῶν δένδρων κεῖται· πᾶν οὖν δένδρον μὴ ποιοῦν καρπὸν καλὸν ἐκκόπτεται καὶ εἰς πῦρ βάλλεται.,ἤδη δὲ καὶ ἡ ἀξίνη πρὸς τὴν ῥίζαν τῶν δένδρων κεῖται· πᾶν οὖν δένδρον μὴ ποιοῦν καρπὸν καλὸν ἐκκόπτεται καὶ εἰς πῦρ βάλλεται.,19,Part of monotonic masked chain; not by itself directional.,Direct-use models must explain displaced/secondary double-tradition material.,7,7,0,False
dt_primary_005,primary_monotonic_after_markan_mask,Matt 3:12,Luke 3:17,60,149,0.818265,0.909091,close_match;content_order_preserved;multi_lemma_overlap,order_preserved_in_primary_chain,"οὗ τὸ πτύον ἐν τῇ χειρὶ αὐτοῦ, καὶ διακαθαριεῖ τὴν ἅλωνα αὐτοῦ καὶ συνάξει τὸν σῖτον αὐτοῦ εἰς τὴν ⸀ἀποθήκην, τὸ δὲ ἄχυρον κατακαύσει πυρὶ ἀσβέστῳ.","οὗ τὸ πτύον ἐν τῇ χειρὶ αὐτοῦ ⸀διακαθᾶραι τὴν ἅλωνα αὐτοῦ καὶ ⸀συναγαγεῖν τὸν σῖτον εἰς τὴν ἀποθήκην αὐτοῦ, τὸ δὲ ἄχυρον κατακαύσει πυρὶ ἀσβέστῳ.",17,Part of monotonic masked chain; not by itself directional.,Direct-use models must explain displaced/secondary double-tradition material.,8,9,1,False
dt_primary_006,primary_monotonic_after_markan_mask,Matt 4:3,Luke 4:3,68,173,0.515209,0.777778,moderate_parallel;content_order_preserved;multi_lemma_overlap,order_preserved_in_primary_chain,"καὶ προσελθὼν ⸂ὁ πειράζων εἶπεν αὐτῷ⸃· Εἰ υἱὸς εἶ τοῦ θεοῦ, εἰπὲ ἵνα οἱ λίθοι οὗτοι ἄρτοι γένωνται.","⸂εἶπεν δὲ⸃ αὐτῷ ὁ διάβολος· Εἰ υἱὸς εἶ τοῦ θεοῦ, εἰπὲ τῷ λίθῳ τούτῳ ἵνα γένηται ἄρτος.",12,Part of monotonic masked chain; not by itself directional.,Direct-use models must explain displaced/secondary double-tradition material.,9,10,1,False
dt_primary_007,primary_monotonic_after_markan_mask,Matt 4:4,Luke 4:4,69,174,0.47243,0.875,moderate_parallel;matt_expands_or_luke_abbreviates;content_order_preserved;multi_lemma_overlap,order_preserved_in_primary_chain,"ὁ δὲ ἀποκριθεὶς εἶπεν· Γέγραπται· Οὐκ ἐπ’ ἄρτῳ μόνῳ ζήσεται ⸀ὁ ἄνθρωπος, ἀλλ’ ⸀ἐπὶ παντὶ ῥήματι ἐκπορευομένῳ διὰ στόματος θεοῦ.",καὶ ἀπεκρίθη ⸂πρὸς αὐτὸν ὁ Ἰησοῦς⸃· Γέγραπται ὅτι Οὐκ ἐπ’ ἄρτῳ μόνῳ ζήσεται ⸀ὁ ⸀ἄνθρωπος.,9,Part of monotonic masked chain; not by itself directional.,Direct-use models must explain displaced/secondary double-tradition material.,10,11,1,False
dt_primary_008,primary_monotonic_after_markan_mask,Matt 4:6,Luke 4:11,71,181,0.601248,1.0,strong_parallel;matt_expands_or_luke_abbreviates;content_order_preserved;multi_lemma_overlap,order_preserved_in_primary_chain,"καὶ λέγει αὐτῷ· Εἰ υἱὸς εἶ τοῦ θεοῦ, βάλε σεαυτὸν κάτω· γέγραπται γὰρ ὅτι Τοῖς ἀγγέλοις αὐτοῦ ἐντελεῖται περὶ σοῦ καὶ ἐπὶ χειρῶν ἀροῦσίν σε, μήποτε προσκόψῃς πρὸς λίθον τὸν πόδα σου.",καὶ ⸀ὅτι Ἐπὶ χειρῶν ἀροῦσίν σε μήποτε προσκόψῃς πρὸς λίθον τὸν πόδα σου.,12,Part of monotonic masked chain; not by itself directional.,Direct-use models must explain displaced/secondary double-tradition material.,11,13,2,False
dt_primary_009,primary_monotonic_after_markan_mask,Matt 4:7,Luke 4:12,72,182,0.547393,0.625,moderate_parallel;multi_lemma_overlap,order_preserved_in_primary_chain,ἔφη αὐτῷ ὁ Ἰησοῦς· Πάλιν γέγραπται· Οὐκ ἐκπειράσεις κύριον τὸν θεόν σου.,καὶ ἀποκριθεὶς εἶπεν αὐτῷ ὁ Ἰησοῦς ὅτι Εἴρηται· Οὐκ ἐκπειράσεις κύριον τὸν θεόν σου.,8,Part of monotonic masked chain; not by itself directional.,Direct-use models must explain displaced/secondary double-tradition material.,12,14,2,False
dt_secondary_036,secondary_echo_after_markan_mask,Matt 4:10,Luke 4:8,75,178,0.54386,0.777778,weaker_candidate,secondary_echo,"τότε λέγει αὐτῷ ὁ Ἰησοῦς· ⸀Ὕπαγε, Σατανᾶ· γέγραπται γάρ· Κύριον τὸν θεόν σου προσκυνήσεις καὶ αὐτῷ μόνῳ λατρεύσεις.",καὶ ἀποκριθεὶς ⸂ὁ Ἰησοῦς εἶπεν αὐτῷ⸃· Γέγραπται· ⸂Κύριον τὸν θεόν σου προσκυνήσεις⸃ καὶ αὐτῷ μόνῳ λατρεύσεις.,8,Strong displaced sayings echo; supports real shared tradition but weakens simple linear copying unless redistribution theory is supplied.,Direct-use models need plausible relocation/clustering/redistribution explanation.,13,12,1,True
dt_primary_010,primary_monotonic_after_markan_mask,Matt 5:3,Luke 6:20,93,273,0.356689,0.666667,weak_parallel;luke_expands_or_matt_abbreviates;content_order_preserved,order_preserved_in_primary_chain,"Μακάριοι οἱ πτωχοὶ τῷ πνεύματι, ὅτι αὐτῶν ἐστιν ἡ βασιλεία τῶν οὐρανῶν.","Καὶ αὐτὸς ἐπάρας τοὺς ὀφθαλμοὺς αὐτοῦ εἰς τοὺς μαθητὰς αὐτοῦ ἔλεγεν· Μακάριοι οἱ πτωχοί, ὅτι ὑμετέρα ἐστὶν ἡ βασιλεία τοῦ θεοῦ.",7,Part of monotonic masked chain; not by itself directional.,Direct-use models must explain displaced/secondary double-tradition material.,14,15,1,False
dt_secondary_038,secondary_echo_after_markan_mask,Matt 5:26,Luke 12:59,116,625,0.533294,0.75,weaker_candidate;nonlocal_reorder,nonlocal_or_displaced_echo,"ἀμὴν λέγω σοι, οὐ μὴ ἐξέλθῃς ἐκεῖθεν ἕως ἂν ἀποδῷς τὸν ἔσχατον κοδράντην.","λέγω σοι, οὐ μὴ ἐξέλθῃς ἐκεῖθεν ἕως ⸂καὶ τὸ⸃ ἔσχατον λεπτὸν ἀποδῷς.",7,Strong displaced sayings echo; supports real shared tradition but weakens simple linear copying unless redistribution theory is supplied.,Direct-use models need plausible relocation/clustering/redistribution explanation.,15,94,79,True
dt_primary_011,primary_monotonic_after_markan_mask,Matt 5:46,Luke 6:32,136,285,0.408055,0.375,moderate_parallel,order_preserved_in_primary_chain,"ἐὰν γὰρ ἀγαπήσητε τοὺς ἀγαπῶντας ὑμᾶς, τίνα μισθὸν ἔχετε; οὐχὶ καὶ οἱ τελῶναι ⸂τὸ αὐτὸ⸃ ποιοῦσιν;","Καὶ εἰ ἀγαπᾶτε τοὺς ἀγαπῶντας ὑμᾶς, ποία ὑμῖν χάρις ἐστίν; καὶ γὰρ οἱ ἁμαρτωλοὶ τοὺς ἀγαπῶντας αὐτοὺς ἀγαπῶσιν.",6,Part of monotonic masked chain; not by itself directional.,Direct-use models must explain displaced/secondary double-tradition material.,16,16,0,False
dt_secondary_010,secondary_echo_after_markan_mask,Matt 6:11,Luke 11:3,149,515,0.730754,0.75,moderate_verbal_echo;nonlocal_reorder,nonlocal_or_displaced_echo,τὸν ἄρτον ἡμῶν τὸν ἐπιούσιον δὸς ἡμῖν σήμερον·,τὸν ἄρτον ἡμῶν τὸν ἐπιούσιον δίδου ἡμῖν τὸ καθ’ ἡμέραν·,3,Strong displaced sayings echo; supports real shared tradition but weakens simple linear copying unless redistribution theory is supplied.,Direct-use models need plausible relocation/clustering/redistribution explanation.,17,54,37,True
dt_secondary_008,secondary_echo_after_markan_mask,Matt 6:21,Luke 12:34,159,600,0.789321,0.833333,strong_verbal_echo;nonlocal_reorder,nonlocal_or_displaced_echo,"ὅπου γάρ ἐστιν ὁ θησαυρός ⸀σου, ἐκεῖ ἔσται καὶ ἡ καρδία ⸁σου.","ὅπου γάρ ἐστιν ὁ θησαυρὸς ὑμῶν, ἐκεῖ καὶ ἡ καρδία ὑμῶν ἔσται.",5,Strong displaced sayings echo; supports real shared tradition but weakens simple linear copying unless redistribution theory is supplied.,Direct-use models need plausible relocation/clustering/redistribution explanation.,18,84,66,True
dt_secondary_012,secondary_echo_after_markan_mask,Matt 6:22,Luke 11:34,160,546,0.710444,0.909091,moderate_verbal_echo;nonlocal_reorder,nonlocal_or_displaced_echo,"Ὁ λύχνος τοῦ σώματός ἐστιν ὁ ὀφθαλμός. ἐὰν οὖν ⸂ᾖ ὁ ὀφθαλμός σου ἁπλοῦς⸃, ὅλον τὸ σῶμά σου φωτεινὸν ἔσται·","ὁ λύχνος τοῦ σώματός ἐστιν ὁ ὀφθαλμός ⸀σου. ⸀ὅταν ὁ ὀφθαλμός σου ἁπλοῦς ᾖ, καὶ ὅλον τὸ σῶμά σου φωτεινόν ἐστιν· ἐπὰν δὲ πονηρὸς ᾖ, καὶ τὸ σῶμά σου σκοτεινόν.",7,Strong displaced sayings echo; supports real shared tradition but weakens simple linear copying unless redistribution theory is supplied.,Direct-use models need plausible relocation/clustering/redistribution explanation.,19,68,49,True
dt_secondary_053,secondary_echo_after_markan_mask,Matt 6:23,Luke 11:35,161,547,0.431274,0.75,weaker_candidate;nonlocal_reorder,nonlocal_or_displaced_echo,"ἐὰν δὲ ὁ ὀφθαλμός σου πονηρὸς ᾖ, ὅλον τὸ σῶμά σου σκοτεινὸν ἔσται. εἰ οὖν τὸ φῶς τὸ ἐν σοὶ σκότος ἐστίν, τὸ σκότος πόσον.",σκόπει οὖν μὴ τὸ φῶς τὸ ἐν σοὶ σκότος ἐστίν.,3,Strong displaced sayings echo; supports real shared tradition but weakens simple linear copying unless redistribution theory is supplied.,Direct-use models need plausible relocation/clustering/redistribution explanation.,20,69,49,True
dt_secondary_005,secondary_echo_after_markan_mask,Matt 6:24,Luke 16:13,162,740,0.935631,1.0,strong_verbal_echo;nonlocal_reorder,nonlocal_or_displaced_echo,"Οὐδεὶς δύναται δυσὶ κυρίοις δουλεύειν· ἢ γὰρ τὸν ἕνα μισήσει καὶ τὸν ἕτερον ἀγαπήσει, ἢ ἑνὸς ἀνθέξεται καὶ τοῦ ἑτέρου καταφρονήσει. οὐ δύνασθε θεῷ δουλεύειν καὶ μαμωνᾷ.","οὐδεὶς οἰκέτης δύναται δυσὶ κυρίοις δουλεύειν· ἢ γὰρ τὸν ἕνα μισήσει καὶ τὸν ἕτερον ἀγαπήσει, ἢ ἑνὸς ἀνθέξεται καὶ τοῦ ἑτέρου καταφρονήσει. οὐ δύνασθε θεῷ δουλεύειν καὶ μαμωνᾷ.",14,Strong displaced sayings echo; supports real shared tradition but weakens simple linear copying unless redistribution theory is supplied.,Direct-use models need plausible relocation/clustering/redistribution explanation.,21,101,80,True
dt_secondary_032,secondary_echo_after_markan_mask,Matt 6:25,Luke 12:22,163,588,0.57167,0.777778,moderate_verbal_echo;nonlocal_reorder,nonlocal_or_displaced_echo,"Διὰ τοῦτο λέγω ὑμῖν· μὴ μεριμνᾶτε τῇ ψυχῇ ὑμῶν τί ⸀φάγητε, μηδὲ τῷ σώματι ὑμῶν τί ἐνδύσησθε· οὐχὶ ἡ ψυχὴ πλεῖόν ἐστι τῆς τροφῆς καὶ τὸ σῶμα τοῦ ἐνδύματος;","Εἶπεν δὲ πρὸς τοὺς μαθητὰς αὐτοῦ· Διὰ τοῦτο ⸂λέγω ὑμῖν⸃, μὴ μεριμνᾶτε τῇ ⸀ψυχῇ τί φάγητε, μηδὲ τῷ ⸀σώματι τί ἐνδύσησθε.",7,Strong displaced sayings echo; supports real shared tradition but weakens simple linear copying unless redistribution theory is supplied.,Direct-use models need plausible relocation/clustering/redistribution explanation.,22,78,56,True
dt_secondary_021,secondary_echo_after_markan_mask,Matt 6:25,Luke 12:23,163,589,0.632518,1.0,moderate_verbal_echo;nonlocal_reorder,nonlocal_or_displaced_echo,"Διὰ τοῦτο λέγω ὑμῖν· μὴ μεριμνᾶτε τῇ ψυχῇ ὑμῶν τί ⸀φάγητε, μηδὲ τῷ σώματι ὑμῶν τί ἐνδύσησθε· οὐχὶ ἡ ψυχὴ πλεῖόν ἐστι τῆς τροφῆς καὶ τὸ σῶμα τοῦ ἐνδύματος;",ἡ ⸀γὰρ ψυχὴ πλεῖόν ἐστιν τῆς τροφῆς καὶ τὸ σῶμα τοῦ ἐνδύματος.,6,Strong displaced sayings echo; supports real shared tradition but weakens simple linear copying unless redistribution theory is supplied.,Direct-use models need plausible relocation/clustering/redistribution explanation.,22,79,57,True
dt_secondary_023,secondary_echo_after_markan_mask,Matt 6:27,Luke 12:25,165,591,0.62854,0.8,moderate_verbal_echo;nonlocal_reorder,nonlocal_or_displaced_echo,τίς δὲ ἐξ ὑμῶν μεριμνῶν δύναται προσθεῖναι ἐπὶ τὴν ἡλικίαν αὐτοῦ πῆχυν ἕνα;,τίς δὲ ἐξ ὑμῶν μεριμνῶν δύναται ⸂ἐπὶ τὴν ἡλικίαν αὐτοῦ προσθεῖναι⸃ ⸀πῆχυν;,5,Strong displaced sayings echo; supports real shared tradition but weakens simple linear copying unless redistribution theory is supplied.,Direct-use models need plausible relocation/clustering/redistribution explanation.,23,80,57,True
dt_secondary_057,secondary_echo_after_markan_mask,Matt 6:28,Luke 12:27,166,593,0.415049,0.6,weaker_candidate;nonlocal_reorder,nonlocal_or_displaced_echo,καὶ περὶ ἐνδύματος τί μεριμνᾶτε; καταμάθετε τὰ κρίνα τοῦ ἀγροῦ πῶς ⸂αὐξάνουσιν· οὐ κοπιῶσιν οὐδὲ νήθουσιν⸃·,"κατανοήσατε τὰ κρίνα πῶς αὐξάνει· οὐ κοπιᾷ οὐδὲ νήθει· λέγω δὲ ὑμῖν, οὐδὲ Σολομὼν ἐν πάσῃ τῇ δόξῃ αὐτοῦ περιεβάλετο ὡς ἓν τούτων.",6,Strong displaced sayings echo; supports real shared tradition but weakens simple linear copying unless redistribution theory is supplied.,Direct-use models need plausible relocation/clustering/redistribution explanation.,24,81,57,True
dt_secondary_017,secondary_echo_after_markan_mask,Matt 6:29,Luke 12:27,167,593,0.661733,1.0,moderate_verbal_echo;nonlocal_reorder,nonlocal_or_displaced_echo,λέγω δὲ ὑμῖν ὅτι οὐδὲ Σολομὼν ἐν πάσῃ τῇ δόξῃ αὐτοῦ περιεβάλετο ὡς ἓν τούτων.,"κατανοήσατε τὰ κρίνα πῶς αὐξάνει· οὐ κοπιᾷ οὐδὲ νήθει· λέγω δὲ ὑμῖν, οὐδὲ Σολομὼν ἐν πάσῃ τῇ δόξῃ αὐτοῦ περιεβάλετο ὡς ἓν τούτων.",7,Strong displaced sayings echo; supports real shared tradition but weakens simple linear copying unless redistribution theory is supplied.,Direct-use models need plausible relocation/clustering/redistribution explanation.,25,82,57,True
dt_secondary_030,secondary_echo_after_markan_mask,Matt 6:30,Luke 12:28,168,594,0.574883,0.75,moderate_verbal_echo;nonlocal_reorder,nonlocal_or_displaced_echo,"εἰ δὲ τὸν χόρτον τοῦ ἀγροῦ σήμερον ὄντα καὶ αὔριον εἰς κλίβανον βαλλόμενον ὁ θεὸς οὕτως ἀμφιέννυσιν, οὐ πολλῷ μᾶλλον ὑμᾶς, ὀλιγόπιστοι;","εἰ δὲ ⸂ἐν ἀγρῷ τὸν χόρτον ὄντα σήμερον⸃ καὶ αὔριον εἰς κλίβανον βαλλόμενον ὁ θεὸς οὕτως ⸀ἀμφιέζει, πόσῳ μᾶλλον ὑμᾶς, ὀλιγόπιστοι.",11,Strong displaced sayings echo; supports real shared tradition but weakens simple linear copying unless redistribution theory is supplied.,Direct-use models need plausible relocation/clustering/redistribution explanation.,26,83,57,True
dt_primary_012,primary_monotonic_after_markan_mask,Matt 7:1,Luke 6:37,173,290,0.562774,1.0,moderate_parallel;luke_expands_or_matt_abbreviates;content_order_preserved,order_preserved_in_primary_chain,"Μὴ κρίνετε, ἵνα μὴ κριθῆτε·","Καὶ μὴ κρίνετε, καὶ οὐ μὴ κριθῆτε· ⸀καὶ μὴ καταδικάζετε, καὶ οὐ μὴ καταδικασθῆτε. ἀπολύετε, καὶ ἀπολυθήσεσθε·",2,Part of monotonic masked chain; not by itself directional.,Direct-use models must explain displaced/secondary double-tradition material.,27,17,10,False
dt_primary_013,primary_monotonic_after_markan_mask,Matt 7:3,Luke 6:41,175,294,0.698098,0.777778,strong_parallel;content_order_preserved;multi_lemma_overlap,order_preserved_in_primary_chain,"τί δὲ βλέπεις τὸ κάρφος τὸ ἐν τῷ ὀφθαλμῷ τοῦ ἀδελφοῦ σου, τὴν δὲ ἐν τῷ σῷ ὀφθαλμῷ δοκὸν οὐ κατανοεῖς;","τί δὲ βλέπεις τὸ κάρφος τὸ ἐν τῷ ὀφθαλμῷ τοῦ ἀδελφοῦ σου, τὴν δὲ δοκὸν τὴν ἐν τῷ ἰδίῳ ὀφθαλμῷ οὐ κατανοεῖς;",12,Part of monotonic masked chain; not by itself directional.,Direct-use models must explain displaced/secondary double-tradition material.,28,20,8,False
dt_secondary_041,secondary_echo_after_markan_mask,Matt 7:3,Luke 6:42,175,295,0.502761,0.555556,weaker_candidate,secondary_echo,"τί δὲ βλέπεις τὸ κάρφος τὸ ἐν τῷ ὀφθαλμῷ τοῦ ἀδελφοῦ σου, τὴν δὲ ἐν τῷ σῷ ὀφθαλμῷ δοκὸν οὐ κατανοεῖς;","⸀πῶς δύνασαι λέγειν τῷ ἀδελφῷ σου· Ἀδελφέ, ἄφες ἐκβάλω τὸ κάρφος τὸ ἐν τῷ ὀφθαλμῷ σου, αὐτὸς τὴν ἐν τῷ ὀφθαλμῷ σοῦ δοκὸν οὐ βλέπων; ὑποκριτά, ἔκβαλε πρῶτον τὴν δοκὸν ἐκ τοῦ ὀφθαλμοῦ σοῦ, καὶ τότε διαβλέψεις ⸂τὸ κάρφος τὸ ἐν τῷ ὀφθαλμῷ τοῦ ἀδελφοῦ σου ἐκβαλεῖν⸃.",6,Strong displaced sayings echo; supports real shared tradition but weakens simple linear copying unless redistribution theory is supplied.,Direct-use models need plausible relocation/clustering/redistribution explanation.,28,21,7,True
dt_primary_014,primary_monotonic_after_markan_mask,Matt 7:4,Luke 6:42,176,295,0.690829,1.0,strong_parallel;luke_expands_or_matt_abbreviates;content_order_preserved;multi_lemma_overlap,order_preserved_in_primary_chain,"ἢ πῶς ἐρεῖς τῷ ἀδελφῷ σου· Ἄφες ἐκβάλω τὸ κάρφος ⸀ἐκ τοῦ ὀφθαλμοῦ σου, καὶ ἰδοὺ ἡ δοκὸς ἐν τῷ ὀφθαλμῷ σοῦ;","⸀πῶς δύνασαι λέγειν τῷ ἀδελφῷ σου· Ἀδελφέ, ἄφες ἐκβάλω τὸ κάρφος τὸ ἐν τῷ ὀφθαλμῷ σου, αὐτὸς τὴν ἐν τῷ ὀφθαλμῷ σοῦ δοκὸν οὐ βλέπων; ὑποκριτά, ἔκβαλε πρῶτον τὴν δοκὸν ἐκ τοῦ ὀφθαλμοῦ σοῦ, καὶ τότε διαβλέψεις ⸂τὸ κάρφος τὸ ἐν τῷ ὀφθαλμῷ τοῦ ἀδελφοῦ σου ἐκβαλεῖν⸃.",13,Part of monotonic masked chain; not by itself directional.,Direct-use models must explain displaced/secondary double-tradition material.,29,22,7,False
dt_secondary_014,secondary_echo_after_markan_mask,Matt 7:5,Luke 6:42,177,295,0.685983,0.818182,moderate_verbal_echo,secondary_echo,"ὑποκριτά, ἔκβαλε πρῶτον ⸂ἐκ τοῦ ὀφθαλμοῦ σοῦ τὴν δοκόν⸃, καὶ τότε διαβλέψεις ἐκβαλεῖν τὸ κάρφος ἐκ τοῦ ὀφθαλμοῦ τοῦ ἀδελφοῦ σου.","⸀πῶς δύνασαι λέγειν τῷ ἀδελφῷ σου· Ἀδελφέ, ἄφες ἐκβάλω τὸ κάρφος τὸ ἐν τῷ ὀφθαλμῷ σου, αὐτὸς τὴν ἐν τῷ ὀφθαλμῷ σοῦ δοκὸν οὐ βλέπων; ὑποκριτά, ἔκβαλε πρῶτον τὴν δοκὸν ἐκ τοῦ ὀφθαλμοῦ σοῦ, καὶ τότε διαβλέψεις ⸂τὸ κάρφος τὸ ἐν τῷ ὀφθαλμῷ τοῦ ἀδελφοῦ σου ἐκβαλεῖν⸃.",9,Strong displaced sayings echo; supports real shared tradition but weakens simple linear copying unless redistribution theory is supplied.,Direct-use models need plausible relocation/clustering/redistribution explanation.,30,23,7,True
dt_secondary_006,secondary_echo_after_markan_mask,Matt 7:7,Luke 11:9,179,521,0.917754,1.0,strong_verbal_echo;nonlocal_reorder,nonlocal_or_displaced_echo,"Αἰτεῖτε, καὶ δοθήσεται ὑμῖν· ζητεῖτε, καὶ εὑρήσετε· κρούετε, καὶ ἀνοιγήσεται ὑμῖν.","Κἀγὼ ὑμῖν λέγω, αἰτεῖτε, καὶ δοθήσεται ὑμῖν· ζητεῖτε, καὶ εὑρήσετε· κρούετε, καὶ ἀνοιγήσεται ὑμῖν·",6,Strong displaced sayings echo; supports real shared tradition but weakens simple linear copying unless redistribution theory is supplied.,Direct-use models need plausible relocation/clustering/redistribution explanation.,31,55,24,True
dt_secondary_037,secondary_echo_after_markan_mask,Matt 7:7,Luke 11:10,179,522,0.538197,0.833333,weaker_candidate;nonlocal_reorder,nonlocal_or_displaced_echo,"Αἰτεῖτε, καὶ δοθήσεται ὑμῖν· ζητεῖτε, καὶ εὑρήσετε· κρούετε, καὶ ἀνοιγήσεται ὑμῖν.","πᾶς γὰρ ὁ αἰτῶν λαμβάνει, καὶ ὁ ζητῶν εὑρίσκει, καὶ τῷ κρούοντι ἀνοιγήσεται.",5,Strong displaced sayings echo; supports real shared tradition but weakens simple linear copying unless redistribution theory is supplied.,Direct-use models need plausible relocation/clustering/redistribution explanation.,31,57,26,True
dt_secondary_043,secondary_echo_after_markan_mask,Matt 7:8,Luke 11:9,180,521,0.496599,0.714286,weaker_candidate;nonlocal_reorder,nonlocal_or_displaced_echo,πᾶς γὰρ ὁ αἰτῶν λαμβάνει καὶ ὁ ζητῶν εὑρίσκει καὶ τῷ κρούοντι ⸀ἀνοιγήσεται.,"Κἀγὼ ὑμῖν λέγω, αἰτεῖτε, καὶ δοθήσεται ὑμῖν· ζητεῖτε, καὶ εὑρήσετε· κρούετε, καὶ ἀνοιγήσεται ὑμῖν·",5,Strong displaced sayings echo; supports real shared tradition but weakens simple linear copying unless redistribution theory is supplied.,Direct-use models need plausible relocation/clustering/redistribution explanation.,32,56,24,True
dt_secondary_002,secondary_echo_after_markan_mask,Matt 7:8,Luke 11:10,180,522,1.0,1.0,strong_verbal_echo;nonlocal_reorder,nonlocal_or_displaced_echo,πᾶς γὰρ ὁ αἰτῶν λαμβάνει καὶ ὁ ζητῶν εὑρίσκει καὶ τῷ κρούοντι ⸀ἀνοιγήσεται.,"πᾶς γὰρ ὁ αἰτῶν λαμβάνει, καὶ ὁ ζητῶν εὑρίσκει, καὶ τῷ κρούοντι ἀνοιγήσεται.",7,Strong displaced sayings echo; supports real shared tradition but weakens simple linear copying unless redistribution theory is supplied.,Direct-use models need plausible relocation/clustering/redistribution explanation.,32,58,26,True
dt_secondary_009,secondary_echo_after_markan_mask,Matt 7:11,Luke 11:13,183,525,0.732157,0.846154,moderate_verbal_echo;nonlocal_reorder,nonlocal_or_displaced_echo,"εἰ οὖν ὑμεῖς πονηροὶ ὄντες οἴδατε δόματα ἀγαθὰ διδόναι τοῖς τέκνοις ὑμῶν, πόσῳ μᾶλλον ὁ πατὴρ ὑμῶν ὁ ἐν τοῖς οὐρανοῖς δώσει ἀγαθὰ τοῖς αἰτοῦσιν αὐτόν.","εἰ οὖν ὑμεῖς πονηροὶ ὑπάρχοντες οἴδατε δόματα ἀγαθὰ διδόναι τοῖς τέκνοις ὑμῶν, πόσῳ μᾶλλον ὁ πατὴρ ὁ ἐξ οὐρανοῦ δώσει πνεῦμα ἅγιον τοῖς αἰτοῦσιν αὐτόν.",10,Strong displaced sayings echo; supports real shared tradition but weakens simple linear copying unless redistribution theory is supplied.,Direct-use models need plausible relocation/clustering/redistribution explanation.,33,59,26,True
dt_secondary_050,secondary_echo_after_markan_mask,Matt 7:17,Luke 6:43,189,296,0.450375,0.5,weaker_candidate,secondary_echo,"οὕτως πᾶν δένδρον ἀγαθὸν καρποὺς καλοὺς ποιεῖ, τὸ δὲ σαπρὸν δένδρον καρποὺς πονηροὺς ποιεῖ·","Οὐ γάρ ἐστιν δένδρον καλὸν ποιοῦν καρπὸν σαπρόν, οὐδὲ ⸀πάλιν δένδρον σαπρὸν ποιοῦν καρπὸν καλόν.",5,Strong displaced sayings echo; supports real shared tradition but weakens simple linear copying unless redistribution theory is supplied.,Direct-use models need plausible relocation/clustering/redistribution explanation.,34,24,10,True
dt_primary_015,primary_monotonic_after_markan_mask,Matt 7:18,Luke 6:43,190,296,0.509298,0.583333,moderate_parallel;multi_lemma_overlap,order_preserved_in_primary_chain,"οὐ δύναται δένδρον ἀγαθὸν καρποὺς πονηροὺς ⸀ποιεῖν, οὐδὲ δένδρον σαπρὸν καρποὺς καλοὺς ποιεῖν.","Οὐ γάρ ἐστιν δένδρον καλὸν ποιοῦν καρπὸν σαπρόν, οὐδὲ ⸀πάλιν δένδρον σαπρὸν ποιοῦν καρπὸν καλόν.",7,Part of monotonic masked chain; not by itself directional.,Direct-use models must explain displaced/secondary double-tradition material.,35,25,10,False
dt_secondary_011,secondary_echo_after_markan_mask,Matt 7:19,Luke 3:9,191,141,0.713867,1.0,moderate_verbal_echo,secondary_echo,πᾶν δένδρον μὴ ποιοῦν καρπὸν καλὸν ἐκκόπτεται καὶ εἰς πῦρ βάλλεται.,ἤδη δὲ καὶ ἡ ἀξίνη πρὸς τὴν ῥίζαν τῶν δένδρων κεῖται· πᾶν οὖν δένδρον μὴ ποιοῦν καρπὸν καλὸν ἐκκόπτεται καὶ εἰς πῦρ βάλλεται.,9,Strong displaced sayings echo; supports real shared tradition but weakens simple linear copying unless redistribution theory is supplied.,Direct-use models need plausible relocation/clustering/redistribution explanation.,36,8,28,True
dt_primary_016,primary_monotonic_after_markan_mask,Matt 8:9,Luke 7:8,210,310,0.919195,1.0,close_match;content_order_preserved;multi_lemma_overlap,order_preserved_in_primary_chain,"καὶ γὰρ ἐγὼ ἄνθρωπός εἰμι ὑπὸ ⸀ἐξουσίαν, ἔχων ὑπ’ ἐμαυτὸν στρατιώτας, καὶ λέγω τούτῳ· Πορεύθητι, καὶ πορεύεται, καὶ ἄλλῳ· Ἔρχου, καὶ ἔρχεται, καὶ τῷ δούλῳ μου· Ποίησον τοῦτο, καὶ ποιεῖ.","καὶ γὰρ ἐγὼ ἄνθρωπός εἰμι ὑπὸ ἐξουσίαν τασσόμενος, ἔχων ὑπ’ ἐμαυτὸν στρατιώτας, καὶ λέγω τούτῳ· Πορεύθητι, καὶ πορεύεται, καὶ ἄλλῳ· Ἔρχου, καὶ ἔρχεται, καὶ τῷ δούλῳ μου· Ποίησον τοῦτο, καὶ ποιεῖ.",18,Part of monotonic masked chain; not by itself directional.,Direct-use models must explain displaced/secondary double-tradition material.,37,28,9,False
dt_primary_017,primary_monotonic_after_markan_mask,Matt 8:10,Luke 7:9,211,311,0.397739,0.7,weak_parallel;content_order_preserved;multi_lemma_overlap,order_preserved_in_primary_chain,"ἀκούσας δὲ ὁ Ἰησοῦς ἐθαύμασεν καὶ εἶπεν τοῖς ἀκολουθοῦσιν· Ἀμὴν λέγω ὑμῖν, ⸂παρ’ οὐδενὶ τοσαύτην πίστιν ἐν τῷ Ἰσραὴλ⸃ εὗρον.","ἀκούσας δὲ ταῦτα ὁ Ἰησοῦς ἐθαύμασεν αὐτόν, καὶ στραφεὶς τῷ ἀκολουθοῦντι αὐτῷ ὄχλῳ εἶπεν· Λέγω ὑμῖν, ⸀οὐδὲ ἐν τῷ Ἰσραὴλ τοσαύτην πίστιν εὗρον.",14,Part of monotonic masked chain; not by itself directional.,Direct-use models must explain displaced/secondary double-tradition material.,38,29,9,False
dt_secondary_058,secondary_echo_after_markan_mask,Matt 8:12,Luke 13:28,213,653,0.404378,0.5,weaker_candidate;nonlocal_reorder,nonlocal_or_displaced_echo,οἱ δὲ υἱοὶ τῆς βασιλείας ἐκβληθήσονται εἰς τὸ σκότος τὸ ἐξώτερον· ἐκεῖ ἔσται ὁ κλαυθμὸς καὶ ὁ βρυγμὸς τῶν ὀδόντων.,"ἐκεῖ ἔσται ὁ κλαυθμὸς καὶ ὁ βρυγμὸς τῶν ὀδόντων, ὅταν ⸀ὄψησθε Ἀβραὰμ καὶ Ἰσαὰκ καὶ Ἰακὼβ καὶ πάντας τοὺς προφήτας ἐν τῇ βασιλείᾳ τοῦ θεοῦ, ὑμᾶς δὲ ἐκβαλλομένους ἔξω.",7,Strong displaced sayings echo; supports real shared tradition but weakens simple linear copying unless redistribution theory is supplied.,Direct-use models need plausible relocation/clustering/redistribution explanation.,39,96,57,True
dt_secondary_001,secondary_echo_after_markan_mask,Matt 8:20,Luke 9:58,221,466,1.0,1.0,strong_verbal_echo;nonlocal_reorder,nonlocal_or_displaced_echo,"καὶ λέγει αὐτῷ ὁ Ἰησοῦς· Αἱ ἀλώπεκες φωλεοὺς ἔχουσιν καὶ τὰ πετεινὰ τοῦ οὐρανοῦ κατασκηνώσεις, ὁ δὲ υἱὸς τοῦ ἀνθρώπου οὐκ ἔχει ποῦ τὴν κεφαλὴν κλίνῃ.","καὶ εἶπεν αὐτῷ ὁ Ἰησοῦς· Αἱ ἀλώπεκες φωλεοὺς ἔχουσιν καὶ τὰ πετεινὰ τοῦ οὐρανοῦ κατασκηνώσεις, ὁ δὲ υἱὸς τοῦ ἀνθρώπου οὐκ ἔχει ποῦ τὴν κεφαλὴν κλίνῃ.",14,Strong displaced sayings echo; supports real shared tradition but weakens simple linear copying unless redistribution theory is supplied.,Direct-use models need plausible relocation/clustering/redistribution explanation.,40,41,1,True
dt_secondary_044,secondary_echo_after_markan_mask,Matt 8:21,Luke 9:59,222,467,0.491311,0.777778,weaker_candidate;nonlocal_reorder,nonlocal_or_displaced_echo,"ἕτερος δὲ τῶν ⸀μαθητῶν εἶπεν αὐτῷ· Κύριε, ἐπίτρεψόν μοι πρῶτον ἀπελθεῖν καὶ θάψαι τὸν πατέρα μου.","εἶπεν δὲ πρὸς ἕτερον· Ἀκολούθει μοι. ὁ δὲ εἶπεν· ⸀Κύριε, ἐπίτρεψόν μοι ⸂ἀπελθόντι πρῶτον⸃ θάψαι τὸν πατέρα μου.",8,Strong displaced sayings echo; supports real shared tradition but weakens simple linear copying unless redistribution theory is supplied.,Direct-use models need plausible relocation/clustering/redistribution explanation.,41,42,1,True
dt_secondary_028,secondary_echo_after_markan_mask,Matt 8:22,Luke 9:60,223,468,0.576413,0.714286,moderate_verbal_echo;nonlocal_reorder,nonlocal_or_displaced_echo,"ὁ δὲ Ἰησοῦς ⸀λέγει αὐτῷ· Ἀκολούθει μοι, καὶ ἄφες τοὺς νεκροὺς θάψαι τοὺς ἑαυτῶν νεκρούς.","εἶπεν δὲ ⸀αὐτῷ· Ἄφες τοὺς νεκροὺς θάψαι τοὺς ἑαυτῶν νεκρούς, σὺ δὲ ἀπελθὼν διάγγελλε τὴν βασιλείαν τοῦ θεοῦ.",4,Strong displaced sayings echo; supports real shared tradition but weakens simple linear copying unless redistribution theory is supplied.,Direct-use models need plausible relocation/clustering/redistribution explanation.,42,43,1,True
dt_secondary_046,secondary_echo_after_markan_mask,Matt 9:33,Luke 11:14,268,526,0.480515,0.545455,weaker_candidate;nonlocal_reorder,nonlocal_or_displaced_echo,καὶ ἐκβληθέντος τοῦ δαιμονίου ἐλάλησεν ὁ κωφός. καὶ ἐθαύμασαν οἱ ὄχλοι λέγοντες· Οὐδέποτε ἐφάνη οὕτως ἐν τῷ Ἰσραήλ.,Καὶ ἦν ἐκβάλλων ⸀δαιμόνιον κωφόν· ἐγένετο δὲ τοῦ δαιμονίου ἐξελθόντος ἐλάλησεν ὁ κωφός. καὶ ἐθαύμασαν οἱ ὄχλοι·,6,Strong displaced sayings echo; supports real shared tradition but weakens simple linear copying unless redistribution theory is supplied.,Direct-use models need plausible relocation/clustering/redistribution explanation.,43,60,17,True
dt_secondary_029,secondary_echo_after_markan_mask,Matt 9:37,Luke 10:2,272,472,0.576059,0.714286,moderate_verbal_echo;nonlocal_reorder,nonlocal_or_displaced_echo,"τότε λέγει τοῖς μαθηταῖς αὐτοῦ· Ὁ μὲν θερισμὸς πολύς, οἱ δὲ ἐργάται ὀλίγοι·","ἔλεγεν ⸀δὲ πρὸς αὐτούς· Ὁ μὲν θερισμὸς πολύς, οἱ δὲ ἐργάται ὀλίγοι· δεήθητε οὖν τοῦ κυρίου τοῦ θερισμοῦ ὅπως ⸂ἐργάτας ἐκβάλῃ⸃ εἰς τὸν θερισμὸν αὐτοῦ.",5,Strong displaced sayings echo; supports real shared tradition but weakens simple linear copying unless redistribution theory is supplied.,Direct-use models need plausible relocation/clustering/redistribution explanation.,44,44,0,True
dt_secondary_020,secondary_echo_after_markan_mask,Matt 9:38,Luke 10:2,273,472,0.634448,0.833333,moderate_verbal_echo;nonlocal_reorder,nonlocal_or_displaced_echo,δεήθητε οὖν τοῦ κυρίου τοῦ θερισμοῦ ὅπως ἐκβάλῃ ἐργάτας εἰς τὸν θερισμὸν αὐτοῦ.,"ἔλεγεν ⸀δὲ πρὸς αὐτούς· Ὁ μὲν θερισμὸς πολύς, οἱ δὲ ἐργάται ὀλίγοι· δεήθητε οὖν τοῦ κυρίου τοῦ θερισμοῦ ὅπως ⸂ἐργάτας ἐκβάλῃ⸃ εἰς τὸν θερισμὸν αὐτοῦ.",5,Strong displaced sayings echo; supports real shared tradition but weakens simple linear copying unless redistribution theory is supplied.,Direct-use models need plausible relocation/clustering/redistribution explanation.,45,45,0,True
dt_secondary_056,secondary_echo_after_markan_mask,Matt 10:14,Luke 9:5,287,413,0.420267,0.75,weaker_candidate,secondary_echo,"καὶ ὃς ⸀ἂν μὴ δέξηται ὑμᾶς μηδὲ ἀκούσῃ τοὺς λόγους ὑμῶν, ἐξερχόμενοι ⸀ἔξω τῆς οἰκίας ἢ τῆς πόλεως ἐκείνης ἐκτινάξατε τὸν κονιορτὸν τῶν ποδῶν ὑμῶν.","καὶ ὅσοι ⸀ἂν μὴ ⸀δέχωνται ὑμᾶς, ἐξερχόμενοι ἀπὸ τῆς πόλεως ⸀ἐκείνης τὸν κονιορτὸν ἀπὸ τῶν ποδῶν ὑμῶν ⸀ἀποτινάσσετε εἰς μαρτύριον ἐπ’ αὐτούς.",6,Strong displaced sayings echo; supports real shared tradition but weakens simple linear copying unless redistribution theory is supplied.,Direct-use models need plausible relocation/clustering/redistribution explanation.,46,40,6,True
dt_secondary_059,secondary_echo_after_markan_mask,Matt 10:15,Luke 10:12,288,482,0.403833,0.666667,weaker_candidate;nonlocal_reorder,nonlocal_or_displaced_echo,"ἀμὴν λέγω ὑμῖν, ἀνεκτότερον ἔσται γῇ Σοδόμων καὶ Γομόρρων ἐν ἡμέρᾳ κρίσεως ἢ τῇ πόλει ἐκείνῃ.",λέγω ὑμῖν ὅτι Σοδόμοις ἐν τῇ ἡμέρᾳ ἐκείνῃ ἀνεκτότερον ἔσται ἢ τῇ πόλει ἐκείνῃ.,6,Strong displaced sayings echo; supports real shared tradition but weakens simple linear copying unless redistribution theory is supplied.,Direct-use models need plausible relocation/clustering/redistribution explanation.,47,46,1,True
dt_secondary_039,secondary_echo_after_markan_mask,Matt 10:24,Luke 6:40,297,293,0.508187,0.666667,weaker_candidate,secondary_echo,Οὐκ ἔστιν μαθητὴς ὑπὲρ τὸν διδάσκαλον οὐδὲ δοῦλος ὑπὲρ τὸν κύριον αὐτοῦ.,"οὐκ ἔστιν μαθητὴς ὑπὲρ τὸν ⸀διδάσκαλον, κατηρτισμένος δὲ πᾶς ἔσται ὡς ὁ διδάσκαλος αὐτοῦ.",4,Strong displaced sayings echo; supports real shared tradition but weakens simple linear copying unless redistribution theory is supplied.,Direct-use models need plausible relocation/clustering/redistribution explanation.,48,19,29,True
dt_secondary_033,secondary_echo_after_markan_mask,Matt 10:26,Luke 12:2,299,568,0.570855,0.875,moderate_verbal_echo;nonlocal_reorder,nonlocal_or_displaced_echo,"Μὴ οὖν φοβηθῆτε αὐτούς· οὐδὲν γάρ ἐστιν κεκαλυμμένον ὃ οὐκ ἀποκαλυφθήσεται, καὶ κρυπτὸν ὃ οὐ γνωσθήσεται.","οὐδὲν δὲ συγκεκαλυμμένον ἐστὶν ὃ οὐκ ἀποκαλυφθήσεται, καὶ κρυπτὸν ὃ οὐ γνωσθήσεται.",6,Strong displaced sayings echo; supports real shared tradition but weakens simple linear copying unless redistribution theory is supplied.,Direct-use models need plausible relocation/clustering/redistribution explanation.,49,72,23,True
dt_secondary_031,secondary_echo_after_markan_mask,Matt 10:27,Luke 12:3,300,569,0.572205,0.75,moderate_verbal_echo;nonlocal_reorder,nonlocal_or_displaced_echo,"ὃ λέγω ὑμῖν ἐν τῇ σκοτίᾳ, εἴπατε ἐν τῷ φωτί· καὶ ὃ εἰς τὸ οὖς ἀκούετε, κηρύξατε ἐπὶ τῶν δωμάτων.","ἀνθ’ ὧν ὅσα ἐν τῇ σκοτίᾳ εἴπατε ἐν τῷ φωτὶ ἀκουσθήσεται, καὶ ὃ πρὸς τὸ οὖς ἐλαλήσατε ἐν τοῖς ταμείοις κηρυχθήσεται ἐπὶ τῶν δωμάτων.",7,Strong displaced sayings echo; supports real shared tradition but weakens simple linear copying unless redistribution theory is supplied.,Direct-use models need plausible relocation/clustering/redistribution explanation.,50,73,23,True
dt_secondary_025,secondary_echo_after_markan_mask,Matt 10:30,Luke 12:7,303,573,0.594954,0.833333,moderate_verbal_echo;nonlocal_reorder,nonlocal_or_displaced_echo,ὑμῶν δὲ καὶ αἱ τρίχες τῆς κεφαλῆς πᾶσαι ἠριθμημέναι εἰσίν.,ἀλλὰ καὶ αἱ τρίχες τῆς κεφαλῆς ὑμῶν πᾶσαι ἠρίθμηνται· ⸀μὴ φοβεῖσθε· πολλῶν στρουθίων διαφέρετε.,5,Strong displaced sayings echo; supports real shared tradition but weakens simple linear copying unless redistribution theory is supplied.,Direct-use models need plausible relocation/clustering/redistribution explanation.,51,74,23,True
dt_secondary_024,secondary_echo_after_markan_mask,Matt 10:31,Luke 12:7,304,573,0.611738,1.0,moderate_verbal_echo;nonlocal_reorder,nonlocal_or_displaced_echo,μὴ οὖν ⸀φοβεῖσθε· πολλῶν στρουθίων διαφέρετε ὑμεῖς.,ἀλλὰ καὶ αἱ τρίχες τῆς κεφαλῆς ὑμῶν πᾶσαι ἠρίθμηνται· ⸀μὴ φοβεῖσθε· πολλῶν στρουθίων διαφέρετε.,5,Strong displaced sayings echo; supports real shared tradition but weakens simple linear copying unless redistribution theory is supplied.,Direct-use models need plausible relocation/clustering/redistribution explanation.,52,75,23,True
dt_secondary_022,secondary_echo_after_markan_mask,Matt 10:32,Luke 12:8,305,574,0.631555,0.666667,moderate_verbal_echo;nonlocal_reorder,nonlocal_or_displaced_echo,"Πᾶς οὖν ὅστις ὁμολογήσει ἐν ἐμοὶ ἔμπροσθεν τῶν ἀνθρώπων, ὁμολογήσω κἀγὼ ἐν αὐτῷ ἔμπροσθεν τοῦ πατρός μου τοῦ ⸀ἐν οὐρανοῖς·","Λέγω δὲ ὑμῖν, πᾶς ὃς ἂν ⸀ὁμολογήσῃ ἐν ἐμοὶ ἔμπροσθεν τῶν ἀνθρώπων, καὶ ὁ υἱὸς τοῦ ἀνθρώπου ὁμολογήσει ἐν αὐτῷ ἔμπροσθεν τῶν ἀγγέλων τοῦ θεοῦ·",3,Strong displaced sayings echo; supports real shared tradition but weakens simple linear copying unless redistribution theory is supplied.,Direct-use models need plausible relocation/clustering/redistribution explanation.,53,76,23,True
dt_secondary_055,secondary_echo_after_markan_mask,Matt 10:35,Luke 12:53,308,619,0.421452,0.625,weaker_candidate;nonlocal_reorder,nonlocal_or_displaced_echo,"ἦλθον γὰρ διχάσαι ἄνθρωπον κατὰ τοῦ πατρὸς αὐτοῦ καὶ θυγατέρα κατὰ τῆς μητρὸς αὐτῆς καὶ νύμφην κατὰ τῆς πενθερᾶς αὐτῆς,","⸀διαμερισθήσονται πατὴρ ἐπὶ υἱῷ καὶ υἱὸς ἐπὶ πατρί, μήτηρ ⸀ἐπὶ ⸀θυγατέρα καὶ θυγάτηρ ἐπὶ ⸂τὴν μητέρα⸃, πενθερὰ ἐπὶ τὴν νύμφην αὐτῆς καὶ νύμφη ἐπὶ τὴν ⸀πενθεράν.",5,Strong displaced sayings echo; supports real shared tradition but weakens simple linear copying unless redistribution theory is supplied.,Direct-use models need plausible relocation/clustering/redistribution explanation.,54,93,39,True
dt_primary_018,primary_monotonic_after_markan_mask,Matt 11:3,Luke 7:19,318,321,0.404583,0.8,moderate_parallel;luke_expands_or_matt_abbreviates;content_order_preserved,order_preserved_in_primary_chain,εἶπεν αὐτῷ· Σὺ εἶ ὁ ἐρχόμενος ἢ ἕτερον προσδοκῶμεν;,ἔπεμψεν πρὸς τὸν ⸀κύριον λέγων· Σὺ εἶ ὁ ἐρχόμενος ἢ ⸀ἄλλον προσδοκῶμεν;,7,Part of monotonic masked chain; not by itself directional.,Direct-use models must explain displaced/secondary double-tradition material.,55,30,25,False
dt_primary_019,primary_monotonic_after_markan_mask,Matt 11:5,Luke 7:22,320,324,0.757422,1.0,strong_parallel;luke_expands_or_matt_abbreviates;content_order_preserved;multi_lemma_overlap,order_preserved_in_primary_chain,"τυφλοὶ ἀναβλέπουσιν καὶ χωλοὶ περιπατοῦσιν, λεπροὶ καθαρίζονται καὶ κωφοὶ ἀκούουσιν, ⸀καὶ νεκροὶ ἐγείρονται καὶ πτωχοὶ εὐαγγελίζονται·","καὶ ⸀ἀποκριθεὶς εἶπεν αὐτοῖς· Πορευθέντες ἀπαγγείλατε Ἰωάννῃ ἃ εἴδετε καὶ ἠκούσατε· ⸀τυφλοὶ ἀναβλέπουσιν, χωλοὶ περιπατοῦσιν, λεπροὶ καθαρίζονται, ⸀κωφοὶ ἀκούουσιν, νεκροὶ ἐγείρονται, πτωχοὶ εὐαγγελίζονται·",13,Part of monotonic masked chain; not by itself directional.,Direct-use models must explain displaced/secondary double-tradition material.,56,31,25,False
dt_primary_020,primary_monotonic_after_markan_mask,Matt 11:6,Luke 7:23,321,325,1.0,1.0,close_match;content_order_preserved,order_preserved_in_primary_chain,καὶ μακάριός ἐστιν ὃς ⸀ἐὰν μὴ σκανδαλισθῇ ἐν ἐμοί.,καὶ μακάριός ἐστιν ὃς ἐὰν μὴ σκανδαλισθῇ ἐν ἐμοί.,9,Part of monotonic masked chain; not by itself directional.,Direct-use models must explain displaced/secondary double-tradition material.,57,32,25,False
dt_primary_021,primary_monotonic_after_markan_mask,Matt 11:7,Luke 7:24,322,326,0.758118,0.833333,strong_parallel;content_order_preserved;multi_lemma_overlap,order_preserved_in_primary_chain,Τούτων δὲ πορευομένων ἤρξατο ὁ Ἰησοῦς λέγειν τοῖς ὄχλοις περὶ Ἰωάννου· Τί ἐξήλθατε εἰς τὴν ἔρημον θεάσασθαι; κάλαμον ὑπὸ ἀνέμου σαλευόμενον;,Ἀπελθόντων δὲ τῶν ἀγγέλων Ἰωάννου ἤρξατο λέγειν ⸂πρὸς τοὺς ὄχλους⸃ περὶ Ἰωάννου· Τί ⸀ἐξήλθατε εἰς τὴν ἔρημον θεάσασθαι; κάλαμον ὑπὸ ἀνέμου σαλευόμενον;,16,Part of monotonic masked chain; not by itself directional.,Direct-use models must explain displaced/secondary double-tradition material.,58,33,25,False
dt_primary_022,primary_monotonic_after_markan_mask,Matt 11:8,Luke 7:25,323,327,0.411005,0.6,moderate_parallel;multi_lemma_overlap,order_preserved_in_primary_chain,ἀλλὰ τί ἐξήλθατε ἰδεῖν; ἄνθρωπον ἐν ⸀μαλακοῖς ἠμφιεσμένον; ἰδοὺ οἱ τὰ μαλακὰ φοροῦντες ἐν τοῖς οἴκοις τῶν ⸀βασιλέων ⸀εἰσίν.,ἀλλὰ τί ⸀ἐξήλθατε ἰδεῖν; ἄνθρωπον ἐν μαλακοῖς ἱματίοις ἠμφιεσμένον; ἰδοὺ οἱ ἐν ἱματισμῷ ἐνδόξῳ καὶ τρυφῇ ὑπάρχοντες ἐν τοῖς βασιλείοις εἰσίν.,11,Part of monotonic masked chain; not by itself directional.,Direct-use models must explain displaced/secondary double-tradition material.,59,34,25,False
dt_primary_023,primary_monotonic_after_markan_mask,Matt 11:9,Luke 7:26,324,328,0.572767,0.833333,moderate_parallel;content_order_preserved;multi_lemma_overlap,order_preserved_in_primary_chain,"ἀλλὰ τί ἐξήλθατε⸂; προφήτην ἰδεῖν⸃; ναί, λέγω ὑμῖν, καὶ περισσότερον προφήτου.","ἀλλὰ τί ⸀ἐξήλθατε ἰδεῖν; προφήτην; ναί, λέγω ὑμῖν, καὶ περισσότερον προφήτου.",10,Part of monotonic masked chain; not by itself directional.,Direct-use models must explain displaced/secondary double-tradition material.,60,35,25,False
dt_primary_024,primary_monotonic_after_markan_mask,Matt 11:11,Luke 7:28,326,330,0.475585,0.666667,moderate_parallel;content_order_preserved;multi_lemma_overlap,order_preserved_in_primary_chain,"ἀμὴν λέγω ὑμῖν, οὐκ ἐγήγερται ἐν γεννητοῖς γυναικῶν μείζων Ἰωάννου τοῦ βαπτιστοῦ· ὁ δὲ μικρότερος ἐν τῇ βασιλείᾳ τῶν οὐρανῶν μείζων αὐτοῦ ἐστιν.","⸀λέγω ὑμῖν, μείζων ἐν γεννητοῖς γυναικῶν ⸀Ἰωάννου οὐδείς ἐστιν· ὁ δὲ μικρότερος ἐν τῇ βασιλείᾳ τοῦ θεοῦ μείζων αὐτοῦ ἐστιν.",13,Part of monotonic masked chain; not by itself directional.,Direct-use models must explain displaced/secondary double-tradition material.,61,36,25,False
dt_primary_025,primary_monotonic_after_markan_mask,Matt 11:17,Luke 7:32,332,334,0.592822,0.857143,moderate_parallel;luke_expands_or_matt_abbreviates;content_order_preserved;multi_lemma_overlap,order_preserved_in_primary_chain,⸀λέγουσιν· Ηὐλήσαμεν ὑμῖν καὶ οὐκ ὠρχήσασθε· ⸀ἐθρηνήσαμεν καὶ οὐκ ἐκόψασθε·,"ὅμοιοί εἰσιν παιδίοις τοῖς ἐν ἀγορᾷ καθημένοις καὶ προσφωνοῦσιν ἀλλήλοις, ⸂ἃ λέγει⸃· Ηὐλήσαμεν ὑμῖν καὶ οὐκ ὠρχήσασθε· ⸀ἐθρηνήσαμεν καὶ οὐκ ἐκλαύσατε·",7,Part of monotonic masked chain; not by itself directional.,Direct-use models must explain displaced/secondary double-tradition material.,62,37,25,False
dt_primary_026,primary_monotonic_after_markan_mask,Matt 11:18,Luke 7:33,333,335,0.512271,1.0,moderate_parallel;luke_expands_or_matt_abbreviates;content_order_preserved;multi_lemma_overlap,order_preserved_in_primary_chain,"ἦλθεν γὰρ Ἰωάννης μήτε ἐσθίων μήτε πίνων, καὶ λέγουσιν· Δαιμόνιον ἔχει·","ἐλήλυθεν γὰρ Ἰωάννης ὁ βαπτιστὴς ⸀μὴ ⸂ἐσθίων ἄρτον μήτε πίνων οἶνον⸃, καὶ λέγετε· Δαιμόνιον ἔχει·",10,Part of monotonic masked chain; not by itself directional.,Direct-use models must explain displaced/secondary double-tradition material.,63,38,25,False
dt_primary_027,primary_monotonic_after_markan_mask,Matt 11:19,Luke 7:34,334,336,0.689853,0.916667,strong_parallel;matt_expands_or_luke_abbreviates;content_order_preserved;multi_lemma_overlap,order_preserved_in_primary_chain,"ἦλθεν ὁ υἱὸς τοῦ ἀνθρώπου ἐσθίων καὶ πίνων, καὶ λέγουσιν· Ἰδοὺ ἄνθρωπος φάγος καὶ οἰνοπότης, τελωνῶν φίλος καὶ ἁμαρτωλῶν. καὶ ἐδικαιώθη ἡ σοφία ἀπὸ τῶν ⸀ἔργων αὐτῆς.","ἐλήλυθεν ὁ υἱὸς τοῦ ἀνθρώπου ἐσθίων καὶ πίνων, καὶ λέγετε· Ἰδοὺ ἄνθρωπος φάγος καὶ οἰνοπότης, φίλος τελωνῶν καὶ ἁμαρτωλῶν.",14,Part of monotonic masked chain; not by itself directional.,Direct-use models must explain displaced/secondary double-tradition material.,64,39,25,False
dt_primary_028,primary_monotonic_after_markan_mask,Matt 11:21,Luke 10:13,336,483,0.920229,1.0,close_match;content_order_preserved;multi_lemma_overlap,order_preserved_in_primary_chain,"Οὐαί σοι, Χοραζίν· οὐαί σοι, Βηθσαϊδά· ὅτι εἰ ἐν Τύρῳ καὶ Σιδῶνι ἐγένοντο αἱ δυνάμεις αἱ γενόμεναι ἐν ὑμῖν, πάλαι ἂν ἐν σάκκῳ καὶ σποδῷ μετενόησαν.","Οὐαί σοι, Χοραζίν· οὐαί σοι, Βηθσαϊδά· ὅτι εἰ ἐν Τύρῳ καὶ Σιδῶνι ⸀ἐγενήθησαν αἱ δυνάμεις αἱ γενόμεναι ἐν ὑμῖν, πάλαι ἂν ἐν σάκκῳ καὶ σποδῷ ⸀καθήμενοι μετενόησαν.",18,Part of monotonic masked chain; not by itself directional.,Direct-use models must explain displaced/secondary double-tradition material.,65,47,18,False
dt_primary_029,primary_monotonic_after_markan_mask,Matt 11:22,Luke 10:14,337,484,0.752828,1.0,strong_parallel;content_order_preserved;multi_lemma_overlap,order_preserved_in_primary_chain,"πλὴν λέγω ὑμῖν, Τύρῳ καὶ Σιδῶνι ἀνεκτότερον ἔσται ἐν ἡμέρᾳ κρίσεως ἢ ὑμῖν.",πλὴν Τύρῳ καὶ Σιδῶνι ἀνεκτότερον ἔσται ἐν τῇ κρίσει ἢ ὑμῖν.,10,Part of monotonic masked chain; not by itself directional.,Direct-use models must explain displaced/secondary double-tradition material.,66,48,18,False
dt_primary_030,primary_monotonic_after_markan_mask,Matt 11:23,Luke 10:15,338,485,0.47833,0.8,moderate_parallel;matt_expands_or_luke_abbreviates;content_order_preserved,order_preserved_in_primary_chain,"καὶ σύ, Καφαρναούμ, ⸂μὴ ἕως οὐρανοῦ ὑψωθήσῃ⸃; ἕως ᾅδου ⸀καταβήσῃ· ὅτι εἰ ἐν Σοδόμοις ⸀ἐγενήθησαν αἱ δυνάμεις αἱ γενόμεναι ἐν σοί, ⸀ἔμεινεν ἂν μέχρι τῆς σήμερον.","καὶ σύ, Καφαρναούμ, ⸂μὴ ἕως οὐρανοῦ ὑψωθήσῃ⸃; ἕως ⸀τοῦ ᾅδου ⸀καταβιβασθήσῃ.",9,Part of monotonic masked chain; not by itself directional.,Direct-use models must explain displaced/secondary double-tradition material.,67,49,18,False
dt_primary_031,primary_monotonic_after_markan_mask,Matt 11:25,Luke 10:21,340,491,0.583264,0.714286,moderate_parallel;luke_expands_or_matt_abbreviates;content_order_preserved;multi_lemma_overlap,order_preserved_in_primary_chain,"Ἐν ἐκείνῳ τῷ καιρῷ ἀποκριθεὶς ὁ Ἰησοῦς εἶπεν· Ἐξομολογοῦμαί σοι, πάτερ κύριε τοῦ οὐρανοῦ καὶ τῆς γῆς, ὅτι ⸀ἔκρυψας ταῦτα ἀπὸ σοφῶν καὶ συνετῶν, καὶ ἀπεκάλυψας αὐτὰ νηπίοις·","Ἐν αὐτῇ τῇ ὥρᾳ ἠγαλλιάσατο ⸀τῷ πνεύματι ⸂τῷ ἁγίῳ⸃ καὶ εἶπεν· Ἐξομολογοῦμαί σοι, πάτερ κύριε τοῦ οὐρανοῦ καὶ τῆς γῆς, ὅτι ἀπέκρυψας ταῦτα ἀπὸ σοφῶν καὶ συνετῶν, καὶ ἀπεκάλυψας αὐτὰ νηπίοις· ναί, ὁ πατήρ, ὅτι οὕτως ⸂εὐδοκία ἐγένετο⸃ ἔμπροσθέν σου.",18,Part of monotonic masked chain; not by itself directional.,Direct-use models must explain displaced/secondary double-tradition material.,68,50,18,False
dt_secondary_051,secondary_echo_after_markan_mask,Matt 11:26,Luke 10:21,341,491,0.441698,1.0,weaker_candidate,secondary_echo,"ναί, ὁ πατήρ, ὅτι οὕτως ⸂εὐδοκία ἐγένετο⸃ ἔμπροσθέν σου.","Ἐν αὐτῇ τῇ ὥρᾳ ἠγαλλιάσατο ⸀τῷ πνεύματι ⸂τῷ ἁγίῳ⸃ καὶ εἶπεν· Ἐξομολογοῦμαί σοι, πάτερ κύριε τοῦ οὐρανοῦ καὶ τῆς γῆς, ὅτι ἀπέκρυψας ταῦτα ἀπὸ σοφῶν καὶ συνετῶν, καὶ ἀπεκάλυψας αὐτὰ νηπίοις· ναί, ὁ πατήρ, ὅτι οὕτως ⸂εὐδοκία ἐγένετο⸃ ἔμπροσθέν σου.",4,Strong displaced sayings echo; supports real shared tradition but weakens simple linear copying unless redistribution theory is supplied.,Direct-use models need plausible relocation/clustering/redistribution explanation.,69,51,18,True
dt_primary_032,primary_monotonic_after_markan_mask,Matt 11:27,Luke 10:22,342,492,0.678374,0.866667,strong_parallel;content_order_preserved;multi_lemma_overlap,order_preserved_in_primary_chain,"Πάντα μοι παρεδόθη ὑπὸ τοῦ πατρός μου, καὶ οὐδεὶς ἐπιγινώσκει τὸν υἱὸν εἰ μὴ ὁ πατήρ, οὐδὲ τὸν πατέρα τις ἐπιγινώσκει εἰ μὴ ὁ υἱὸς καὶ ᾧ ἐὰν βούληται ὁ υἱὸς ἀποκαλύψαι.","⸀πάντα μοι παρεδόθη ὑπὸ τοῦ πατρός μου, καὶ οὐδεὶς γινώσκει τίς ἐστιν ὁ υἱὸς εἰ μὴ ὁ πατήρ, καὶ τίς ἐστιν ὁ πατὴρ εἰ μὴ ὁ υἱὸς καὶ ᾧ ⸀ἐὰν βούληται ὁ υἱὸς ἀποκαλύψαι.",15,Part of monotonic masked chain; not by itself directional.,Direct-use models must explain displaced/secondary double-tradition material.,70,52,18,False
dt_primary_033,primary_monotonic_after_markan_mask,Matt 12:28,Luke 11:20,373,532,0.791266,0.857143,strong_parallel;content_order_preserved;multi_lemma_overlap,order_preserved_in_primary_chain,"εἰ δὲ ἐν πνεύματι θεοῦ ἐγὼ ἐκβάλλω τὰ δαιμόνια, ἄρα ἔφθασεν ἐφ’ ὑμᾶς ἡ βασιλεία τοῦ θεοῦ.","εἰ δὲ ἐν δακτύλῳ ⸀θεοῦ ἐκβάλλω τὰ δαιμόνια, ἄρα ἔφθασεν ἐφ’ ὑμᾶς ἡ βασιλεία τοῦ θεοῦ.",12,Part of monotonic masked chain; not by itself directional.,Direct-use models must explain displaced/secondary double-tradition material.,71,61,10,False
dt_primary_034,primary_monotonic_after_markan_mask,Matt 12:30,Luke 11:23,375,535,1.0,1.0,close_match;content_order_preserved,order_preserved_in_primary_chain,"ὁ μὴ ὢν μετ’ ἐμοῦ κατ’ ἐμοῦ ἐστιν, καὶ ὁ μὴ συνάγων μετ’ ἐμοῦ σκορπίζει.","ὁ μὴ ὢν μετ’ ἐμοῦ κατ’ ἐμοῦ ἐστιν, καὶ ὁ μὴ συνάγων μετ’ ἐμοῦ σκορπίζει.",9,Part of monotonic masked chain; not by itself directional.,Direct-use models must explain displaced/secondary double-tradition material.,72,62,10,False
dt_secondary_047,secondary_echo_after_markan_mask,Matt 12:32,Luke 12:10,377,576,0.465303,0.727273,weaker_candidate;nonlocal_reorder,nonlocal_or_displaced_echo,"καὶ ὃς ἐὰν εἴπῃ λόγον κατὰ τοῦ υἱοῦ τοῦ ἀνθρώπου, ἀφεθήσεται αὐτῷ· ὃς δ’ ἂν εἴπῃ κατὰ τοῦ πνεύματος τοῦ ἁγίου, οὐκ ἀφεθήσεται αὐτῷ οὔτε ἐν ⸂τούτῳ τῷ⸃ αἰῶνι οὔτε ἐν τῷ μέλλοντι.","καὶ πᾶς ὃς ἐρεῖ λόγον εἰς τὸν υἱὸν τοῦ ἀνθρώπου, ἀφεθήσεται αὐτῷ τῷ δὲ εἰς τὸ ἅγιον πνεῦμα βλασφημήσαντι οὐκ ἀφεθήσεται.",8,Strong displaced sayings echo; supports real shared tradition but weakens simple linear copying unless redistribution theory is supplied.,Direct-use models need plausible relocation/clustering/redistribution explanation.,73,77,4,True
dt_secondary_034,secondary_echo_after_markan_mask,Matt 12:33,Luke 6:43,378,296,0.566255,0.461538,moderate_verbal_echo,secondary_echo,"Ἢ ποιήσατε τὸ δένδρον καλὸν καὶ τὸν καρπὸν αὐτοῦ καλόν, ἢ ποιήσατε τὸ δένδρον σαπρὸν καὶ τὸν καρπὸν αὐτοῦ σαπρόν· ἐκ γὰρ τοῦ καρποῦ τὸ δένδρον γινώσκεται.","Οὐ γάρ ἐστιν δένδρον καλὸν ποιοῦν καρπὸν σαπρόν, οὐδὲ ⸀πάλιν δένδρον σαπρὸν ποιοῦν καρπὸν καλόν.",5,Strong displaced sayings echo; supports real shared tradition but weakens simple linear copying unless redistribution theory is supplied.,Direct-use models need plausible relocation/clustering/redistribution explanation.,74,26,48,True
dt_secondary_040,secondary_echo_after_markan_mask,Matt 12:35,Luke 6:45,380,298,0.508002,0.666667,weaker_candidate,secondary_echo,"ὁ ἀγαθὸς ἄνθρωπος ἐκ τοῦ ἀγαθοῦ θησαυροῦ ἐκβάλλει ἀγαθά, καὶ ὁ πονηρὸς ἄνθρωπος ἐκ τοῦ πονηροῦ θησαυροῦ ἐκβάλλει πονηρά.","ὁ ἀγαθὸς ἄνθρωπος ἐκ τοῦ ἀγαθοῦ θησαυροῦ τῆς καρδίας ⸀αὐτοῦ προφέρει τὸ ἀγαθόν, καὶ ὁ ⸀πονηρὸς ἐκ τοῦ ⸀πονηροῦ προφέρει τὸ πονηρόν· ἐκ γὰρ ⸀περισσεύματος καρδίας λαλεῖ τὸ στόμα αὐτοῦ.",4,Strong displaced sayings echo; supports real shared tradition but weakens simple linear copying unless redistribution theory is supplied.,Direct-use models need plausible relocation/clustering/redistribution explanation.,75,27,48,True
dt_secondary_003,secondary_echo_after_markan_mask,Matt 12:41,Luke 11:32,386,544,1.0,1.0,strong_verbal_echo,secondary_echo,"ἄνδρες Νινευῖται ἀναστήσονται ἐν τῇ κρίσει μετὰ τῆς γενεᾶς ταύτης καὶ κατακρινοῦσιν αὐτήν· ὅτι μετενόησαν εἰς τὸ κήρυγμα Ἰωνᾶ, καὶ ἰδοὺ πλεῖον Ἰωνᾶ ὧδε.","ἄνδρες ⸀Νινευῖται ἀναστήσονται ἐν τῇ κρίσει μετὰ τῆς γενεᾶς ταύτης καὶ κατακρινοῦσιν αὐτήν· ὅτι μετενόησαν εἰς τὸ κήρυγμα Ἰωνᾶ, καὶ ἰδοὺ πλεῖον Ἰωνᾶ ὧδε.",11,Strong displaced sayings echo; supports real shared tradition but weakens simple linear copying unless redistribution theory is supplied.,Direct-use models need plausible relocation/clustering/redistribution explanation.,76,67,9,True
dt_secondary_004,secondary_echo_after_markan_mask,Matt 12:42,Luke 11:31,387,543,0.942511,1.0,strong_verbal_echo,secondary_echo,"βασίλισσα νότου ἐγερθήσεται ἐν τῇ κρίσει μετὰ τῆς γενεᾶς ταύτης καὶ κατακρινεῖ αὐτήν· ὅτι ἦλθεν ἐκ τῶν περάτων τῆς γῆς ἀκοῦσαι τὴν σοφίαν Σολομῶνος, καὶ ἰδοὺ πλεῖον Σολομῶνος ὧδε.","βασίλισσα νότου ἐγερθήσεται ἐν τῇ κρίσει μετὰ τῶν ἀνδρῶν τῆς γενεᾶς ταύτης καὶ κατακρινεῖ αὐτούς· ὅτι ἦλθεν ἐκ τῶν περάτων τῆς γῆς ἀκοῦσαι τὴν σοφίαν Σολομῶνος, καὶ ἰδοὺ πλεῖον Σολομῶνος ὧδε.",14,Strong displaced sayings echo; supports real shared tradition but weakens simple linear copying unless redistribution theory is supplied.,Direct-use models need plausible relocation/clustering/redistribution explanation.,77,66,11,True
dt_primary_035,primary_monotonic_after_markan_mask,Matt 12:43,Luke 11:24,388,536,0.723668,0.909091,strong_parallel;luke_expands_or_matt_abbreviates;content_order_preserved;multi_lemma_overlap,order_preserved_in_primary_chain,"Ὅταν δὲ τὸ ἀκάθαρτον πνεῦμα ἐξέλθῃ ἀπὸ τοῦ ἀνθρώπου, διέρχεται δι’ ἀνύδρων τόπων ζητοῦν ἀνάπαυσιν, καὶ οὐχ εὑρίσκει.","Ὅταν τὸ ἀκάθαρτον πνεῦμα ἐξέλθῃ ἀπὸ τοῦ ἀνθρώπου, διέρχεται δι’ ἀνύδρων τόπων ζητοῦν ἀνάπαυσιν, καὶ μὴ ⸀εὑρίσκον λέγει· Ὑποστρέψω εἰς τὸν οἶκόν μου ὅθεν ἐξῆλθον·",15,Part of monotonic masked chain; not by itself directional.,Direct-use models must explain displaced/secondary double-tradition material.,78,63,15,False
dt_primary_036,primary_monotonic_after_markan_mask,Matt 12:44,Luke 11:25,389,537,0.46359,1.0,moderate_parallel;matt_expands_or_luke_abbreviates;content_order_preserved,order_preserved_in_primary_chain,τότε λέγει· ⸂Εἰς τὸν οἶκόν μου ἐπιστρέψω⸃ ὅθεν ἐξῆλθον· καὶ ἐλθὸν ⸀εὑρίσκει ⸀σχολάζοντα σεσαρωμένον καὶ κεκοσμημένον.,καὶ ἐλθὸν ⸀εὑρίσκει σεσαρωμένον καὶ κεκοσμημένον.,5,Part of monotonic masked chain; not by itself directional.,Direct-use models must explain displaced/secondary double-tradition material.,79,64,15,False
dt_primary_037,primary_monotonic_after_markan_mask,Matt 12:45,Luke 11:26,390,538,0.767182,0.933333,strong_parallel;matt_expands_or_luke_abbreviates;content_order_preserved;multi_lemma_overlap,order_preserved_in_primary_chain,"τότε πορεύεται καὶ παραλαμβάνει μεθ’ ἑαυτοῦ ἑπτὰ ἕτερα πνεύματα πονηρότερα ἑαυτοῦ, καὶ εἰσελθόντα κατοικεῖ ἐκεῖ· καὶ γίνεται τὰ ἔσχατα τοῦ ἀνθρώπου ἐκείνου χείρονα τῶν πρώτων. οὕτως ἔσται καὶ τῇ γενεᾷ ταύτῃ τῇ πονηρᾷ.","τότε πορεύεται καὶ παραλαμβάνει ⸂ἕτερα πνεύματα πονηρότερα ἑαυτοῦ ἑπτά⸃, καὶ ⸀εἰσελθόντα κατοικεῖ ἐκεῖ, καὶ γίνεται τὰ ἔσχατα τοῦ ἀνθρώπου ἐκείνου χείρονα τῶν πρώτων.",19,Part of monotonic masked chain; not by itself directional.,Direct-use models must explain displaced/secondary double-tradition material.,80,65,15,False
dt_secondary_060,secondary_echo_after_markan_mask,Matt 13:16,Luke 10:23,411,493,0.40269,0.6,weaker_candidate,secondary_echo,"ὑμῶν δὲ μακάριοι οἱ ὀφθαλμοὶ ὅτι βλέπουσιν, καὶ τὰ ὦτα ὑμῶν ὅτι ⸀ἀκούουσιν.",Καὶ στραφεὶς πρὸς τοὺς μαθητὰς κατ’ ἰδίαν εἶπεν· Μακάριοι οἱ ὀφθαλμοὶ οἱ βλέποντες ἃ βλέπετε.,3,Strong displaced sayings echo; supports real shared tradition but weakens simple linear copying unless redistribution theory is supplied.,Direct-use models need plausible relocation/clustering/redistribution explanation.,81,53,28,True
dt_secondary_016,secondary_echo_after_markan_mask,Matt 13:33,Luke 13:21,428,646,0.663345,0.909091,moderate_verbal_echo;nonlocal_reorder,nonlocal_or_displaced_echo,"Ἄλλην παραβολὴν ἐλάλησεν αὐτοῖς· Ὁμοία ἐστὶν ἡ βασιλεία τῶν οὐρανῶν ζύμῃ, ἣν λαβοῦσα γυνὴ ⸀ἐνέκρυψεν εἰς ἀλεύρου σάτα τρία ἕως οὗ ἐζυμώθη ὅλον.","ὁμοία ἐστὶν ζύμῃ, ἣν λαβοῦσα γυνὴ ⸀ἔκρυψεν εἰς ἀλεύρου σάτα τρία ἕως οὗ ἐζυμώθη ὅλον.",10,Strong displaced sayings echo; supports real shared tradition but weakens simple linear copying unless redistribution theory is supplied.,Direct-use models need plausible relocation/clustering/redistribution explanation.,82,95,13,True
dt_secondary_035,secondary_echo_after_markan_mask,Matt 15:14,Luke 6:39,503,292,0.546494,0.5,weaker_candidate;nonlocal_reorder,nonlocal_or_displaced_echo,"ἄφετε αὐτούς· ⸂τυφλοί εἰσιν ὁδηγοὶ τυφλῶν⸃· τυφλὸς δὲ τυφλὸν ἐὰν ὁδηγῇ, ἀμφότεροι εἰς βόθυνον πεσοῦνται.",Εἶπεν δὲ ⸀καὶ παραβολὴν αὐτοῖς· Μήτι δύναται τυφλὸς τυφλὸν ὁδηγεῖν; οὐχὶ ἀμφότεροι εἰς βόθυνον ⸀ἐμπεσοῦνται;,4,Strong displaced sayings echo; supports real shared tradition but weakens simple linear copying unless redistribution theory is supplied.,Direct-use models need plausible relocation/clustering/redistribution explanation.,83,18,65,True
dt_secondary_015,secondary_echo_after_markan_mask,Matt 21:44,Luke 20:18,724,903,0.671571,1.0,moderate_verbal_echo,secondary_echo,⸂Καὶ ὁ πεσὼν ἐπὶ τὸν λίθον τοῦτον συνθλασθήσεται· ἐφ’ ὃν δ’ ἂν πέσῃ λικμήσει αὐτόν.⸃,"πᾶς ὁ πεσὼν ἐπ’ ἐκεῖνον τὸν λίθον συνθλασθήσεται· ἐφ’ ὃν δ’ ἂν πέσῃ, λικμήσει αὐτόν.",4,Strong displaced sayings echo; supports real shared tradition but weakens simple linear copying unless redistribution theory is supplied.,Direct-use models need plausible relocation/clustering/redistribution explanation.,84,106,22,True
dt_secondary_048,secondary_echo_after_markan_mask,Matt 22:45,Luke 20:44,771,929,0.462497,0.833333,weaker_candidate,secondary_echo,"εἰ οὖν Δαυὶδ καλεῖ αὐτὸν κύριον, πῶς υἱὸς αὐτοῦ ἐστιν;","Δαυὶδ οὖν ⸂αὐτὸν κύριον⸃ καλεῖ, καὶ πῶς ⸂αὐτοῦ υἱός⸃ ἐστιν;",6,Strong displaced sayings echo; supports real shared tradition but weakens simple linear copying unless redistribution theory is supplied.,Direct-use models need plausible relocation/clustering/redistribution explanation.,85,107,22,True
dt_secondary_007,secondary_echo_after_markan_mask,Matt 23:12,Luke 14:11,784,671,0.880892,1.0,strong_verbal_echo;nonlocal_reorder,nonlocal_or_displaced_echo,"ὅστις δὲ ὑψώσει ἑαυτὸν ταπεινωθήσεται, καὶ ὅστις ταπεινώσει ἑαυτὸν ⸀ὑψωθήσεται.",ὅτι πᾶς ὁ ὑψῶν ἑαυτὸν ταπεινωθήσεται καὶ ὁ ταπεινῶν ἑαυτὸν ὑψωθήσεται.,2,Strong displaced sayings echo; supports real shared tradition but weakens simple linear copying unless redistribution theory is supplied.,Direct-use models need plausible relocation/clustering/redistribution explanation.,86,100,14,True
dt_secondary_019,secondary_echo_after_markan_mask,Matt 23:12,Luke 18:14,784,808,0.638974,1.0,moderate_verbal_echo,secondary_echo,"ὅστις δὲ ὑψώσει ἑαυτὸν ταπεινωθήσεται, καὶ ὅστις ταπεινώσει ἑαυτὸν ⸀ὑψωθήσεται.","λέγω ὑμῖν, κατέβη οὗτος δεδικαιωμένος εἰς τὸν οἶκον αὐτοῦ ⸂παρ’ ἐκεῖνον⸃· ὅτι πᾶς ὁ ὑψῶν ἑαυτὸν ταπεινωθήσεται, ὁ δὲ ταπεινῶν ἑαυτὸν ὑψωθήσεται.",2,Strong displaced sayings echo; supports real shared tradition but weakens simple linear copying unless redistribution theory is supplied.,Direct-use models need plausible relocation/clustering/redistribution explanation.,86,105,19,True
dt_primary_038,primary_monotonic_after_markan_mask,Matt 23:25,Luke 11:39,796,551,0.428249,0.545455,moderate_parallel;multi_lemma_overlap,order_preserved_in_primary_chain,"Οὐαὶ ὑμῖν, γραμματεῖς καὶ Φαρισαῖοι ὑποκριταί, ὅτι καθαρίζετε τὸ ἔξωθεν τοῦ ποτηρίου καὶ τῆς παροψίδος, ἔσωθεν δὲ γέμουσιν ἐξ ἁρπαγῆς καὶ ⸀ἀκρασίας.","εἶπεν δὲ ὁ κύριος πρὸς αὐτόν· Νῦν ὑμεῖς οἱ Φαρισαῖοι τὸ ἔξωθεν τοῦ ποτηρίου καὶ τοῦ πίνακος καθαρίζετε, τὸ δὲ ἔσωθεν ὑμῶν γέμει ἁρπαγῆς καὶ πονηρίας.",11,Part of monotonic masked chain; not by itself directional.,Direct-use models must explain displaced/secondary double-tradition material.,87,70,17,False
dt_primary_039,primary_monotonic_after_markan_mask,Matt 23:35,Luke 11:51,806,563,0.346588,0.5,weak_parallel;matt_expands_or_luke_abbreviates,order_preserved_in_primary_chain,"ὅπως ἔλθῃ ἐφ’ ὑμᾶς πᾶν αἷμα δίκαιον ἐκχυννόμενον ἐπὶ τῆς γῆς ἀπὸ τοῦ αἵματος Ἅβελ τοῦ δικαίου ἕως τοῦ αἵματος Ζαχαρίου υἱοῦ Βαραχίου, ὃν ἐφονεύσατε μεταξὺ τοῦ ναοῦ καὶ τοῦ θυσιαστηρίου.","⸀ἀπὸ αἵματος Ἅβελ ⸀ἕως αἵματος Ζαχαρίου τοῦ ἀπολομένου μεταξὺ τοῦ θυσιαστηρίου καὶ τοῦ οἴκου· ναί, λέγω ὑμῖν, ἐκζητηθήσεται ἀπὸ τῆς γενεᾶς ταύτης.",10,Part of monotonic masked chain; not by itself directional.,Direct-use models must explain displaced/secondary double-tradition material.,88,71,17,False
dt_secondary_013,secondary_echo_after_markan_mask,Matt 23:37,Luke 13:34,808,659,0.697825,0.9375,moderate_verbal_echo;nonlocal_reorder,nonlocal_or_displaced_echo,"Ἰερουσαλὴμ Ἰερουσαλήμ, ἡ ⸀ἀποκτείνουσα τοὺς προφήτας καὶ λιθοβολοῦσα τοὺς ἀπεσταλμένους πρὸς αὐτήν— ποσάκις ἠθέλησα ἐπισυναγαγεῖν τὰ τέκνα σου, ὃν τρόπον ⸂ὄρνις ἐπισυνάγει⸃ τὰ νοσσία ⸀αὐτῆς ὑπὸ τὰς πτέρυγας, καὶ οὐκ ἠθελήσατε;","Ἰερουσαλὴμ Ἰερουσαλήμ, ἡ ἀποκτείνουσα τοὺς προφήτας καὶ λιθοβολοῦσα τοὺς ἀπεσταλμένους πρὸς αὐτήν— ποσάκις ἠθέλησα ἐπισυνάξαι τὰ τέκνα σου ὃν τρόπον ὄρνις τὴν ἑαυτῆς νοσσιὰν ὑπὸ τὰς πτέρυγας, καὶ οὐκ ἠθελήσατε.",13,Strong displaced sayings echo; supports real shared tradition but weakens simple linear copying unless redistribution theory is supplied.,Direct-use models need plausible relocation/clustering/redistribution explanation.,89,98,9,True
dt_secondary_027,secondary_echo_after_markan_mask,Matt 23:39,Luke 13:35,810,660,0.579298,0.9,moderate_verbal_echo;nonlocal_reorder,nonlocal_or_displaced_echo,"λέγω γὰρ ὑμῖν, οὐ μή με ἴδητε ἀπ’ ἄρτι ἕως ἂν εἴπητε· Εὐλογημένος ὁ ἐρχόμενος ἐν ὀνόματι κυρίου.","ἰδοὺ ἀφίεται ὑμῖν ὁ οἶκος ⸀ὑμῶν. λέγω ⸀δὲ ⸀ὑμῖν, οὐ μὴ ⸂ἴδητέ με⸃ ἕως ⸂ἥξει ὅτε⸃ εἴπητε· Εὐλογημένος ὁ ἐρχόμενος ἐν ὀνόματι κυρίου.",8,Strong displaced sayings echo; supports real shared tradition but weakens simple linear copying unless redistribution theory is supplied.,Direct-use models need plausible relocation/clustering/redistribution explanation.,90,99,9,True
dt_secondary_026,secondary_echo_after_markan_mask,Matt 24:37,Luke 17:26,847,784,0.580004,0.857143,moderate_verbal_echo,secondary_echo,"ὥσπερ ⸀γὰρ αἱ ἡμέραι τοῦ Νῶε, οὕτως ⸀ἔσται ἡ παρουσία τοῦ υἱοῦ τοῦ ἀνθρώπου·","καὶ καθὼς ἐγένετο ἐν ταῖς ἡμέραις Νῶε, οὕτως ἔσται καὶ ἐν ταῖς ἡμέραις τοῦ υἱοῦ τοῦ ἀνθρώπου·",6,Strong displaced sayings echo; supports real shared tradition but weakens simple linear copying unless redistribution theory is supplied.,Direct-use models need plausible relocation/clustering/redistribution explanation.,91,102,11,True
dt_secondary_018,secondary_echo_after_markan_mask,Matt 24:38,Luke 17:27,848,785,0.648665,0.636364,moderate_verbal_echo,secondary_echo,"⸀ὡς γὰρ ἦσαν ἐν ταῖς ⸀ἡμέραις ταῖς πρὸ τοῦ κατακλυσμοῦ τρώγοντες καὶ πίνοντες, γαμοῦντες καὶ ⸀γαμίζοντες, ἄχρι ἧς ἡμέρας εἰσῆλθεν Νῶε εἰς τὴν κιβωτόν,","ἤσθιον, ἔπινον, ἐγάμουν, ⸀ἐγαμίζοντο, ἄχρι ἧς ἡμέρας εἰσῆλθεν Νῶε εἰς τὴν κιβωτόν, καὶ ἦλθεν ὁ κατακλυσμὸς καὶ ἀπώλεσεν ⸀πάντας.",8,Strong displaced sayings echo; supports real shared tradition but weakens simple linear copying unless redistribution theory is supplied.,Direct-use models need plausible relocation/clustering/redistribution explanation.,92,103,11,True
dt_secondary_054,secondary_echo_after_markan_mask,Matt 24:41,Luke 17:35,851,793,0.430506,0.714286,weaker_candidate,secondary_echo,"δύο ἀλήθουσαι ἐν τῷ ⸀μύλῳ, μία παραλαμβάνεται καὶ μία ἀφίεται.","⸂ἔσονται δύο⸃ ἀλήθουσαι ἐπὶ τὸ αὐτό, ⸀ἡ μία παραλημφθήσεται ⸂ἡ δὲ⸃ ἑτέρα ⸀ἀφεθήσεται.",5,Strong displaced sayings echo; supports real shared tradition but weakens simple linear copying unless redistribution theory is supplied.,Direct-use models need plausible relocation/clustering/redistribution explanation.,93,104,11,True
dt_primary_040,primary_monotonic_after_markan_mask,Matt 24:43,Luke 12:39,853,605,0.521288,0.727273,moderate_parallel;content_order_preserved;multi_lemma_overlap,order_preserved_in_primary_chain,"ἐκεῖνο δὲ γινώσκετε ὅτι εἰ ᾔδει ὁ οἰκοδεσπότης ποίᾳ φυλακῇ ὁ κλέπτης ἔρχεται, ἐγρηγόρησεν ἂν καὶ οὐκ ἂν εἴασεν διορυχθῆναι τὴν οἰκίαν αὐτοῦ.","Τοῦτο δὲ γινώσκετε ὅτι εἰ ᾔδει ὁ οἰκοδεσπότης ποίᾳ ὥρᾳ ὁ κλέπτης ἔρχεται, ⸂οὐκ ἂν⸃ ἀφῆκεν ⸀διορυχθῆναι τὸν οἶκον αὐτοῦ.",14,Part of monotonic masked chain; not by itself directional.,Direct-use models must explain displaced/secondary double-tradition material.,94,86,8,False
dt_primary_041,primary_monotonic_after_markan_mask,Matt 24:44,Luke 12:40,854,606,0.679317,0.888889,strong_parallel;content_order_preserved;multi_lemma_overlap,order_preserved_in_primary_chain,"διὰ τοῦτο καὶ ὑμεῖς γίνεσθε ἕτοιμοι, ὅτι ᾗ ⸂οὐ δοκεῖτε ὥρᾳ⸃ ὁ υἱὸς τοῦ ἀνθρώπου ἔρχεται.","καὶ ⸀ὑμεῖς γίνεσθε ἕτοιμοι, ὅτι ᾗ ὥρᾳ οὐ δοκεῖτε ὁ υἱὸς τοῦ ἀνθρώπου ἔρχεται.",13,Part of monotonic masked chain; not by itself directional.,Direct-use models must explain displaced/secondary double-tradition material.,95,87,8,False
dt_primary_042,primary_monotonic_after_markan_mask,Matt 24:45,Luke 12:42,855,608,0.456058,0.7,moderate_parallel;content_order_preserved;multi_lemma_overlap,order_preserved_in_primary_chain,Τίς ἄρα ἐστὶν ὁ πιστὸς δοῦλος καὶ φρόνιμος ὃν κατέστησεν ὁ ⸀κύριος ἐπὶ τῆς ⸀οἰκετείας αὐτοῦ τοῦ ⸀δοῦναι αὐτοῖς τὴν τροφὴν ἐν καιρῷ;,"⸂καὶ εἶπεν⸃ ὁ κύριος· Τίς ἄρα ἐστὶν ὁ πιστὸς οἰκονόμος, ⸀ὁ φρόνιμος, ὃν καταστήσει ὁ κύριος ἐπὶ τῆς θεραπείας αὐτοῦ τοῦ διδόναι ἐν καιρῷ ⸀τὸ σιτομέτριον;",15,Part of monotonic masked chain; not by itself directional.,Direct-use models must explain displaced/secondary double-tradition material.,96,88,8,False
dt_secondary_045,secondary_echo_after_markan_mask,Matt 24:46,Luke 12:37,856,603,0.485748,0.714286,weaker_candidate;nonlocal_reorder,nonlocal_or_displaced_echo,μακάριος ὁ δοῦλος ἐκεῖνος ὃν ἐλθὼν ὁ κύριος αὐτοῦ εὑρήσει ⸂οὕτως ποιοῦντα⸃·,"μακάριοι οἱ δοῦλοι ἐκεῖνοι, οὓς ἐλθὼν ὁ κύριος εὑρήσει γρηγοροῦντας· ἀμὴν λέγω ὑμῖν ὅτι περιζώσεται καὶ ἀνακλινεῖ αὐτοὺς καὶ παρελθὼν διακονήσει αὐτοῖς.",5,Strong displaced sayings echo; supports real shared tradition but weakens simple linear copying unless redistribution theory is supplied.,Direct-use models need plausible relocation/clustering/redistribution explanation.,97,85,12,True
dt_primary_043,primary_monotonic_after_markan_mask,Matt 24:46,Luke 12:43,856,609,0.782611,0.857143,strong_parallel;content_order_preserved;multi_lemma_overlap,order_preserved_in_primary_chain,μακάριος ὁ δοῦλος ἐκεῖνος ὃν ἐλθὼν ὁ κύριος αὐτοῦ εὑρήσει ⸂οὕτως ποιοῦντα⸃·,"μακάριος ὁ δοῦλος ἐκεῖνος, ὃν ἐλθὼν ὁ κύριος αὐτοῦ εὑρήσει ποιοῦντα οὕτως·",11,Part of monotonic masked chain; not by itself directional.,Direct-use models must explain displaced/secondary double-tradition material.,97,89,8,False
dt_primary_044,primary_monotonic_after_markan_mask,Matt 24:47,Luke 12:44,857,610,0.838452,1.0,close_match;content_order_preserved,order_preserved_in_primary_chain,ἀμὴν λέγω ὑμῖν ὅτι ἐπὶ πᾶσιν τοῖς ὑπάρχουσιν αὐτοῦ καταστήσει αὐτόν.,ἀληθῶς λέγω ὑμῖν ὅτι ἐπὶ πᾶσιν τοῖς ὑπάρχουσιν αὐτοῦ καταστήσει αὐτόν.,9,Part of monotonic masked chain; not by itself directional.,Direct-use models must explain displaced/secondary double-tradition material.,98,90,8,False
dt_primary_045,primary_monotonic_after_markan_mask,Matt 24:48,Luke 12:45,858,611,0.447738,0.833333,moderate_parallel;luke_expands_or_matt_abbreviates;content_order_preserved;multi_lemma_overlap,order_preserved_in_primary_chain,"ἐὰν δὲ εἴπῃ ὁ κακὸς δοῦλος ἐκεῖνος ἐν τῇ καρδίᾳ αὐτοῦ· Χρονίζει ⸂μου ὁ κύριος⸃,","ἐὰν δὲ εἴπῃ ὁ δοῦλος ἐκεῖνος ἐν τῇ καρδίᾳ αὐτοῦ· Χρονίζει ὁ κύριός μου ἔρχεσθαι, καὶ ἄρξηται τύπτειν τοὺς παῖδας καὶ τὰς παιδίσκας, ἐσθίειν τε καὶ πίνειν καὶ μεθύσκεσθαι,",12,Part of monotonic masked chain; not by itself directional.,Direct-use models must explain displaced/secondary double-tradition material.,99,91,8,False
dt_primary_046,primary_monotonic_after_markan_mask,Matt 24:50,Luke 12:46,860,612,0.777346,1.0,strong_parallel;luke_expands_or_matt_abbreviates;content_order_preserved;multi_lemma_overlap,order_preserved_in_primary_chain,"ἥξει ὁ κύριος τοῦ δούλου ἐκείνου ἐν ἡμέρᾳ ᾗ οὐ προσδοκᾷ καὶ ἐν ὥρᾳ ᾗ οὐ γινώσκει,","ἥξει ὁ κύριος τοῦ δούλου ἐκείνου ἐν ἡμέρᾳ ᾗ οὐ προσδοκᾷ καὶ ἐν ὥρᾳ ᾗ οὐ γινώσκει, καὶ διχοτομήσει αὐτὸν καὶ τὸ μέρος αὐτοῦ μετὰ τῶν ἀπίστων θήσει.",13,Part of monotonic masked chain; not by itself directional.,Direct-use models must explain displaced/secondary double-tradition material.,100,92,8,False
dt_primary_047,primary_monotonic_after_markan_mask,Matt 25:30,Luke 13:28,891,653,0.371233,0.5,weak_parallel;luke_expands_or_matt_abbreviates;multi_lemma_overlap,order_preserved_in_primary_chain,καὶ τὸν ἀχρεῖον δοῦλον ἐκβάλετε εἰς τὸ σκότος τὸ ἐξώτερον· ἐκεῖ ἔσται ὁ κλαυθμὸς καὶ ὁ βρυγμὸς τῶν ὀδόντων.,"ἐκεῖ ἔσται ὁ κλαυθμὸς καὶ ὁ βρυγμὸς τῶν ὀδόντων, ὅταν ⸀ὄψησθε Ἀβραὰμ καὶ Ἰσαὰκ καὶ Ἰακὼβ καὶ πάντας τοὺς προφήτας ἐν τῇ βασιλείᾳ τοῦ θεοῦ, ὑμᾶς δὲ ἐκβαλλομένους ἔξω.",8,Part of monotonic masked chain; not by itself directional.,Direct-use models must explain displaced/secondary double-tradition material.,101,97,4,False
dt_primary_048,primary_monotonic_after_markan_mask,Matt 26:16,Luke 22:6,923,976,0.521526,0.75,moderate_parallel;luke_expands_or_matt_abbreviates;content_order_preserved,order_preserved_in_primary_chain,καὶ ἀπὸ τότε ἐζήτει εὐκαιρίαν ἵνα αὐτὸν παραδῷ.,"καὶ ἐξωμολόγησεν, καὶ ἐζήτει εὐκαιρίαν τοῦ παραδοῦναι αὐτὸν ⸂ἄτερ ὄχλου αὐτοῖς⸃.",5,Part of monotonic masked chain; not by itself directional.,Direct-use models must explain displaced/secondary double-tradition material.,102,108,6,False
dt_primary_049,primary_monotonic_after_markan_mask,Matt 26:68,Luke 22:64,975,1034,0.556421,0.8,moderate_parallel;content_order_preserved,order_preserved_in_primary_chain,"λέγοντες· Προφήτευσον ἡμῖν, χριστέ, τίς ἐστιν ὁ παίσας σε;","καὶ περικαλύψαντες ⸂αὐτὸν ἐπηρώτων⸃ λέγοντες· Προφήτευσον, τίς ἐστιν ὁ παίσας σε;",7,Part of monotonic masked chain; not by itself directional.,Direct-use models must explain displaced/secondary double-tradition material.,103,109,6,False
