chain_rank,source_book,source_ref,source_idx,target_book,target_ref,target_idx,source_token_count,target_token_count,score,token_jaccard,stem_jaccard,bigram_dice,trigram_dice,weighted_jaccard,lcs_len,lcs_ratio,max_exact_run_len,max_exact_run,shared_content_token_count,shared_content_tokens,source_text_critical_status
1,Mark,Mark 1:3,3,Luke,Luke 3:4,136,9,15,0.7358,0.6,0.6,0.7273,0.7,0.6066,9,1.0,9,φωνη βοωντοσ ερημω ετοιμασατε οδον ευθειασ ποιειτε τασ τριβουσ,9,βοωντοσ ερημω ετοιμασατε ευθειασ οδον ποιειτε τασ τριβουσ φωνη,main_text
2,Mark,Mark 1:7,7,Luke,Luke 3:16,148,10,19,0.3526,0.3333,0.3333,0.2963,0.08,0.34,7,0.7,3,λυσαι ιμαντα υποδηματων,7,ειμι ερχεται ικανοσ ιμαντα ισχυροτεροσ λυσαι υποδηματων,main_text
3,Mark,Mark 1:11,11,Luke,Luke 3:22,154,6,14,0.285,0.1765,0.3333,0.2222,0.125,0.1789,3,0.5,3,υιοσ αγαπητοσ ευδοκησα,3,αγαπητοσ ευδοκησα υιοσ,main_text
4,Mark,Mark 1:21,21,Luke,Luke 4:31,201,9,10,0.2623,0.2857,0.2857,0.2353,0.0,0.2411,4,0.4444,2,εισ καφαρναουμ,4,εισ καφαρναουμ σαββασιν τοισ,main_text
5,Mark,Mark 1:22,22,Luke,Luke 4:32,202,9,4,0.2532,0.2,0.2,0.1818,0.0,0.2373,2,0.5,2,εξεπλησσοντο διδαχη,2,διδαχη εξεπλησσοντο,main_text
6,Mark,Mark 1:23,23,Luke,Luke 4:33,203,6,9,0.2689,0.25,0.3636,0.1538,0.0,0.256,3,0.5,2,συναγωγη ανθρωποσ,3,ανεκραξεν ανθρωποσ συναγωγη,main_text
7,Mark,Mark 1:24,24,Luke,Luke 4:34,204,8,9,0.9274,0.8889,0.8889,0.9333,0.9231,0.8581,8,1.0,8,ιησου ναζαρηνε ηλθεσ απολεσαι ημασ οιδα τισ αγιοσ,8,αγιοσ απολεσαι ηλθεσ ημασ ιησου ναζαρηνε οιδα τισ,main_text
8,Mark,Mark 1:25,25,Luke,Luke 4:35,205,5,14,0.5558,0.3846,0.3846,0.4706,0.4,0.3568,5,1.0,5,επετιμησεν αυτω ιησουσ φιμωθητι εξελθε,5,αυτω εξελθε επετιμησεν ιησουσ φιμωθητι,main_text
9,Mark,Mark 1:29,29,Luke,Luke 4:38,208,11,14,0.2732,0.2632,0.2632,0.2609,0.0952,0.2161,5,0.4545,3,εισ οικιαν σιμωνοσ,5,εισ οικιαν σιμωνοσ συναγωγησ τησ,main_text
10,Mark,Mark 1:31,31,Luke,Luke 4:39,209,11,11,0.2191,0.2353,0.25,0.2,0.0,0.2008,4,0.3636,2,αφηκεν αυτην,4,αυτην αυτοισ αφηκεν διηκονει,main_text
11,Mark,Mark 1:39,39,Luke,Luke 4:44,214,10,6,0.4481,0.3636,0.3636,0.4286,0.3333,0.3381,4,0.6667,4,κηρυσσων εισ τασ συναγωγασ,4,εισ κηρυσσων συναγωγασ τασ,main_text
12,Mark,Mark 1:40,40,Luke,Luke 5:12,226,9,16,0.1903,0.1364,0.1364,0.1739,0.0952,0.1615,3,0.3333,3,θελησ δυνασαι καθαρισαι,3,δυνασαι θελησ καθαρισαι,main_text
13,Mark,Mark 1:41,41,Luke,Luke 5:13,227,7,10,0.4346,0.4167,0.4167,0.4,0.1538,0.4511,5,0.7143,3,εκτεινασ χειρα ηψατο,5,εκτεινασ ηψατο θελω καθαρισθητι χειρα,main_text
14,Mark,Mark 1:44,44,Luke,Luke 5:14,228,17,18,0.4985,0.5909,0.5909,0.3636,0.2581,0.5659,12,0.7059,5,προσεταξεν μωυσησ εισ μαρτυριον αυτοισ,13,αλλα αυτοισ αυτω δειξον εισ ιερει καθαρισμου μαρτυριον μηδενι μωυσησ προσενεγκε προσεταξεν σεαυτον,main_text
15,Mark,Mark 2:5,50,Luke,Luke 5:20,234,7,5,0.2594,0.3333,0.3333,0.0,0.0,0.3205,3,0.6,1,ιδων,3,αμαρτιαι ιδων πιστιν,main_text
16,Mark,Mark 2:7,52,Luke,Luke 5:21,235,10,17,0.2599,0.3,0.3,0.08,0.0,0.2776,6,0.6,2,τισ δυναται,6,αμαρτιασ δυναται θεοσ λαλει ουτοσ τισ,main_text
17,Mark,Mark 2:8,53,Luke,Luke 5:22,236,12,10,0.3131,0.2941,0.3125,0.3,0.1111,0.3315,5,0.5,3,διαλογιζεσθε ταισ καρδιαισ,5,διαλογιζεσθε επιγνουσ ιησουσ καρδιαισ ταισ,main_text
18,Mark,Mark 2:9,54,Luke,Luke 5:23,237,11,8,0.5334,0.5455,0.5455,0.4706,0.2667,0.5131,7,0.875,3,εστιν ευκοπωτερον ειπειν,6,αμαρτιαι εγειρε ειπειν εστιν ευκοπωτερον περιπατει,main_text
19,Mark,Mark 2:10,55,Luke,Luke 5:24,238,10,17,0.4657,0.5,0.5,0.4,0.1739,0.4656,7,0.7,4,τησ γησ αφιεναι αμαρτιασ,9,αμαρτιασ ανθρωπου αφιεναι γησ ειδητε εξουσιαν εχει τησ υιοσ,main_text
20,Mark,Mark 2:14,59,Luke,Luke 5:27,241,11,10,0.3513,0.3333,0.3333,0.3158,0.2353,0.3253,5,0.5,4,καθημενον τελωνιον αυτω ακολουθει,5,ακολουθει αυτω καθημενον λευιν τελωνιον,main_text
21,Mark,Mark 2:17,62,Luke,Luke 5:32,246,15,7,0.3263,0.2222,0.2222,0.3,0.2222,0.2471,4,0.5714,4,καλεσαι δικαιουσ αλλα αμαρτωλουσ,4,αλλα αμαρτωλουσ δικαιουσ καλεσαι,main_text
22,Mark,Mark 2:19,64,Luke,Luke 5:34,248,16,11,0.2553,0.2,0.2632,0.24,0.1739,0.1905,4,0.3636,4,νυμφωνοσ νυμφιοσ μετ εστιν,4,εστιν μετ νυμφιοσ νυμφωνοσ,main_text
23,Mark,Mark 2:20,65,Luke,Luke 5:35,249,9,10,0.714,0.5833,0.9,0.7059,0.6667,0.6167,7,0.7778,7,ελευσονται ημεραι οταν απαρθη απ νυμφιοσ νηστευσουσιν,7,απ απαρθη ελευσονται ημεραι νηστευσουσιν νυμφιοσ οταν,main_text
24,Mark,Mark 2:21,66,Luke,Luke 5:36,250,15,18,0.1806,0.1923,0.2273,0.129,0.0,0.1861,5,0.3333,2,ουδεισ επιβλημα,5,επιβλημα ιματιον καινον ουδεισ παλαιον,main_text
25,Mark,Mark 2:22,67,Luke,Luke 5:37,251,20,17,0.5246,0.5789,0.5556,0.4571,0.303,0.5543,12,0.7059,7,ουδεισ βαλλει οινον νεον εισ ασκουσ παλαιουσ,11,ασκοι ασκουσ βαλλει εισ νεον οινον οινοσ ουδεισ παλαιουσ ρηξει τουσ,main_text
26,Mark,Mark 2:23,68,Luke,Luke 6:1,254,12,12,0.2138,0.2632,0.2632,0.0909,0.0,0.2241,5,0.4167,2,τουσ σταχυασ,5,εγενετο μαθηται σποριμων σταχυασ τουσ,main_text
27,Mark,Mark 2:24,69,Luke,Luke 6:2,255,8,7,0.2149,0.25,0.25,0.1538,0.0,0.2533,2,0.2857,2,τοισ σαββασιν,3,εξεστιν σαββασιν τοισ,main_text
28,Mark,Mark 2:25,70,Luke,Luke 6:3,256,11,14,0.3405,0.3158,0.3158,0.3478,0.1905,0.3305,6,0.5455,3,ανεγνωτε εποιησεν δαυιδ,6,ανεγνωτε αυτοσ δαυιδ επεινασεν εποιησεν μετ,main_text
29,Mark,Mark 2:26,71,Luke,Luke 6:4,257,20,19,0.5167,0.6087,0.6087,0.4865,0.2286,0.5878,13,0.6842,4,τουσ αρτουσ τησ προθεσεωσ,14,αρτουσ εδωκεν εισ εισηλθεν εξεστιν εφαγεν ιερεισ οικον ουσ προθεσεωσ τησ τοισ τουσ φαγειν,main_text
30,Mark,Mark 2:28,73,Luke,Luke 6:5,258,6,6,0.5355,0.7143,0.7143,0.4,0.0,0.729,4,0.6667,2,κυριοσ εστιν,5,ανθρωπου εστιν κυριοσ σαββατου υιοσ,main_text
31,Mark,Mark 3:1,74,Luke,Luke 6:6,259,8,12,0.2257,0.25,0.3333,0.1111,0.0,0.1955,3,0.375,2,εισ συναγωγην,4,ανθρωποσ εισ εκει συναγωγην,main_text
32,Mark,Mark 3:3,76,Luke,Luke 6:8,261,7,14,0.3147,0.4,0.4,0.1053,0.0,0.3872,4,0.5714,2,εισ μεσον,6,εγειρε εισ εχοντι μεσον ξηραν χειρα,main_text
33,Mark,Mark 3:4,77,Luke,Luke 6:9,262,10,12,0.3324,0.2941,0.2941,0.3,0.2222,0.3509,5,0.5,4,αγαθοποιησαι κακοποιησαι ψυχην σωσαι,5,αγαθοποιησαι εξεστιν κακοποιησαι σωσαι ψυχην,main_text
34,Mark,Mark 3:5,78,Luke,Luke 6:10,263,14,9,0.314,0.3529,0.3125,0.1905,0.0,0.3724,6,0.6667,2,εκτεινον χειρα,6,απεκατεσταθη αυτουσ εκτεινον περιβλεψαμενοσ χειρ χειρα,main_text
35,Mark,Mark 3:18,91,Luke,Luke 6:15,268,10,7,0.4615,0.4167,0.4167,0.4,0.3077,0.3954,5,0.7143,4,μαθθαιον θωμαν ιακωβον αλφαιου,5,αλφαιου θωμαν ιακωβον μαθθαιον σιμωνα,main_text
36,Mark,Mark 3:19,92,Luke,Luke 6:16,269,4,7,0.4977,0.4286,0.4286,0.4444,0.2857,0.4265,3,0.75,3,ιουδαν ισκαριωθ οσ,3,ιουδαν ισκαριωθ οσ,main_text
37,Mark,Mark 4:4,112,Luke,Luke 8:5,357,7,11,0.3928,0.3846,0.4167,0.25,0.1429,0.3978,5,0.7143,3,σπειρειν επεσεν οδον,5,επεσεν κατεφαγεν οδον πετεινα σπειρειν,main_text
38,Mark,Mark 4:9,117,Luke,Luke 8:8,360,5,15,0.2871,0.1765,0.1765,0.2222,0.125,0.1917,3,0.6,3,ωτα ακουειν ακουετω,3,ακουειν ακουετω ωτα,main_text
39,Mark,Mark 4:11,119,Luke,Luke 8:10,362,10,12,0.2571,0.2941,0.375,0.1,0.0,0.2463,5,0.5,2,τησ βασιλειασ,5,βασιλειασ δεδοται παραβολαισ τησ τοισ,main_text
40,Mark,Mark 4:15,123,Luke,Luke 8:12,364,16,12,0.1805,0.2174,0.2273,0.0769,0.0,0.2012,4,0.3333,2,αιρει λογον,5,αιρει εισιν ερχεται λογον οδον,main_text
41,Mark,Mark 4:18,126,Luke,Luke 8:14,366,10,14,0.3391,0.3529,0.3529,0.2727,0.1,0.2677,6,0.6,3,εισ τασ ακανθασ,6,ακανθασ ακουσαντεσ εισ εισιν ουτοι τασ,main_text
42,Mark,Mark 4:22,130,Luke,Luke 8:17,369,10,10,0.4154,0.5833,0.5833,0.2222,0.0,0.5521,6,0.6,2,εστιν κρυπτον,7,αποκρυφον εισ ελθη εστιν κρυπτον ουδε φανερον,main_text
43,Mark,Mark 4:25,133,Luke,Luke 8:18,370,9,13,0.409,0.4167,0.5455,0.3,0.1111,0.372,6,0.6667,3,δοθησεται αυτω οσ,5,απ αρθησεται αυτω δοθησεται οσ,main_text
44,Mark,Mark 4:35,143,Luke,Luke 8:22,374,8,16,0.2165,0.15,0.2105,0.1818,0.1,0.1471,3,0.375,3,διελθωμεν εισ περαν,3,διελθωμεν εισ περαν,main_text
45,Mark,Mark 4:39,147,Luke,Luke 8:24,376,11,14,0.2751,0.2632,0.2632,0.2609,0.0952,0.2528,5,0.4545,3,διεγερθεισ επετιμησεν ανεμω,5,ανεμω γαληνη διεγερθεισ εγενετο επετιμησεν,main_text
46,Mark,Mark 4:41,149,Luke,Luke 8:25,377,14,18,0.3351,0.28,0.28,0.3333,0.2857,0.2003,7,0.5,6,προσ αλληλουσ τισ αρα ουτοσ εστιν,7,αλληλουσ αρα αυτω εστιν ουτοσ προσ τισ,main_text
47,Mark,Mark 5:1,150,Luke,Luke 8:26,378,8,9,0.3103,0.3333,0.3333,0.2667,0.1538,0.2895,3,0.375,3,εισ χωραν γερασηνων,4,γερασηνων εισ τησ χωραν,main_text
48,Mark,Mark 5:7,156,Luke,Luke 8:28,380,10,12,0.5188,0.4667,0.4667,0.5,0.4444,0.4538,7,0.7,6,φωνη μεγαλη εμοι ιησου υιε υψιστου,7,βασανισησ εμοι ιησου μεγαλη υιε υψιστου φωνη,main_text
49,Mark,Mark 5:11,160,Luke,Luke 8:32,384,7,14,0.2867,0.3333,0.3333,0.1053,0.0,0.3609,4,0.5714,2,αγελη χοιρων,5,αγελη βοσκομενη εκει ορει χοιρων,main_text
50,Mark,Mark 5:13,162,Luke,Luke 8:33,385,18,13,0.4773,0.381,0.381,0.4828,0.4444,0.3704,9,0.6923,8,εισηλθον εισ τουσ χοιρουσ ωρμησεν αγελη κρημνου εισ,8,αγελη εισ εισηλθον εξελθοντα κρημνου τουσ χοιρουσ ωρμησεν,main_text
51,Mark,Mark 5:14,163,Luke,Luke 8:34,386,13,10,0.6361,0.6154,0.6154,0.5714,0.5263,0.661,8,0.8,7,εφυγον απηγγειλαν εισ πολιν εισ τουσ αγρουσ,8,αγρουσ απηγγειλαν βοσκοντεσ γεγονοσ εισ εφυγον πολιν τουσ,main_text
52,Mark,Mark 5:15,164,Luke,Luke 8:35,387,10,17,0.2136,0.2273,0.2273,0.08,0.0,0.2348,5,0.5,2,ιματισμενον σωφρονουντα,5,εφοβηθησαν ιματισμενον καθημενον προσ σωφρονουντα,main_text
53,Mark,Mark 5:16,165,Luke,Luke 8:36,388,7,6,0.3508,0.3,0.3,0.3636,0.2222,0.2162,3,0.5,3,αυτοισ ιδοντεσ πωσ,3,αυτοισ ιδοντεσ πωσ,main_text
54,Mark,Mark 5:20,169,Luke,Luke 8:39,391,10,16,0.3091,0.2632,0.3333,0.25,0.1818,0.2021,5,0.5,4,οσα εποιησεν αυτω ιησουσ,5,απηλθεν αυτω εποιησεν ιησουσ οσα,main_text
55,Mark,Mark 5:25,174,Luke,Luke 8:43,395,6,15,0.4181,0.3125,0.3125,0.3158,0.2353,0.2945,5,0.8333,4,γυνη ουσα ρυσει αιματοσ,5,αιματοσ γυνη δωδεκα ουσα ρυσει,main_text
56,Mark,Mark 5:27,176,Luke,Luke 8:44,396,7,10,0.2159,0.2143,0.2143,0.1333,0.0,0.2134,3,0.4286,2,οπισθεν ηψατο,3,ηψατο ιματιου οπισθεν,main_text
57,Mark,Mark 5:34,183,Luke,Luke 8:48,400,10,6,0.4809,0.4545,0.4545,0.4286,0.1667,0.4336,5,0.8333,3,θυγατηρ πιστισ σεσωκεν,5,ειρηνην εισ θυγατηρ πιστισ σεσωκεν,main_text
58,Mark,Mark 5:35,184,Luke,Luke 8:49,401,10,10,0.2786,0.3571,0.3571,0.1111,0.0,0.3713,5,0.5,2,ετι λαλουντοσ,5,αρχισυναγωγου διδασκαλον ετι θυγατηρ λαλουντοσ,main_text
59,Mark,Mark 5:36,185,Luke,Luke 8:50,402,8,8,0.2116,0.2308,0.2308,0.1429,0.0,0.1904,3,0.375,2,φοβου μονον,3,ιησουσ μονον φοβου,main_text
60,Mark,Mark 5:39,188,Luke,Luke 8:52,404,8,8,0.3367,0.3333,0.3333,0.2857,0.1667,0.3406,4,0.5,3,απεθανεν αλλα καθευδει,4,αλλα απεθανεν καθευδει κλαιετε,main_text
61,Mark,Mark 5:41,190,Luke,Luke 8:54,406,11,8,0.2924,0.2667,0.2667,0.2353,0.1333,0.2566,4,0.5,3,κρατησασ τησ χειροσ,4,εγειρε κρατησασ τησ χειροσ,main_text
62,Mark,Mark 6:7,199,Luke,Luke 9:1,409,13,10,0.1959,0.2222,0.2222,0.0952,0.0,0.1587,4,0.4,2,τουσ δωδεκα,4,αυτοισ δωδεκα εξουσιαν τουσ,main_text
63,Mark,Mark 6:8,200,Luke,Luke 9:3,411,13,18,0.2213,0.3,0.3,0.069,0.0,0.2877,5,0.3846,2,εισ οδον,6,αρτον εισ μηδεν οδον πηραν ραβδον,main_text
64,Mark,Mark 6:10,202,Luke,Luke 9:4,412,10,7,0.4342,0.5455,0.5455,0.2667,0.0,0.5396,5,0.7143,2,εισ οικιαν,6,εισ εισελθητε εκει εκειθεν μενετε οικιαν,main_text
65,Mark,Mark 6:16,208,Luke,Luke 9:9,417,6,10,0.2417,0.3333,0.3333,0.0,0.0,0.3344,3,0.5,1,ηρωδησ,4,απεκεφαλισα ηρωδησ ιωαννην ουτοσ,main_text
66,Mark,Mark 6:30,222,Luke,Luke 9:10,418,9,15,0.24,0.2105,0.2105,0.1818,0.1,0.1887,4,0.4444,3,αυτω οσα εποιησαν,4,αποστολοι αυτω εποιησαν οσα,main_text
67,Mark,Mark 6:37,229,Luke,Luke 9:13,421,16,21,0.1956,0.1724,0.1724,0.1714,0.1212,0.1672,5,0.3125,4,δοτε αυτοισ υμεισ φαγειν,5,αγορασωμεν αυτοισ δοτε υμεισ φαγειν,main_text
68,Mark,Mark 6:41,233,Luke,Luke 9:16,424,24,18,0.6574,0.6667,0.6667,0.6,0.5263,0.6408,15,0.8333,11,λαβων τουσ πεντε αρτουσ τουσ δυο ιχθυασ αναβλεψασ εισ ουρανον ευλογησεν,14,αναβλεψασ αρτουσ δυο εδιδου εισ ευλογησεν ιχθυασ κατεκλασεν λαβων μαθηταισ ουρανον πεντε τοισ τουσ,main_text
69,Mark,Mark 6:42,234,Luke,Luke 9:17,425,3,9,0.2825,0.3333,0.3333,0.0,0.0,0.317,2,0.6667,1,εφαγον,3,εφαγον εχορτασθησαν παντεσ,main_text
70,Mark,Mark 8:28,312,Luke,Luke 9:19,427,10,11,0.4221,0.3571,0.3571,0.4211,0.3529,0.3938,6,0.6,5,ιωαννην βαπτιστην αλλοι ηλιαν αλλοι,5,αλλοι βαπτιστην ειπαν ηλιαν ιωαννην,main_text
71,Mark,Mark 8:29,313,Luke,Luke 9:20,428,10,7,0.3855,0.4167,0.4167,0.2667,0.1538,0.4303,4,0.5714,3,υμεισ λεγετε ειναι,5,αποκριθεισ ειναι λεγετε πετροσ υμεισ,main_text
72,Mark,Mark 8:30,314,Luke,Luke 9:21,429,4,6,0.2098,0.25,0.25,0.0,0.0,0.1968,2,0.5,1,αυτοισ,2,αυτοισ μηδενι,main_text
73,Mark,Mark 8:31,315,Luke,Luke 9:22,430,16,14,0.5942,0.5,0.5,0.6429,0.6154,0.51,10,0.7143,10,δει υιον ανθρωπου πολλα παθειν αποδοκιμασθηναι πρεσβυτερων αρχιερεων γραμματεων αποκτανθηναι,10,ανθρωπου αποδοκιμασθηναι αποκτανθηναι αρχιερεων γραμματεων δει παθειν πολλα πρεσβυτερων υιον,main_text
74,Mark,Mark 8:34,318,Luke,Luke 9:23,431,14,13,0.3437,0.35,0.35,0.32,0.1739,0.3702,7,0.5385,3,τισ θελει οπισω,7,ακολουθειτω αρατω εαυτον θελει οπισω σταυρον τισ,main_text
75,Mark,Mark 8:35,319,Luke,Luke 9:24,432,14,14,0.7043,0.75,0.75,0.6923,0.5,0.7452,12,0.8571,7,οσ θελη ψυχην σωσαι απολεσει αυτην οσ,9,απολεσει αυτην εμου ενεκεν θελη οσ σωσαι σωσει ψυχην,main_text
76,Mark,Mark 8:36,320,Luke,Luke 9:25,433,7,8,0.1847,0.1538,0.25,0.1538,0.0,0.1307,2,0.2857,2,κοσμον ολον,2,κοσμον ολον,main_text
77,Mark,Mark 8:38,322,Luke,Luke 9:26,434,18,15,0.689,0.7368,0.7222,0.6452,0.5517,0.7118,13,0.8667,7,υιοσ ανθρωπου επαισχυνθησεται οταν ελθη δοξη πατροσ,14,αγγελων αγιων ανθρωπου δοξη ελθη εμουσ επαισχυνθη επαισχυνθησεται λογουσ οσ οταν πατροσ τουσ υιοσ,main_text
78,Mark,Mark 9:1,323,Luke,Luke 9:27,435,15,10,0.5535,0.5625,0.5625,0.4348,0.2857,0.5589,9,0.9,5,γευσωνται θανατου εωσ ιδωσιν βασιλειαν,9,βασιλειαν γευσωνται εισιν εστηκοτων εωσ θανατου ιδωσιν λεγω τινεσ,main_text
79,Mark,Mark 9:5,327,Luke,Luke 9:33,441,17,21,0.5121,0.5455,0.5455,0.4444,0.3529,0.5717,12,0.7059,6,καλον εστιν ημασ ωδε ειναι ποιησωμεν,12,ειναι εστιν ηλια ημασ καλον μιαν μωυσει πετροσ ποιησωμεν σκηνασ τρεισ ωδε,main_text
80,Mark,Mark 9:7,329,Luke,Luke 9:35,443,13,10,0.4558,0.5714,0.5714,0.2857,0.1053,0.4905,7,0.7,3,ουτοσ εστιν υιοσ,8,ακουετε εγενετο εστιν νεφελησ ουτοσ τησ υιοσ φωνη,main_text
81,Mark,Mark 9:19,341,Luke,Luke 9:41,449,14,14,0.3995,0.5625,0.5625,0.2308,0.0,0.5666,8,0.5714,2,γενεα απιστοσ,9,ανεξομαι απιστοσ αποκριθεισ γενεα εσομαι εωσ ποτε προσ υμασ,main_text
82,Mark,Mark 9:31,353,Luke,Luke 9:44,452,15,14,0.252,0.2727,0.2381,0.2222,0.08,0.1986,6,0.4286,3,εισ χειρασ ανθρωπων,6,ανθρωπου ανθρωπων εισ τουσ υιοσ χειρασ,main_text
83,Mark,Mark 9:32,354,Luke,Luke 9:45,453,4,10,0.3189,0.2727,0.2727,0.1667,0.0,0.2796,3,0.75,2,ηγνοουν ρημα,3,εφοβουντο ηγνοουν ρημα,main_text
84,Mark,Mark 9:37,359,Luke,Luke 9:48,456,14,19,0.3581,0.3158,0.3889,0.2581,0.2069,0.3268,9,0.6429,5,ονοματι εμε δεχεται οσ εμε,6,αποστειλαντα δεξηται δεχεται εμε ονοματι οσ,main_text
85,Mark,Mark 9:38,360,Luke,Luke 9:49,457,10,10,0.4611,0.4286,0.4286,0.4444,0.375,0.4661,6,0.6,5,ειδομεν ονοματι εκβαλλοντα δαιμονια εκωλυομεν,6,δαιμονια ειδομεν εκβαλλοντα εκωλυομεν ιωαννησ ονοματι,main_text
86,Mark,Mark 9:40,362,Luke,Luke 9:50,458,4,7,0.6657,0.5,0.5,0.6667,0.5714,0.505,4,1.0,4,οσ εστιν καθ εστιν,3,εστιν καθ οσ,main_text
87,Mark,Mark 9:50,370,Luke,Luke 14:34,694,11,5,0.2981,0.1667,0.1667,0.2857,0.1667,0.152,3,0.6,3,καλον αλασ αλασ,2,αλασ καλον,main_text
88,Mark,Mark 10:5,375,Luke,Luke 15:3,698,7,4,0.1986,0.2222,0.2222,0.0,0.0,0.1949,2,0.5,1,προσ,2,προσ ταυτην,main_text
89,Mark,Mark 10:8,378,Luke,Luke 17:35,793,12,7,0.2058,0.2,0.2,0.1176,0.0,0.1886,3,0.4286,2,εσονται δυο,3,δυο εσονται μια,main_text
90,Mark,Mark 10:13,383,Luke,Luke 18:15,809,7,8,0.3033,0.3636,0.3636,0.1538,0.0,0.2562,4,0.5714,2,προσεφερον αυτω,4,αυτοισ αυτω μαθηται προσεφερον,main_text
91,Mark,Mark 10:14,384,Luke,Luke 18:16,810,13,12,0.7259,0.7143,0.7143,0.6957,0.6667,0.6875,10,0.8333,9,αφετε παιδια ερχεσθαι προσ κωλυετε αυτα τοιουτων εστιν βασιλεια,10,αυτα αφετε βασιλεια ερχεσθαι εστιν ιησουσ κωλυετε παιδια προσ τοιουτων,main_text
92,Mark,Mark 10:15,385,Luke,Luke 18:17,811,10,10,1.0,1.0,1.0,1.0,1.0,1.0,10,1.0,10,αμην λεγω οσ δεξηται βασιλειαν ωσ παιδιον εισελθη εισ αυτην,10,αμην αυτην βασιλειαν δεξηται εισ εισελθη λεγω οσ παιδιον ωσ,main_text
93,Mark,Mark 10:17,387,Luke,Luke 18:18,812,13,9,0.3286,0.3125,0.3125,0.3,0.1111,0.3161,5,0.5556,3,ζωην αιωνιον κληρονομησω,5,αγαθε αιωνιον διδασκαλε ζωην κληρονομησω,main_text
94,Mark,Mark 10:18,388,Luke,Luke 18:19,813,8,8,0.8658,1.0,1.0,0.7143,0.6667,1.0,7,0.875,6,λεγεισ αγαθον ουδεισ αγαθοσ εισ θεοσ,8,αγαθον αγαθοσ αυτω εισ θεοσ ιησουσ λεγεισ ουδεισ,main_text
95,Mark,Mark 10:19,389,Luke,Luke 18:20,814,11,10,0.7019,0.9091,0.9091,0.5263,0.2353,0.8902,9,0.9,3,τασ εντολασ οιδασ,10,εντολασ κλεψησ μητερα μοιχευσησ οιδασ πατερα τασ τιμα φονευσησ ψευδομαρτυρησησ,main_text
96,Mark,Mark 10:20,390,Luke,Luke 18:21,815,6,3,0.2619,0.2857,0.2857,0.0,0.0,0.2863,2,0.6667,1,ταυτα,2,νεοτητοσ ταυτα,main_text
97,Mark,Mark 10:21,391,Luke,Luke 18:22,816,18,15,0.402,0.4545,0.4545,0.3226,0.1379,0.4377,10,0.6667,3,οσα εχεισ πωλησον,10,ακολουθει αυτω δευρο εξεισ εχεισ θησαυρον ιησουσ οσα πτωχοισ πωλησον,main_text
98,Mark,Mark 10:23,393,Luke,Luke 18:24,818,11,9,0.5851,0.5385,0.5385,0.5556,0.5,0.5048,7,0.7778,6,πωσ δυσκολωσ χρηματα εχοντεσ εισ βασιλειαν,7,βασιλειαν δυσκολωσ εισ εχοντεσ ιησουσ πωσ χρηματα,main_text
99,Mark,Mark 10:25,395,Luke,Luke 18:25,819,12,10,0.5171,0.5385,0.5385,0.5,0.3333,0.4668,7,0.7,4,πλουσιον εισ βασιλειαν εισελθειν,7,βασιλειαν εισ εισελθειν εστιν ευκοπωτερον καμηλον πλουσιον,main_text
100,Mark,Mark 10:26,396,Luke,Luke 18:26,820,8,5,0.3801,0.3,0.3,0.3636,0.2222,0.3038,3,0.6,3,τισ δυναται σωθηναι,3,δυναται σωθηναι τισ,main_text
101,Mark,Mark 10:27,397,Luke,Luke 18:27,821,9,5,0.3221,0.3,0.4444,0.1667,0.0,0.3422,3,0.6,2,δυνατα θεω,3,ανθρωποισ δυνατα θεω,main_text
102,Mark,Mark 10:28,398,Luke,Luke 18:28,822,8,6,0.262,0.2727,0.2727,0.1667,0.0,0.2256,3,0.5,2,ιδου ημεισ,3,ημεισ ιδου πετροσ,main_text
103,Mark,Mark 10:29,399,Luke,Luke 18:29,823,19,15,0.45,0.4348,0.4348,0.375,0.3333,0.4211,10,0.6667,7,αμην λεγω ουδεισ εστιν οσ αφηκεν οικιαν,10,αδελφουσ αμην αφηκεν ενεκεν εστιν λεγω οικιαν οσ ουδεισ τεκνα,main_text
104,Mark,Mark 10:30,400,Luke,Luke 18:30,824,16,10,0.3436,0.3,0.2632,0.3333,0.1818,0.2862,6,0.6,4,αιωνι ερχομενω ζωην αιωνιον,6,αιωνι αιωνιον ερχομενω ζωην καιρω τουτω,main_text
105,Mark,Mark 10:33,403,Luke,Luke 18:32,826,16,6,0.2273,0.1765,0.1765,0.2,0.0,0.1674,3,0.5,2,παραδοθησεται τοισ,3,εθνεσιν παραδοθησεται τοισ,main_text
106,Mark,Mark 10:46,416,Luke,Luke 18:35,829,15,9,0.2653,0.2778,0.2778,0.1818,0.0,0.2459,5,0.5556,2,εισ ιεριχω,5,εισ εκαθητο ιεριχω οδον τυφλοσ,main_text
107,Mark,Mark 10:47,417,Luke,Luke 18:38,832,11,5,0.3131,0.3333,0.3636,0.1429,0.0,0.3335,3,0.6,2,υιε δαυιδ,4,δαυιδ ελεησον ιησου υιε,main_text
108,Mark,Mark 10:48,418,Luke,Luke 18:39,833,10,11,0.6293,0.6154,0.6154,0.6316,0.4706,0.596,8,0.8,6,πολλω μαλλον εκραζεν υιε δαυιδ ελεησον,8,αυτω δαυιδ εκραζεν ελεησον επετιμων μαλλον πολλω υιε,main_text
109,Mark,Mark 10:51,421,Luke,Luke 18:41,835,9,4,0.3526,0.3333,0.3333,0.1818,0.0,0.4073,3,0.75,2,θελεισ ποιησω,3,αναβλεψω θελεισ ποιησω,main_text
110,Mark,Mark 10:52,422,Luke,Luke 18:42,836,10,5,0.3981,0.4,0.4,0.3077,0.0,0.3308,4,0.8,2,ιησουσ αυτω,4,αυτω ιησουσ πιστισ σεσωκεν,main_text
111,Mark,Mark 11:1,423,Luke,Luke 19:29,866,13,13,0.4515,0.4706,0.4706,0.4167,0.2727,0.4386,8,0.6154,5,εισ βηθφαγη βηθανιαν προσ οροσ,8,βηθανιαν βηθφαγη δυο εισ ελαιων μαθητων οροσ προσ,main_text
112,Mark,Mark 11:2,424,Luke,Luke 19:30,867,19,15,0.4951,0.5714,0.5714,0.375,0.2,0.5644,11,0.7333,5,ευρησετε πωλον δεδεμενον εφ ουδεισ,12,ανθρωπων δεδεμενον εισ εισπορευομενοι εκαθισεν ευρησετε εφ κατεναντι κωμην ουδεισ πωλον υπαγετε,main_text
113,Mark,Mark 11:3,425,Luke,Luke 19:34,871,11,4,0.3794,0.25,0.25,0.3077,0.1818,0.2444,3,0.75,3,κυριοσ χρειαν εχει,3,εχει κυριοσ χρειαν,main_text
114,Mark,Mark 11:7,429,Luke,Luke 19:35,872,8,6,0.1872,0.2727,0.2727,0.0,0.0,0.2282,2,0.3333,1,πωλον,3,ιματια προσ πωλον,main_text
115,Mark,Mark 11:9,431,Luke,Luke 19:38,875,7,9,0.2244,0.2308,0.2308,0.1429,0.0,0.2135,3,0.4286,2,ευλογημενοσ ερχομενοσ,3,ερχομενοσ ευλογημενοσ ονοματι,main_text
116,Mark,Mark 11:13,435,Luke,Luke 19:41,878,16,7,0.1814,0.1579,0.1579,0.0952,0.0,0.1258,3,0.4286,2,επ αυτην,3,αυτην επ ιδων,main_text
117,Mark,Mark 11:15,437,Luke,Luke 19:45,882,22,7,0.5513,0.3889,0.3889,0.4444,0.4,0.3369,7,1.0,7,εισελθων εισ ιερον ηρξατο εκβαλλειν τουσ πωλουντασ,7,εισ εισελθων εκβαλλειν ηρξατο ιερον πωλουντασ τουσ,main_text
118,Mark,Mark 11:17,439,Luke,Luke 19:46,883,14,10,0.4422,0.4667,0.4667,0.3636,0.1,0.4568,8,0.8,3,οικοσ οικοσ προσευχησ,7,αυτοισ γεγραπται ληστων οικοσ προσευχησ σπηλαιον υμεισ,main_text
119,Mark,Mark 11:18,440,Luke,Luke 19:47,884,11,10,0.203,0.1667,0.1667,0.2105,0.1176,0.1501,3,0.3,3,αρχιερεισ γραμματεισ εζητουν,3,αρχιερεισ γραμματεισ εζητουν,main_text
120,Mark,Mark 11:28,449,Luke,Luke 20:2,887,12,12,0.4429,0.4375,0.4,0.4545,0.3,0.4684,7,0.5833,5,ποια εξουσια ταυτα ποιεισ τισ,7,εξουσια εξουσιαν ποια ποιεισ ταυτα ταυτην τισ,main_text
121,Mark,Mark 11:30,451,Luke,Luke 20:4,889,5,4,0.8589,0.8,0.8,0.8571,0.8,0.7489,4,1.0,4,βαπτισμα ιωαννου ουρανου ανθρωπων,4,ανθρωπων βαπτισμα ιωαννου ουρανου,main_text
122,Mark,Mark 11:31,452,Luke,Luke 20:5,890,10,9,0.7769,0.8,0.8,0.8235,0.6667,0.7327,8,0.8889,5,ειπωμεν ουρανου ερει επιστευσατε αυτω,8,αυτω εαυτουσ ειπωμεν επιστευσατε ερει λεγοντεσ ουρανου προσ,main_text
123,Mark,Mark 11:33,454,Luke,Luke 20:8,893,12,8,0.7875,0.6667,0.7273,0.7778,0.75,0.6246,8,1.0,8,ιησουσ αυτοισ ουδε λεγω ποια εξουσια ταυτα ποιω,8,αυτοισ εξουσια ιησουσ λεγω ουδε ποια ποιω ταυτα,main_text
124,Mark,Mark 12:1,455,Luke,Luke 20:9,894,16,14,0.282,0.3043,0.3636,0.2143,0.0769,0.3028,6,0.4286,3,εξεδετο γεωργοισ απεδημησεν,7,αμπελωνα ανθρωποσ απεδημησεν γεωργοισ εξεδετο εφυτευσεν ηρξατο,main_text
125,Mark,Mark 12:2,456,Luke,Luke 20:10,895,10,14,0.4051,0.4118,0.5333,0.2727,0.2,0.3528,6,0.6,4,απεστειλεν προσ τουσ γεωργουσ,7,αμπελωνοσ απεστειλεν γεωργουσ δουλον καιρω προσ τουσ,main_text
126,Mark,Mark 12:6,460,Luke,Luke 20:13,898,11,9,0.1801,0.1875,0.1875,0.1111,0.0,0.213,3,0.3333,2,υιον αγαπητον,3,αγαπητον εντραπησονται υιον,main_text
127,Mark,Mark 12:7,461,Luke,Luke 20:14,899,12,12,0.3444,0.4118,0.4118,0.1818,0.1,0.4165,7,0.5833,3,ουτοσ εστιν κληρονομοσ,7,αποκτεινωμεν γεωργοι εστιν κληρονομια κληρονομοσ ουτοσ προσ,main_text
128,Mark,Mark 12:8,462,Luke,Luke 20:15,900,5,8,0.2867,0.3333,0.3333,0.1818,0.0,0.3391,2,0.4,2,εξω αμπελωνοσ,3,αμπελωνοσ απεκτειναν εξω,main_text
129,Mark,Mark 12:9,463,Luke,Luke 20:16,901,10,11,0.5114,0.5,0.5,0.5263,0.3529,0.517,7,0.7,4,ελευσεται απολεσει τουσ γεωργουσ,7,αλλοισ αμπελωνα απολεσει γεωργουσ δωσει ελευσεται τουσ,main_text
130,Mark,Mark 12:10,464,Luke,Luke 20:17,902,12,13,0.5587,0.4706,0.4706,0.6087,0.5714,0.4993,8,0.6667,8,λιθον απεδοκιμασαν οικοδομουντεσ ουτοσ εγενηθη εισ κεφαλην γωνιασ,8,απεδοκιμασαν γωνιασ εγενηθη εισ κεφαλην λιθον οικοδομουντεσ ουτοσ,main_text
131,Mark,Mark 12:12,466,Luke,Luke 20:19,904,10,15,0.2973,0.25,0.25,0.2609,0.1905,0.2208,5,0.5,4,εγνωσαν προσ αυτουσ παραβολην,5,αυτουσ εγνωσαν εφοβηθησαν παραβολην προσ,main_text
132,Mark,Mark 12:14,468,Luke,Luke 20:21,906,23,14,0.3295,0.2963,0.2963,0.2857,0.1818,0.2848,8,0.5714,5,αλλ επ αληθειασ οδον διδασκεισ,8,αληθειασ αλλ διδασκαλε διδασκεισ επ οδον οιδαμεν προσωπον,main_text
133,Mark,Mark 12:17,471,Luke,Luke 20:25,910,9,7,0.2758,0.3333,0.3333,0.1429,0.0,0.4204,3,0.4286,2,καισαρι θεω,4,αποδοτε θεω καισαρι καισαροσ,main_text
134,Mark,Mark 12:19,473,Luke,Luke 20:28,913,16,17,0.6186,0.6111,0.6111,0.6452,0.5517,0.6123,13,0.8125,6,διδασκαλε μωυσησ εγραψεν τινοσ αδελφοσ αποθανη,11,αδελφοσ αδελφω αποθανη γυναικα διδασκαλε εγραψεν εξαναστηση λαβη μωυσησ σπερμα τινοσ,main_text
135,Mark,Mark 12:20,474,Luke,Luke 20:29,914,9,8,0.4402,0.4167,0.4167,0.4,0.3077,0.3808,5,0.625,4,επτα αδελφοι ησαν πρωτοσ,5,αδελφοι γυναικα επτα ησαν πρωτοσ,main_text
136,Mark,Mark 12:21,475,Luke,Luke 20:31,916,8,8,0.2592,0.3333,0.3333,0.1429,0.0,0.3206,3,0.375,2,ελαβεν αυτην,4,αυτην ελαβεν τριτοσ ωσαυτωσ,main_text
137,Mark,Mark 12:22,476,Luke,Luke 20:32,917,6,3,0.3507,0.2857,0.2857,0.2857,0.0,0.252,2,0.6667,2,γυνη απεθανεν,2,απεθανεν γυνη,main_text
138,Mark,Mark 12:23,477,Luke,Luke 20:33,918,10,9,0.5931,0.6364,0.6364,0.4706,0.4,0.6441,7,0.7778,5,γυνη επτα εσχον αυτην γυναικα,7,αναστασει αυτην γυναικα γυνη επτα εσχον τινοσ,main_text
139,Mark,Mark 12:25,479,Luke,Luke 20:35,920,13,12,0.2683,0.2222,0.2222,0.2609,0.1905,0.2478,5,0.4167,4,ουτε γαμουσιν ουτε γαμιζονται,4,γαμιζονται γαμουσιν νεκρων ουτε,main_text
140,Mark,Mark 12:26,480,Luke,Luke 20:37,922,15,14,0.1809,0.2632,0.2632,0.0,0.0,0.2991,5,0.3571,1,εγειρονται,5,αβρααμ βατου εγειρονται ιακωβ ισαακ,main_text
141,Mark,Mark 12:27,481,Luke,Luke 20:38,923,7,8,0.4313,0.5,0.5,0.3077,0.1818,0.46,4,0.5714,3,νεκρων αλλα ζωντων,5,αλλα εστιν ζωντων θεοσ νεκρων,main_text
142,Mark,Mark 12:35,489,Luke,Luke 20:41,926,11,8,0.1898,0.1875,0.1875,0.1176,0.0,0.1995,3,0.375,2,πωσ λεγουσιν,3,δαυιδ λεγουσιν πωσ,main_text
143,Mark,Mark 12:36,490,Luke,Luke 20:43,928,14,6,0.4326,0.3333,0.3333,0.3333,0.25,0.3189,5,0.8333,4,εωσ θω τουσ εχθρουσ,5,εχθρουσ εωσ θω ποδων τουσ,main_text
144,Mark,Mark 12:37,491,Luke,Luke 20:44,929,10,6,0.2839,0.3333,0.3333,0.1429,0.0,0.2737,3,0.5,2,δαυιδ κυριον,4,δαυιδ εστιν κυριον υιοσ,main_text
145,Mark,Mark 12:39,493,Luke,Luke 20:46,931,6,15,0.5933,0.4286,0.4286,0.5263,0.4706,0.3907,6,1.0,6,πρωτοκαθεδριασ ταισ συναγωγαισ πρωτοκλισιασ τοισ δειπνοισ,6,δειπνοισ πρωτοκαθεδριασ πρωτοκλισιασ συναγωγαισ ταισ τοισ,main_text
146,Mark,Mark 12:40,494,Luke,Luke 20:47,932,11,11,0.6735,0.6923,0.6923,0.7,0.5556,0.6561,9,0.8182,5,τασ οικιασ χηρων προφασει μακρα,9,κριμα λημψονται μακρα οικιασ ουτοι περισσοτερον προφασει τασ χηρων,main_text
147,Mark,Mark 12:43,497,Luke,Luke 21:3,935,13,6,0.5052,0.3571,0.3571,0.4706,0.4,0.3986,5,0.8333,5,λεγω χηρα πτωχη πλειον εβαλεν,5,εβαλεν λεγω πλειον πτωχη χηρα,main_text
148,Mark,Mark 12:44,498,Luke,Luke 21:4,936,13,12,0.3993,0.5,0.5,0.2609,0.0952,0.5023,7,0.5833,3,περισσευοντοσ αυτοισ εβαλον,8,αυτησ αυτοισ βιον εβαλεν εβαλον ειχεν παντεσ περισσευοντοσ,main_text
149,Mark,Mark 13:4,502,Luke,Luke 21:7,939,8,11,0.67,0.5455,0.5455,0.7059,0.6667,0.5042,7,0.875,7,ποτε ταυτα εσται σημειον οταν μελλη ταυτα,6,εσται μελλη οταν ποτε σημειον ταυτα,main_text
150,Mark,Mark 13:6,504,Luke,Luke 21:8,940,7,11,0.4912,0.3846,0.3846,0.5,0.4286,0.3194,5,0.7143,5,πολλοι ελευσονται ονοματι λεγοντεσ ειμι,5,ειμι ελευσονται λεγοντεσ ονοματι πολλοι,main_text
151,Mark,Mark 13:7,505,Luke,Luke 21:9,941,11,12,0.3713,0.4375,0.4667,0.1905,0.1053,0.4108,7,0.6364,3,οταν ακουσητε πολεμουσ,7,ακουσητε αλλ γενεσθαι δει οταν πολεμουσ τελοσ,main_text
152,Mark,Mark 13:8,506,Luke,Luke 21:10,942,14,7,0.5385,0.3846,0.3846,0.5263,0.4706,0.3615,6,0.8571,6,εγερθησεται εθνοσ επ εθνοσ βασιλεια βασιλειαν,5,βασιλεια βασιλειαν εγερθησεται εθνοσ επ,main_text
153,Mark,Mark 13:9,507,Luke,Luke 21:13,945,18,3,0.2391,0.1176,0.1176,0.1053,0.0,0.0857,2,0.6667,2,εισ μαρτυριον,2,εισ μαρτυριον,main_text
154,Mark,Mark 13:13,511,Luke,Luke 21:17,949,8,3,0.5382,0.375,0.375,0.4444,0.2857,0.4138,3,1.0,3,εσεσθε μισουμενοι ονομα,3,εσεσθε μισουμενοι ονομα,main_text
155,Mark,Mark 13:14,512,Luke,Luke 21:21,953,14,12,0.2382,0.1905,0.2,0.25,0.1818,0.1817,4,0.3333,4,ιουδαια φευγετωσαν εισ ορη,4,εισ ιουδαια ορη φευγετωσαν,main_text
156,Mark,Mark 13:17,515,Luke,Luke 21:23,955,9,17,0.658,0.4667,0.4667,0.6667,0.6364,0.4878,9,1.0,9,ουαι ταισ γαστρι εχουσαισ ταισ θηλαζουσαισ εκειναισ ταισ ημεραισ,7,γαστρι εκειναισ εχουσαισ ημεραισ θηλαζουσαισ ουαι ταισ,main_text
157,Mark,Mark 13:26,524,Luke,Luke 21:27,959,8,8,0.663,0.7778,1.0,0.4286,0.3333,0.7397,6,0.75,4,οψονται υιον ανθρωπου ερχομενον,7,ανθρωπου δοξησ δυναμεωσ ερχομενον οψονται πολλησ υιον,main_text
158,Mark,Mark 13:28,526,Luke,Luke 21:30,962,16,11,0.2829,0.3,0.3,0.16,0.087,0.2628,6,0.5455,3,εγγυσ θεροσ εστιν,6,γινωσκετε εγγυσ εστιν ηδη θεροσ οταν,main_text
159,Mark,Mark 13:29,527,Luke,Luke 21:31,963,10,10,0.8569,0.8182,0.8182,0.8889,0.875,0.7876,9,0.9,9,ουτωσ υμεισ οταν ιδητε ταυτα γινομενα γινωσκετε εγγυσ εστιν,9,γινομενα γινωσκετε εγγυσ εστιν ιδητε οταν ουτωσ ταυτα υμεισ,main_text
160,Mark,Mark 13:30,528,Luke,Luke 21:32,964,7,6,0.6264,0.625,0.625,0.5455,0.4444,0.6232,5,0.8333,4,αμην λεγω παρελθη γενεα,5,αμην γενεα γενηται λεγω παρελθη,main_text
161,Mark,Mark 13:31,529,Luke,Luke 21:33,965,5,5,1.0,1.0,1.0,1.0,1.0,1.0,5,1.0,5,ουρανοσ γη παρελευσονται λογοι παρελευσονται,4,γη λογοι ουρανοσ παρελευσονται,main_text
162,Mark,Mark 14:1,536,Luke,Luke 22:2,972,11,7,0.3728,0.2857,0.2857,0.375,0.2857,0.2419,4,0.5714,4,εζητουν αρχιερεισ γραμματεισ πωσ,4,αρχιερεισ γραμματεισ εζητουν πωσ,main_text
163,Mark,Mark 14:11,546,Luke,Luke 22:5,975,10,5,0.4211,0.3636,0.3636,0.3077,0.1818,0.3178,4,0.8,3,αυτω αργυριον δουναι,4,αργυριον αυτω δουναι εχαρησαν,main_text
164,Mark,Mark 14:12,547,Luke,Luke 22:9,979,15,5,0.3013,0.2667,0.2667,0.1111,0.0,0.2478,4,0.8,2,που θελεισ,4,αυτω ετοιμασωμεν θελεισ που,main_text
165,Mark,Mark 14:13,548,Luke,Luke 22:10,980,14,16,0.4664,0.4737,0.4737,0.4286,0.3077,0.4224,9,0.6429,6,ανθρωποσ κεραμιον υδατοσ βασταζων ακολουθησατε αυτω,9,ακολουθησατε ανθρωποσ αυτοισ αυτω βασταζων εισ κεραμιον πολιν υδατοσ,main_text
166,Mark,Mark 14:14,549,Luke,Luke 22:11,981,12,12,0.6555,0.6429,0.6429,0.6364,0.6,0.6378,9,0.75,8,διδασκαλοσ που εστιν καταλυμα οπου πασχα μαθητων φαγω,9,διδασκαλοσ εστιν καταλυμα μαθητων οικοδεσποτη οπου πασχα που φαγω,main_text
167,Mark,Mark 14:15,550,Luke,Luke 22:12,982,8,7,0.6457,0.6667,0.6667,0.6154,0.3636,0.678,6,0.8571,4,δειξει αναγαιον μεγα εστρωμενον,6,αναγαιον δειξει εκει εστρωμενον ετοιμασατε μεγα,main_text
168,Mark,Mark 14:16,551,Luke,Luke 22:13,983,10,7,0.4327,0.4167,0.4167,0.4,0.1538,0.4138,5,0.7143,3,αυτοισ ητοιμασαν πασχα,5,αυτοισ ευρον ητοιμασαν καθωσ πασχα,main_text
169,Mark,Mark 14:22,557,Luke,Luke 22:19,989,11,15,0.446,0.4706,0.4706,0.4167,0.1818,0.3985,8,0.7273,3,εκλασεν εδωκεν αυτοισ,8,αρτον αυτοισ εδωκεν εκλασεν εστιν λαβων σωμα τουτο,main_text
170,Mark,Mark 14:26,561,Luke,Luke 22:39,1009,5,9,0.3577,0.2727,0.2727,0.3333,0.2,0.2386,3,0.6,3,εισ οροσ ελαιων,3,εισ ελαιων οροσ,main_text
171,Mark,Mark 14:36,571,Luke,Luke 22:42,1012,10,12,0.2811,0.375,0.375,0.1,0.0,0.3219,5,0.5,2,απ εμου,6,αλλα απ εμου παρενεγκε ποτηριον τουτο,main_text
172,Mark,Mark 14:38,573,Luke,Luke 22:46,1016,9,7,0.2234,0.2308,0.2308,0.1429,0.0,0.1938,3,0.4286,2,εισ πειρασμον,3,εισ πειρασμον προσευχεσθε,main_text
173,Mark,Mark 14:43,578,Luke,Luke 22:47,1017,14,13,0.2642,0.2857,0.2857,0.24,0.087,0.2486,5,0.3846,3,ιουδασ εισ δωδεκα,6,δωδεκα εισ ετι ιουδασ λαλουντοσ οχλοσ,main_text
174,Mark,Mark 14:47,582,Luke,Luke 22:50,1020,10,8,0.2941,0.3846,0.3846,0.125,0.0,0.3041,4,0.5,2,εισ τισ,5,αρχιερεωσ αφειλεν δουλον εισ τισ,main_text
175,Mark,Mark 14:48,583,Luke,Luke 22:52,1022,9,14,0.4226,0.3529,0.3529,0.381,0.3158,0.3625,6,0.6667,5,ωσ ληστην εξηλθατε μαχαιρων ξυλων,6,εξηλθατε ιησουσ ληστην μαχαιρων ξυλων ωσ,main_text
176,Mark,Mark 14:72,607,Luke,Luke 22:61,1031,18,15,0.2781,0.32,0.32,0.1935,0.069,0.2897,7,0.4667,3,πριν αλεκτορα φωνησαι,8,αλεκτορα απαρνηση αυτω πετροσ πριν τρισ φωνησαι ωσ,main_text
177,Mark,Mark 15:2,609,Luke,Luke 23:3,1044,7,8,0.6114,0.6667,0.6667,0.4615,0.3636,0.6078,6,0.8571,4,βασιλευσ ιουδαιων αποκριθεισ αυτω,6,αποκριθεισ αυτω βασιλευσ ιουδαιων λεγεισ πιλατοσ,main_text
178,Mark,Mark 15:21,628,Luke,Luke 23:26,1066,12,14,0.3451,0.3,0.3,0.3333,0.2727,0.2905,6,0.5,5,σιμωνα κυρηναιον ερχομενον απ αγρου,6,αγρου απ ερχομενον κυρηναιον σιμωνα σταυρον,main_text
179,Mark,Mark 15:26,633,Luke,Luke 23:38,1078,6,6,0.3,0.3333,0.3333,0.2,0.0,0.3664,3,0.5,2,βασιλευσ ιουδαιων,3,βασιλευσ επιγραφη ιουδαιων,main_text
180,Mark,Mark 15:30,636,Luke,Luke 23:39,1079,4,9,0.2433,0.1818,0.1818,0.1818,0.0,0.1838,2,0.5,2,σωσον σεαυτον,2,σεαυτον σωσον,main_text
181,Mark,Mark 15:33,639,Luke,Luke 23:44,1084,11,12,0.6525,0.5714,0.6923,0.6667,0.6316,0.5497,8,0.7273,8,σκοτοσ εγενετο εφ ολην γην εωσ ωρασ ενατησ,8,γην εγενετο ενατησ εφ εωσ ολην σκοτοσ ωρασ,main_text
182,Mark,Mark 15:38,644,Luke,Luke 23:45,1085,9,6,0.229,0.25,0.25,0.1538,0.0,0.2985,2,0.3333,2,καταπετασμα ναου,3,εσχισθη καταπετασμα ναου,main_text
183,Mark,Mark 15:43,649,Luke,Luke 23:52,1092,16,6,0.2566,0.1579,0.2222,0.2,0.1111,0.1538,3,0.5,3,ητησατο σωμα ιησου,3,ητησατο ιησου σωμα,main_text
