matt_ref	luke_ref	score	pair_classes	lemma_insertions	lemma_deletions	lemma_replacements	inserted_lemmas	deleted_lemmas	moved_lemmas	matt_text	luke_text
Matt 1:21	Luke 1:13	0.181643	luke_expands;reordering	19	10	2	πρός;αὐτός;ὁ;ἄγγελος;μή;φοβέομαι;Ζαχαρίας;διότι;εἰσακούω;ὁ;δέησις;σύ;καί;ὁ;γυνή;σύ;Ἐλισάβετ;γεννάω;σύ	αὐτός;γάρ;σῴζω;ὁ;λαός;αὐτός;ἀπό;ὁ;ἁμαρτία;αὐτός	καλέω;ὄνομα;υἱός;καί;αὐτός	τέξεται δὲ υἱὸν καὶ καλέσεις τὸ ὄνομα αὐτοῦ Ἰησοῦν, αὐτὸς γὰρ σώσει τὸν λαὸν αὐτοῦ ἀπὸ τῶν ἁμαρτιῶν αὐτῶν.	εἶπεν δὲ πρὸς αὐτὸν ὁ ἄγγελος· Μὴ φοβοῦ, Ζαχαρία, διότι εἰσηκούσθη ἡ δέησίς σου, καὶ ἡ γυνή σου Ἐλισάβετ γεννήσει υἱόν σοι, καὶ καλέσεις τὸ ὄνομα αὐτοῦ Ἰωάννην·
Matt 1:23	Luke 1:27	0.153862	matt_expands;reordering	12	18	2	παρθένος;μνηστεύομαι;ἀνήρ;ὅς;ὄνομα;Ἰωσήφ;ἐκ;οἶκος;Δαυίδ;καί;ὁ;ὄνομα	γαστήρ;ἔχω;καί;τίκτω;υἱός;καί;καλέω;ὁ;ὄνομα;αὐτός;Ἐμμανουήλ;ὅς;εἰμί;μεθερμηνεύω;μετά;ἐγώ;ὁ;θεός	ὅς;ὁ;ὄνομα;καί	Ἰδοὺ ἡ παρθένος ἐν γαστρὶ ἕξει καὶ τέξεται υἱόν, καὶ καλέσουσιν τὸ ὄνομα αὐτοῦ Ἐμμανουήλ· ὅ ἐστιν μεθερμηνευόμενον Μεθ’ ἡμῶν ὁ θεός.	πρὸς παρθένον ⸀ἐμνηστευμένην ἀνδρὶ ᾧ ὄνομα Ἰωσὴφ ἐξ οἴκου Δαυίδ, καὶ τὸ ὄνομα τῆς παρθένου Μαριάμ.
Matt 1:25	Luke 1:31	0.598505	substitution	0	0	5			αὐτός	καὶ οὐκ ἐγίνωσκεν αὐτὴν ἕως οὗ ἔτεκεν ⸀υἱόν· καὶ ἐκάλεσεν τὸ ὄνομα αὐτοῦ Ἰησοῦν.	καὶ ἰδοὺ συλλήμψῃ ἐν γαστρὶ καὶ τέξῃ υἱόν, καὶ καλέσεις τὸ ὄνομα αὐτοῦ Ἰησοῦν.
Matt 2:10	Luke 2:10	0.180106	luke_expands;substitution	10	0	5	αὐτός;φοβέομαι;ἰδού;γάρ;εὐαγγελίζω;σύ;εἰμί;πᾶς;ὁ;λαός		μέγας;χαρά	ἰδόντες δὲ τὸν ἀστέρα ἐχάρησαν χαρὰν μεγάλην σφόδρα.	καὶ εἶπεν αὐτοῖς ὁ ἄγγελος· Μὴ φοβεῖσθε, ἰδοὺ γὰρ εὐαγγελίζομαι ὑμῖν χαρὰν μεγάλην ἥτις ἔσται παντὶ τῷ λαῷ,
Matt 3:3	Luke 3:4	0.599904	substitution	0	2	5		διά;λέγω	ἐν;ὁ;αὐτός;βοάω;εὐθύς;κύριος;ποιέω;τρίβος;φωνή;ἑτοιμάζω;ἔρημος;ὁδός	οὗτος γάρ ἐστιν ὁ ῥηθεὶς ⸀διὰ Ἠσαΐου τοῦ προφήτου λέγοντος· Φωνὴ βοῶντος ἐν τῇ ἐρήμῳ· Ἑτοιμάσατε τὴν ὁδὸν κυρίου, εὐθείας ποιεῖτε τὰς τρίβους αὐτοῦ.	ὡς γέγραπται ἐν βίβλῳ λόγων Ἠσαΐου τοῦ ⸀προφήτου· Φωνὴ βοῶντος ἐν τῇ ἐρήμῳ· Ἑτοιμάσατε τὴν ὁδὸν κυρίου, εὐθείας ποιεῖτε τὰς τρίβους αὐτοῦ.
Matt 3:7	Luke 3:7	0.581523	matt_expands;substitution	0	6	6		πολύς;ἐπί;ὁ;βάπτισμα;αὐτός;λέγω	λέγω;γέννημα;μέλλω;σύ;τίς;φεύγω;ἀπό;ἔχιδνα;ὀργή;ὑποδείκνυμι;αὐτός	Ἰδὼν δὲ πολλοὺς τῶν Φαρισαίων καὶ Σαδδουκαίων ἐρχομένους ἐπὶ τὸ βάπτισμα ⸀αὐτοῦ εἶπεν αὐτοῖς· Γεννήματα ἐχιδνῶν, τίς ὑπέδειξεν ὑμῖν φυγεῖν ἀπὸ τῆς μελλούσης ὀργῆς;	Ἔλεγεν οὖν τοῖς ἐκπορευομένοις ὄχλοις βαπτισθῆναι ὑπ’ αὐτοῦ· Γεννήματα ἐχιδνῶν, τίς ὑπέδειξεν ὑμῖν φυγεῖν ἀπὸ τῆς μελλούσης ὀργῆς;
Matt 3:9	Luke 3:8	0.759584	luke_expands	6	0	1	ποιέω;οὖν;καρπός;ἄξιος;ὁ;μετάνοια		γάρ;δύναμαι;θεός;καί;λέγω;λίθος;μή;οὗτος;πατήρ;σύ;τέκνον;Ἀβραάμ;ἐγείρω;ἐκ;ἐν;ἑαυτοῦ;ἔχω;ὅτι;ὁ	καὶ μὴ δόξητε λέγειν ἐν ἑαυτοῖς· Πατέρα ἔχομεν τὸν Ἀβραάμ, λέγω γὰρ ὑμῖν ὅτι δύναται ὁ θεὸς ἐκ τῶν λίθων τούτων ἐγεῖραι τέκνα τῷ Ἀβραάμ.	ποιήσατε οὖν καρποὺς ἀξίους τῆς μετανοίας· καὶ μὴ ἄρξησθε λέγειν ἐν ἑαυτοῖς· Πατέρα ἔχομεν τὸν Ἀβραάμ, λέγω γὰρ ὑμῖν ὅτι δύναται ὁ θεὸς ἐκ τῶν λίθων τούτων ἐγεῖραι τέκνα τῷ Ἀβραάμ.
Matt 3:10	Luke 3:9	0.936647	close_match	1	0	0	καί		καί	ἤδη ⸀δὲ ἡ ἀξίνη πρὸς τὴν ῥίζαν τῶν δένδρων κεῖται· πᾶν οὖν δένδρον μὴ ποιοῦν καρπὸν καλὸν ἐκκόπτεται καὶ εἰς πῦρ βάλλεται.	ἤδη δὲ καὶ ἡ ἀξίνη πρὸς τὴν ῥίζαν τῶν δένδρων κεῖται· πᾶν οὖν δένδρον μὴ ποιοῦν καρπὸν καλὸν ἐκκόπτεται καὶ εἰς πῦρ βάλλεται.
Matt 3:11	Luke 3:16	0.519204	partial_overlap	10	8	3	ἀποκρίνομαι;λέγω;πᾶς;ὁ;Ἰωάννης;ὕδωρ;βαπτίζω;λύω;ὁ;ἱμάς	ὕδωρ;εἰς;μετάνοια;δέ;ὀπίσω;ἐγώ;ἔρχομαι;εἰμί	ἐν;σύ;βαπτίζω;μέν;ἐγώ;ὁ;δέ;εἰμί;καί;πνεῦμα;πῦρ;ἅγιος;ἔρχομαι;ὑπόδημα;ὕδωρ	Ἐγὼ μὲν ⸂ὑμᾶς βαπτίζω⸃ ἐν ὕδατι εἰς μετάνοιαν· ὁ δὲ ὀπίσω μου ἐρχόμενος ἰσχυρότερός μού ἐστιν, οὗ οὐκ εἰμὶ ἱκανὸς τὰ ὑποδήματα βαστάσαι· αὐτὸς ὑμᾶς βαπτίσει ἐν πνεύματι ἁγίῳ ⸂καὶ πυρί⸃·	ἀπεκρίνατο ⸂λέγων πᾶσιν ὁ Ἰωάννης⸃· Ἐγὼ μὲν ὕδατι βαπτίζω ὑμᾶς· ἔρχεται δὲ ὁ ἰσχυρότερός μου, οὗ οὐκ εἰμὶ ἱκανὸς λῦσαι τὸν ἱμάντα τῶν ὑποδημάτων αὐτοῦ· αὐτὸς ὑμᾶς βαπτίσει ἐν πνεύματι ἁγίῳ καὶ πυρί·
Matt 3:12	Luke 3:17	0.818265	partial_overlap	1	2	1	αὐτός	διακαθαρίζω;αὐτός	καί;εἰς;ἀποθήκη	οὗ τὸ πτύον ἐν τῇ χειρὶ αὐτοῦ, καὶ διακαθαριεῖ τὴν ἅλωνα αὐτοῦ καὶ συνάξει τὸν σῖτον αὐτοῦ εἰς τὴν ⸀ἀποθήκην, τὸ δὲ ἄχυρον κατακαύσει πυρὶ ἀσβέστῳ.	οὗ τὸ πτύον ἐν τῇ χειρὶ αὐτοῦ ⸀διακαθᾶραι τὴν ἅλωνα αὐτοῦ καὶ ⸀συναγαγεῖν τὸν σῖτον εἰς τὴν ἀποθήκην αὐτοῦ, τὸ δὲ ἄχυρον κατακαύσει πυρὶ ἀσβέστῳ.
Matt 3:16	Luke 3:21	0.197286	matt_expands;reordering	6	14	3	γίνομαι;δέ;ἐν;ὁ;λαός;καί	ἀναβαίνω;ἀπό;ὁ;ὕδωρ;καί;ὁράω;πνεῦμα;θεός;καταβαίνω;ὡσεί;περιστερά;ἔρχομαι;ἐπί;αὐτός	Ἰησοῦς;βαπτίζω;οὐρανός;ἀνοίγω	⸂βαπτισθεὶς δὲ⸃ ὁ Ἰησοῦς ⸂εὐθὺς ἀνέβη⸃ ἀπὸ τοῦ ὕδατος· καὶ ἰδοὺ ⸀ἠνεῴχθησαν οἱ οὐρανοί, καὶ εἶδεν ⸀πνεῦμα θεοῦ καταβαῖνον ὡσεὶ ⸀περιστερὰν ἐρχόμενον ἐπ’ αὐτόν·	Ἐγένετο δὲ ἐν τῷ βαπτισθῆναι ἅπαντα τὸν λαὸν καὶ Ἰησοῦ βαπτισθέντος καὶ προσευχομένου ἀνεῳχθῆναι τὸν οὐρανὸν
Matt 3:17	Luke 3:22	0.466432	luke_expands;substitution	11	1	4	ὁ;πνεῦμα;ὁ;ἅγιος;σωματικός;εἶδος;ὡς;περιστερά;ἐπί;αὐτός;καί	ὁ	φωνή;ἐκ;εἰμί;εὐδοκέω;οὐρανός;υἱός;ἀγαπητός;ἐγώ;ἐν;ὁ	καὶ ἰδοὺ φωνὴ ἐκ τῶν οὐρανῶν λέγουσα· Οὗτός ἐστιν ὁ υἱός μου ὁ ἀγαπητός, ἐν ᾧ εὐδόκησα.	καὶ καταβῆναι τὸ πνεῦμα τὸ ἅγιον σωματικῷ εἴδει ⸀ὡς περιστερὰν ἐπ’ αὐτόν, καὶ φωνὴν ἐξ οὐρανοῦ ⸀γενέσθαι· Σὺ εἶ ὁ υἱός μου ὁ ἀγαπητός, ἐν σοὶ εὐδόκησα.
Matt 4:1	Luke 4:1	0.139683	luke_expands;substitution;reordering	10	7	4	δέ;πλήρης;πνεῦμα;ἅγιος;ὑποστρέφω;ἀπό;ἐν;ὁ;πνεῦμα;ἐν	ὑπό;ὁ;πνεῦμα;πειράζω;ὑπό;ὁ;διάβολος	ἔρημος;πνεῦμα;ὁ;Ἰησοῦς	Τότε ὁ Ἰησοῦς ἀνήχθη εἰς τὴν ἔρημον ὑπὸ τοῦ πνεύματος, πειρασθῆναι ὑπὸ τοῦ διαβόλου.	Ἰησοῦς δὲ ⸂πλήρης πνεύματος ἁγίου⸃ ὑπέστρεψεν ἀπὸ τοῦ Ἰορδάνου, καὶ ἤγετο ἐν τῷ πνεύματι ⸂ἐν τῇ ἐρήμῳ⸃
Matt 4:2	Luke 4:2	0.265095	luke_expands;substitution	11	2	3	πειράζω;ὑπό;ὁ;διάβολος;ἐν;ὁ;ἡμέρα;ἐκεῖνος;καί;συντελέω;αὐτός	καί;νηστεύω	πεινάω;καί;τεσσεράκοντα;ἡμέρα	καὶ νηστεύσας ἡμέρας τεσσεράκοντα καὶ νύκτας τεσσεράκοντα ὕστερον ἐπείνασεν.	ἡμέρας τεσσεράκοντα πειραζόμενος ὑπὸ τοῦ διαβόλου. καὶ οὐκ ἔφαγεν οὐδὲν ἐν ταῖς ἡμέραις ἐκείναις, καὶ συντελεσθεισῶν ⸀αὐτῶν ἐπείνασεν.
Matt 4:3	Luke 4:3	0.515209	reordering	3	4	3	αὐτός;ἵνα;γίνομαι	λέγω;αὐτός;ἵνα;γίνομαι	λέγω;αὐτός;γίνομαι;λίθος;οὗτος;ἵνα	καὶ προσελθὼν ⸂ὁ πειράζων εἶπεν αὐτῷ⸃· Εἰ υἱὸς εἶ τοῦ θεοῦ, εἰπὲ ἵνα οἱ λίθοι οὗτοι ἄρτοι γένωνται.	⸂εἶπεν δὲ⸃ αὐτῷ ὁ διάβολος· Εἰ υἱὸς εἶ τοῦ θεοῦ, εἰπὲ τῷ λίθῳ τούτῳ ἵνα γένηται ἄρτος.
Matt 4:4	Luke 4:4	0.47243	matt_expands	5	10	1	καί;ἀποκρίνομαι;πρός;αὐτός;ὅτι	ἀποκρίνομαι;λέγω;ἀλλά;ἐπί;πᾶς;ῥῆμα;ἐκπορεύομαι;διά;στόμα;θεός	ὁ;ζάω;μόνος;οὐ;ἄνθρωπος;ἄρτος;ἐπί;γράφω	ὁ δὲ ἀποκριθεὶς εἶπεν· Γέγραπται· Οὐκ ἐπ’ ἄρτῳ μόνῳ ζήσεται ⸀ὁ ἄνθρωπος, ἀλλ’ ⸀ἐπὶ παντὶ ῥήματι ἐκπορευομένῳ διὰ στόματος θεοῦ.	καὶ ἀπεκρίθη ⸂πρὸς αὐτὸν ὁ Ἰησοῦς⸃· Γέγραπται ὅτι Οὐκ ἐπ’ ἄρτῳ μόνῳ ζήσεται ⸀ὁ ⸀ἄνθρωπος.
Matt 4:5	Luke 4:9	0.293582	luke_expands	12	5	3	καί;λέγω;αὐτός;εἰ;υἱός;εἰμί;ὁ;θεός;βάλλω;σεαυτοῦ;ἐντεῦθεν;κάτω	ὁ;διάβολος;ἅγιος;πόλις;αὐτός	πτερύγιον;ἐπί;ἱερός;ὁ;καί;ἵστημι;εἰς	Τότε παραλαμβάνει αὐτὸν ὁ διάβολος εἰς τὴν ἁγίαν πόλιν, καὶ ⸀ἔστησεν αὐτὸν ἐπὶ τὸ πτερύγιον τοῦ ἱεροῦ,	⸂Ἤγαγεν δὲ⸃ αὐτὸν εἰς Ἰερουσαλὴμ καὶ ⸀ἔστησεν ἐπὶ τὸ πτερύγιον τοῦ ἱεροῦ, καὶ εἶπεν αὐτῷ· Εἰ υἱὸς εἶ τοῦ θεοῦ, βάλε σεαυτὸν ἐντεῦθεν κάτω·
Matt 4:6	Luke 4:11	0.601248	matt_expands	0	19	0		λέγω;αὐτός;εἰ;υἱός;εἰμί;ὁ;θεός;βάλλω;σεαυτοῦ;κάτω;γράφω;γάρ;ὁ;ἄγγελος;αὐτός;ἐντέλλομαι;περί;σύ;καί	αἴρω;λίθος;μήποτε;πούς;προσκόπτω;πρός;χείρ;ἐπί;σύ;ὅτι;ὁ	καὶ λέγει αὐτῷ· Εἰ υἱὸς εἶ τοῦ θεοῦ, βάλε σεαυτὸν κάτω· γέγραπται γὰρ ὅτι Τοῖς ἀγγέλοις αὐτοῦ ἐντελεῖται περὶ σοῦ καὶ ἐπὶ χειρῶν ἀροῦσίν σε, μήποτε προσκόψῃς πρὸς λίθον τὸν πόδα σου.	καὶ ⸀ὅτι Ἐπὶ χειρῶν ἀροῦσίν σε μήποτε προσκόψῃς πρὸς λίθον τὸν πόδα σου.
Matt 4:7	Luke 4:12	0.547393	substitution	2	0	3	ἀποκρίνομαι;λέγω		αὐτός;θεός;κύριος;οὐ;σύ;ἐκπειράζω;Ἰησοῦς;ὁ	ἔφη αὐτῷ ὁ Ἰησοῦς· Πάλιν γέγραπται· Οὐκ ἐκπειράσεις κύριον τὸν θεόν σου.	καὶ ἀποκριθεὶς εἶπεν αὐτῷ ὁ Ἰησοῦς ὅτι Εἴρηται· Οὐκ ἐκπειράσεις κύριον τὸν θεόν σου.
Matt 4:23	Luke 4:15	0.237035	matt_expands;substitution	0	17	3		ἐν;ὅλος;ὁ;Γαλιλαία;ὁ;εὐαγγέλιον;ὁ;βασιλεία;καί;θεραπεύω;νόσος;καί;πᾶς;μαλακία;ἐν;ὁ;λαός	πᾶς;αὐτός;διδάσκω;συναγωγή	Καὶ περιῆγεν ⸂ἐν ὅλῃ τῇ Γαλιλαίᾳ⸃, διδάσκων ἐν ταῖς συναγωγαῖς αὐτῶν καὶ κηρύσσων τὸ εὐαγγέλιον τῆς βασιλείας καὶ θεραπεύων πᾶσαν νόσον καὶ πᾶσαν μαλακίαν ἐν τῷ λαῷ.	καὶ αὐτὸς ἐδίδασκεν ἐν ταῖς συναγωγαῖς αὐτῶν, δοξαζόμενος ὑπὸ πάντων.
Matt 7:28	Luke 4:32	0.276903	matt_expands;reordering	7	10	0	ὅτι;ἐν;ἐξουσία;εἰμί;ὁ;λόγος;αὐτός	γίνομαι;ὅτε;τελέω;ὁ;Ἰησοῦς;ὁ;λόγος;οὗτος;ὁ;ὄχλος	αὐτός;διδαχή;ἐπί;ἐκπλήσσομαι;λόγος	Καὶ ἐγένετο ὅτε ⸀ἐτέλεσεν ὁ Ἰησοῦς τοὺς λόγους τούτους, ἐξεπλήσσοντο οἱ ὄχλοι ἐπὶ τῇ διδαχῇ αὐτοῦ·	καὶ ἐξεπλήσσοντο ἐπὶ τῇ διδαχῇ αὐτοῦ, ὅτι ἐν ἐξουσίᾳ ἦν ὁ λόγος αὐτοῦ.
Matt 8:2	Luke 5:12	0.361152	luke_expands;substitution	18	0	3	καί;γίνομαι;ἐν;ὁ;εἰμί;αὐτός;ἐν;εἷς;ὁ;πόλις;καί;ὁράω;ὁ;Ἰησοῦς;πίπτω;ἐπί;πρόσωπον;δέω		δύναμαι;θέλω;καθαρίζω;κύριος;λέγω;ἐάν;ἐγώ;ἰδού	καὶ ἰδοὺ λεπρὸς ⸀προσελθὼν προσεκύνει αὐτῷ λέγων· Κύριε, ἐὰν θέλῃς δύνασαί με καθαρίσαι.	Καὶ ἐγένετο ἐν τῷ εἶναι αὐτὸν ἐν μιᾷ τῶν πόλεων καὶ ἰδοὺ ἀνὴρ πλήρης λέπρας· ⸂καὶ ἰδὼν⸃ τὸν Ἰησοῦν πεσὼν ἐπὶ πρόσωπον ἐδεήθη αὐτοῦ λέγων· Κύριε, ἐὰν θέλῃς δύνασαί με καθαρίσαι.
Matt 8:3	Luke 5:13	0.794993	partial_overlap	3	2	0	ἀπέρχομαι;ἀπό;αὐτός	καθαρίζω;αὐτός	λέπρα	καὶ ἐκτείνας τὴν χεῖρα ἥψατο ⸀αὐτοῦ λέγων· Θέλω, καθαρίσθητι· καὶ εὐθέως ἐκαθαρίσθη αὐτοῦ ἡ λέπρα.	καὶ ἐκτείνας τὴν χεῖρα ἥψατο αὐτοῦ ⸀εἰπών· Θέλω, καθαρίσθητι· καὶ εὐθέως ἡ λέπρα ἀπῆλθεν ἀπ’ αὐτοῦ.
Matt 8:4	Luke 5:14	0.544631	partial_overlap	3	3	5	δείκνυμι;περί;καθώς	λέγω;ὁράω;δείκνυμι	ὁ;λέγω;δείκνυμι;μηδείς;προσφέρω;ἀλλά;ἱερεύς	καὶ λέγει αὐτῷ ὁ Ἰησοῦς· Ὅρα μηδενὶ εἴπῃς, ἀλλὰ ὕπαγε σεαυτὸν δεῖξον τῷ ἱερεῖ, καὶ προσένεγκον τὸ δῶρον ὃ προσέταξεν Μωϋσῆς εἰς μαρτύριον αὐτοῖς.	καὶ αὐτὸς παρήγγειλεν αὐτῷ μηδενὶ εἰπεῖν, ἀλλὰ ἀπελθὼν δεῖξον σεαυτὸν τῷ ἱερεῖ, καὶ προσένεγκε περὶ τοῦ καθαρισμοῦ σου καθὼς προσέταξεν Μωϋσῆς εἰς μαρτύριον αὐτοῖς.
Matt 9:2	Luke 5:20	0.33584	matt_expands	1	13	1	σύ	καί;ἰδού;προσφέρω;αὐτός;παραλυτικός;ἐπί;κλίνη;βάλλω;ὁ;Ἰησοῦς;παραλυτικός;θαρσέω;τέκνον	σύ;ἀφίημι;ἁμαρτία;λέγω;πίστις;ὁ;ὁράω	Καὶ ἰδοὺ προσέφερον αὐτῷ παραλυτικὸν ἐπὶ κλίνης βεβλημένον. καὶ ἰδὼν ὁ Ἰησοῦς τὴν πίστιν αὐτῶν εἶπεν τῷ παραλυτικῷ· Θάρσει, τέκνον· ⸀ἀφίενταί ⸂σου αἱ ἁμαρτίαι⸃.	καὶ ἰδὼν τὴν πίστιν αὐτῶν ⸀εἶπεν· Ἄνθρωπε, ἀφέωνταί σοι αἱ ἁμαρτίαι σου.
Matt 9:4	Luke 5:22	0.11005	substitution	2	0	6	ἀποκρίνομαι;διαλογίζομαι		καρδία;σύ;ἐν	καὶ ⸀εἰδὼς ὁ Ἰησοῦς τὰς ἐνθυμήσεις αὐτῶν εἶπεν· ⸀Ἱνατί ἐνθυμεῖσθε πονηρὰ ἐν ταῖς καρδίαις ὑμῶν;	ἐπιγνοὺς δὲ ὁ Ἰησοῦς τοὺς διαλογισμοὺς αὐτῶν ἀποκριθεὶς εἶπεν πρὸς αὐτούς· Τί διαλογίζεσθε ἐν ταῖς καρδίαις ὑμῶν;
Matt 9:5	Luke 5:23	0.949916	close_match	1	1	0	σύ	γάρ		τί γάρ ἐστιν εὐκοπώτερον, εἰπεῖν· ⸀Ἀφίενταί σου αἱ ἁμαρτίαι, ἢ εἰπεῖν· ⸀Ἔγειρε καὶ περιπάτει;	τί ἐστιν εὐκοπώτερον, εἰπεῖν· Ἀφέωνταί σοι αἱ ἁμαρτίαι σου, ἢ εἰπεῖν· ⸀Ἔγειρε καὶ περιπάτει;
Matt 9:6	Luke 5:24	0.416206	partial_overlap	7	6	2	ἐξουσία;ἔχω;σύ;λέγω;καί;ὁ;κλινίδιον	ἐξουσία;ἔχω;τότε;κλίνη;καί;ὑπάγω	ἐξουσία;ἔχω;καί;σύ;αἴρω;υἱός;ἄνθρωπος;ὁ	ἵνα δὲ εἰδῆτε ὅτι ἐξουσίαν ἔχει ὁ υἱὸς τοῦ ἀνθρώπου ἐπὶ τῆς γῆς ἀφιέναι ἁμαρτίας— τότε λέγει τῷ παραλυτικῷ· ⸀Ἐγερθεὶς ἆρόν σου τὴν κλίνην καὶ ὕπαγε εἰς τὸν οἶκόν σου.	ἵνα δὲ εἰδῆτε ὅτι ⸂ὁ υἱὸς τοῦ ἀνθρώπου ἐξουσίαν ἔχει⸃ ἐπὶ τῆς γῆς ἀφιέναι ἁμαρτίας— εἶπεν τῷ παραλελυμένῳ· Σοὶ λέγω, ⸀ἔγειρε καὶ ἄρας τὸ κλινίδιόν σου πορεύου εἰς τὸν οἶκόν σου.
Matt 9:7	Luke 5:25	0.298636	luke_expands	10	0	1	ἀνίστημι;ἐνώπιον;αὐτός;αἴρω;ἐπί;ὅς;κατάκειμαι;δοξάζω;ὁ;θεός		εἰς;οἶκος;ἀπέρχομαι;ὁ;αὐτός	καὶ ἐγερθεὶς ἀπῆλθεν εἰς τὸν οἶκον αὐτοῦ.	καὶ παραχρῆμα ἀναστὰς ἐνώπιον αὐτῶν, ἄρας ἐφ’ ὃ κατέκειτο, ἀπῆλθεν εἰς τὸν οἶκον αὐτοῦ δοξάζων τὸν θεόν.
Matt 9:8	Luke 5:26	0.144382	substitution	2	1	10	παράδοξος;σήμερον	φοβέομαι	ὁράω;καί;ὁ	ἰδόντες δὲ οἱ ὄχλοι ⸀ἐφοβήθησαν καὶ ἐδόξασαν τὸν θεὸν τὸν δόντα ἐξουσίαν τοιαύτην τοῖς ἀνθρώποις.	καὶ ἔκστασις ἔλαβεν ἅπαντας καὶ ἐδόξαζον τὸν θεόν, καὶ ἐπλήσθησαν φόβου λέγοντες ὅτι Εἴδομεν παράδοξα σήμερον.
Matt 9:9	Luke 5:27	0.280139	matt_expands;substitution	2	6	6	ὄνομα;Λευί	Μαθθαῖος;λέγω;καί;ἀνίστημι;ἀκολουθέω;αὐτός	ὁ;κάθημαι;λέγω;τελώνιον;ἐπί	Καὶ παράγων ὁ Ἰησοῦς ἐκεῖθεν εἶδεν ἄνθρωπον καθήμενον ἐπὶ τὸ τελώνιον, Μαθθαῖον λεγόμενον, καὶ λέγει αὐτῷ· Ἀκολούθει μοι· καὶ ἀναστὰς ἠκολούθησεν αὐτῷ.	Καὶ μετὰ ταῦτα ἐξῆλθεν καὶ ἐθεάσατο τελώνην ὀνόματι Λευὶν καθήμενον ἐπὶ τὸ τελώνιον, καὶ εἶπεν αὐτῷ· Ἀκολούθει μοι.
Matt 9:10	Luke 5:29	0.162581	substitution	6	5	6	δοχή;μέγας;Λευίς;αὐτός;ὄχλος;κατάκειμαι	ἀνάκειμαι;Ἰησοῦς;καί;ὁ;μαθητής	πολύς;τελώνης;αὐτός;οἰκία;ἐν;ὁ	Καὶ ἐγένετο αὐτοῦ ἀνακειμένου ἐν τῇ οἰκίᾳ, ⸀καὶ ἰδοὺ πολλοὶ τελῶναι καὶ ἁμαρτωλοὶ ἐλθόντες συνανέκειντο τῷ Ἰησοῦ καὶ τοῖς μαθηταῖς αὐτοῦ.	Καὶ ἐποίησεν δοχὴν μεγάλην Λευὶς αὐτῷ ἐν τῇ οἰκίᾳ αὐτοῦ· καὶ ἦν ὄχλος ⸂πολὺς τελωνῶν⸃ καὶ ἄλλων οἳ ἦσαν μετ’ αὐτῶν κατακείμενοι.
Matt 9:11	Luke 5:30	0.407669	luke_expands;substitution	5	1	4	ὁ;γραμματεύς;αὐτός;πρός;λέγω	σύ	λέγω;διά;μετά;τίς;τελώνης;ἁμαρτωλός;ἐσθίω;μαθητής	καὶ ἰδόντες οἱ Φαρισαῖοι ⸀ἔλεγον τοῖς μαθηταῖς αὐτοῦ· Διὰ τί μετὰ τῶν τελωνῶν καὶ ἁμαρτωλῶν ἐσθίει ὁ διδάσκαλος ὑμῶν;	καὶ ἐγόγγυζον οἱ ⸂Φαρισαῖοι καὶ οἱ γραμματεῖς αὐτῶν⸃ πρὸς τοὺς μαθητὰς αὐτοῦ λέγοντες· Διὰ τί μετὰ τῶν τελωνῶν καὶ ἁμαρτωλῶν ἐσθίετε καὶ πίνετε;
Matt 9:12	Luke 5:31	0.624379	luke_expands	4	1	2	καί;ἀποκρίνομαι;πρός;αὐτός	ἀκούω	κακῶς;οὐ;χρεία;ἀλλά;ἔχω;ἰατρός;ὁ	ὁ ⸀δὲ ἀκούσας ⸀εἶπεν· Οὐ χρείαν ἔχουσιν οἱ ἰσχύοντες ἰατροῦ ἀλλὰ οἱ κακῶς ἔχοντες.	καὶ ἀποκριθεὶς ὁ Ἰησοῦς εἶπεν πρὸς αὐτούς· Οὐ χρείαν ἔχουσιν οἱ ὑγιαίνοντες ἰατροῦ ἀλλὰ οἱ κακῶς ἔχοντες·
Matt 9:13	Luke 5:32	0.481486	matt_expands	2	11	0	εἰς;μετάνοια	πορεύομαι;δέ;μανθάνω;τίς;εἰμί;ἔλεος;θέλω;καί;θυσία;οὐ;γάρ	δίκαιος;καλέω;ἀλλά;ἁμαρτωλός;ἔρχομαι;οὐ	πορευθέντες δὲ μάθετε τί ἐστιν· Ἔλεος θέλω καὶ οὐ θυσίαν· οὐ γὰρ ἦλθον καλέσαι δικαίους ἀλλὰ ⸀ἁμαρτωλούς.	οὐκ ἐλήλυθα καλέσαι δικαίους ἀλλὰ ἁμαρτωλοὺς εἰς μετάνοιαν.
Matt 9:14	Luke 5:33	0.22908	luke_expands;substitution	5	2	10	λέγω;πρός;ποιέω;ὁμοίως;ὁ	νηστεύω;πολύς	δέ;Φαρισαῖος;νηστεύω;λέγω;ὁ;αὐτός;μαθητής;Ἰωάννης	Τότε προσέρχονται αὐτῷ οἱ μαθηταὶ Ἰωάννου λέγοντες· Διὰ τί ἡμεῖς καὶ οἱ Φαρισαῖοι νηστεύομεν ⸀πολλά, οἱ δὲ μαθηταί σου οὐ νηστεύουσιν;	Οἱ δὲ εἶπαν πρὸς αὐτόν· ⸀Οἱ μαθηταὶ Ἰωάννου νηστεύουσιν πυκνὰ καὶ δεήσεις ποιοῦνται, ὁμοίως καὶ οἱ τῶν Φαρισαίων, οἱ δὲ σοὶ ἐσθίουσιν καὶ πίνουσιν.
Matt 9:15	Luke 5:35	0.483004	matt_expands	5	20	0	καί;ἐν;ἐκεῖνος;ὁ;ἡμέρα	καί;λέγω;αὐτός;ὁ;Ἰησοῦς;μή;δύναμαι;ὁ;υἱός;ὁ;νυμφών;πενθέω;ἐπί;ὅσος;μετά;αὐτός;εἰμί;ὁ;νυμφίος;καί	δέ;νηστεύω;τότε;ἔρχομαι;ἡμέρα;ἀπαίρω;ἀπό;ὅταν;νυμφίος;αὐτός;ὁ;καί	καὶ εἶπεν αὐτοῖς ὁ Ἰησοῦς· Μὴ δύνανται οἱ υἱοὶ τοῦ νυμφῶνος πενθεῖν ἐφ’ ὅσον μετ’ αὐτῶν ἐστιν ὁ νυμφίος; ἐλεύσονται δὲ ἡμέραι ὅταν ἀπαρθῇ ἀπ’ αὐτῶν ὁ νυμφίος, καὶ τότε νηστεύσουσιν.	ἐλεύσονται δὲ ἡμέραι, καὶ ὅταν ἀπαρθῇ ἀπ’ αὐτῶν ὁ νυμφίος τότε νηστεύσουσιν ἐν ἐκείναις ταῖς ἡμέραις.
Matt 9:16	Luke 5:36	0.235883	luke_expands;substitution;reordering	21	7	6	λέγω;δέ;καί;παραβολή;πρός;αὐτός;ὅτι;ἀπό;ἱμάτιον;καινός;σχίζω;μήγε;καί;καί;ὁ;παλαιός;οὐ;συμφωνέω;ὁ;ἐπίβλημα;ὁ	ἐπίβλημα;ῥάκος;ἄγναφος;καί;χείρων;σχίσμα;γίνομαι	καί;ἐπιβάλλω;ὁ;αὐτός;παλαιός;ἐπί;οὐδείς;ἀπό;ἐπίβλημα;ἱμάτιον	οὐδεὶς δὲ ἐπιβάλλει ἐπίβλημα ῥάκους ἀγνάφου ἐπὶ ἱματίῳ παλαιῷ· αἴρει γὰρ τὸ πλήρωμα αὐτοῦ ἀπὸ τοῦ ἱματίου, καὶ χεῖρον σχίσμα γίνεται.	ἔλεγεν δὲ καὶ παραβολὴν πρὸς αὐτοὺς ὅτι Οὐδεὶς ἐπίβλημα ⸀ἀπὸ ἱματίου καινοῦ ⸀σχίσας ἐπιβάλλει ἐπὶ ἱμάτιον παλαιόν· εἰ δὲ μήγε, καὶ τὸ καινὸν ⸀σχίσει καὶ τῷ παλαιῷ οὐ ⸂συμφωνήσει τὸ ἐπίβλημα⸃ τὸ ἀπὸ τοῦ καινοῦ.
Matt 9:17	Luke 5:37	0.771347	matt_expands	5	12	3	οὐδείς;ὁ;οἶνος;ὁ;νέος	γέ;οἶνος;ἀλλά;βάλλω;οἶνος;νέος;εἰς;ἀσκός;καινός;καί;ἀμφότεροι;συντηρέω	καί;ἀπόλλυμι;ἐκχέω	οὐδὲ βάλλουσιν οἶνον νέον εἰς ἀσκοὺς παλαιούς· εἰ δὲ μή γε, ῥήγνυνται οἱ ἀσκοί, καὶ ὁ οἶνος ἐκχεῖται καὶ οἱ ἀσκοὶ ⸀ἀπόλλυνται· ἀλλὰ βάλλουσιν οἶνον νέον εἰς ἀσκοὺς καινούς, καὶ ἀμφότεροι συντηροῦνται.	καὶ οὐδεὶς βάλλει οἶνον νέον εἰς ἀσκοὺς παλαιούς· εἰ δὲ μήγε, ῥήξει ὁ ⸂οἶνος ὁ νέος⸃ τοὺς ἀσκούς, καὶ αὐτὸς ἐκχυθήσεται καὶ οἱ ἀσκοὶ ἀπολοῦνται·
Matt 9:34	Luke 6:2	0.151026	partial_overlap	6	6	2	τις;δέ;ποιέω;ὅς;οὐ;ἔξεστι(ν)	δέ;ὁ;δαιμόνιον;ἐκβάλλω;ὁ;δαιμόνιον	ὁ	οἱ δὲ Φαρισαῖοι ἔλεγον· Ἐν τῷ ἄρχοντι τῶν δαιμονίων ἐκβάλλει τὰ δαιμόνια.	τινὲς δὲ τῶν Φαρισαίων ⸀εἶπαν· Τί ποιεῖτε ὃ οὐκ ⸀ἔξεστιν τοῖς σάββασιν;
Matt 10:2	Luke 6:14	0.35904	matt_expands;substitution	3	12	5	ὀνομάζω;καί;Βαρθολομαῖος	ὁ;δέ;δώδεκα;ἀπόστολος;ὁ;ὄνομα;εἰμί;οὗτος;πρῶτος;ὁ;ὁ;Ζεβεδαῖος	καί;Ἰωάννης;Σίμων;Πέτρος;αὐτός;ἀδελφός;Ἀνδρέας;Ἰάκωβος;ὁ	τῶν δὲ δώδεκα ἀποστόλων τὰ ὀνόματά ἐστιν ταῦτα· πρῶτος Σίμων ὁ λεγόμενος Πέτρος καὶ Ἀνδρέας ὁ ἀδελφὸς ⸀αὐτοῦ, Ἰάκωβος ὁ τοῦ Ζεβεδαίου καὶ Ἰωάννης ὁ ἀδελφὸς αὐτοῦ,	Σίμωνα ὃν καὶ ὠνόμασεν Πέτρον καὶ Ἀνδρέαν τὸν ἀδελφὸν αὐτοῦ ⸀καὶ Ἰάκωβον καὶ Ἰωάννην ⸁καὶ Φίλιππον καὶ Βαρθολομαῖον
Matt 10:3	Luke 6:15	0.353228	reordering	4	6	2	καί;ὁ;καλέω;Ζηλωτής	Φίλιππος;Μαθθαῖος;ὁ;τελώνης;ὁ;ὁ	Ἁλφαῖος;Μαθθαῖος;Ἰάκωβος;ὁ	Φίλιππος καὶ Βαρθολομαῖος, Θωμᾶς καὶ Μαθθαῖος ὁ τελώνης, Ἰάκωβος ὁ τοῦ Ἁλφαίου καὶ ⸀Θαδδαῖος,	⸀καὶ Μαθθαῖον καὶ Θωμᾶν ⸁καὶ ⸀Ἰάκωβον Ἁλφαίου καὶ Σίμωνα τὸν καλούμενον Ζηλωτὴν
Matt 10:4	Luke 6:16	0.146952	substitution	3	5	3	ὅς;γίνομαι;προδότης	Σίμων;ὁ;Καναναῖος;Ἰσκαριώτης;ὁ	καί;Ἰούδας	Σίμων ὁ ⸀Καναναῖος καὶ Ἰούδας ⸀ὁ Ἰσκαριώτης ὁ καὶ παραδοὺς αὐτόν.	⸀καὶ Ἰούδαν Ἰακώβου καὶ Ἰούδαν ⸀Ἰσκαριὼθ ⸀ὃς ἐγένετο προδότης.
Matt 10:22	Luke 6:22	0.139921	luke_expands;substitution;reordering	12	3	9	μακάριος;εἰμί;ὅταν;μισέω;σύ;ὁ;ἄνθρωπος;καί;ἐκβάλλω;ὡς;πονηρός;ἕνεκα	τέλος;οὗτος;σῴζω	ὄνομα;καί	καὶ ἔσεσθε μισούμενοι ὑπὸ πάντων διὰ τὸ ὄνομά μου· ὁ δὲ ὑπομείνας εἰς τέλος οὗτος σωθήσεται.	Μακάριοί ἐστε ὅταν μισήσωσιν ὑμᾶς οἱ ἄνθρωποι, καὶ ὅταν ἀφορίσωσιν ὑμᾶς καὶ ὀνειδίσωσιν καὶ ἐκβάλωσιν τὸ ὄνομα ὑμῶν ὡς πονηρὸν ἕνεκα τοῦ υἱοῦ τοῦ ἀνθρώπου·
Matt 10:24	Luke 6:40	0.508187	substitution	2	0	4	εἰμί;ὡς		αὐτός	Οὐκ ἔστιν μαθητὴς ὑπὲρ τὸν διδάσκαλον οὐδὲ δοῦλος ὑπὲρ τὸν κύριον αὐτοῦ.	οὐκ ἔστιν μαθητὴς ὑπὲρ τὸν ⸀διδάσκαλον, κατηρτισμένος δὲ πᾶς ἔσται ὡς ὁ διδάσκαλος αὐτοῦ.
Matt 11:2	Luke 7:18	0.130752	reordering	12	10	2	περί;πᾶς;οὗτος;καί;προσκαλέομαι;δύο;τις;ὁ;μαθητής;αὐτός;ὁ;Ἰωάννης	ἀκούω;ἐν;ὁ;δεσμωτήριον;ὁ;ἔργον;ὁ;Χριστός;πέμπω;διά	αὐτός;μαθητής;ὁ	Ὁ δὲ Ἰωάννης ἀκούσας ἐν τῷ δεσμωτηρίῳ τὰ ἔργα τοῦ χριστοῦ πέμψας ⸀διὰ τῶν μαθητῶν αὐτοῦ	Καὶ ἀπήγγειλαν Ἰωάννῃ οἱ μαθηταὶ αὐτοῦ περὶ πάντων τούτων. καὶ προσκαλεσάμενος δύο τινὰς τῶν μαθητῶν αὐτοῦ ὁ Ἰωάννης
Matt 11:3	Luke 7:19	0.404583	luke_expands	4	1	1	πέμπω;πρός;ὁ;κύριος	αὐτός	λέγω;εἰμί;προσδοκάω;σύ;ἔρχομαι;ἤ;ὁ	εἶπεν αὐτῷ· Σὺ εἶ ὁ ἐρχόμενος ἢ ἕτερον προσδοκῶμεν;	ἔπεμψεν πρὸς τὸν ⸀κύριον λέγων· Σὺ εἶ ὁ ἐρχόμενος ἢ ⸀ἄλλον προσδοκῶμεν;
Matt 11:5	Luke 7:22	0.757422	luke_expands	11	4	0	καί;ἀποκρίνομαι;λέγω;αὐτός;πορεύομαι;ἀπαγγέλλω;Ἰωάννης;ὅς;ὁράω;καί;ἀκούω	καί;καί;καί;καί	τυφλός;ἀναβλέπω;καθαρίζω;λεπρός;περιπατέω;χωλός;κωφός;νεκρός;ἐγείρω;εὐαγγελίζω;πτωχός;καί	τυφλοὶ ἀναβλέπουσιν καὶ χωλοὶ περιπατοῦσιν, λεπροὶ καθαρίζονται καὶ κωφοὶ ἀκούουσιν, ⸀καὶ νεκροὶ ἐγείρονται καὶ πτωχοὶ εὐαγγελίζονται·	καὶ ⸀ἀποκριθεὶς εἶπεν αὐτοῖς· Πορευθέντες ἀπαγγείλατε Ἰωάννῃ ἃ εἴδετε καὶ ἠκούσατε· ⸀τυφλοὶ ἀναβλέπουσιν, χωλοὶ περιπατοῦσιν, λεπροὶ καθαρίζονται, ⸀κωφοὶ ἀκούουσιν, νεκροὶ ἐγείρονται, πτωχοὶ εὐαγγελίζονται·
Matt 11:6	Luke 7:23	1.0	close_match	0	0	0				καὶ μακάριός ἐστιν ὃς ⸀ἐὰν μὴ σκανδαλισθῇ ἐν ἐμοί.	καὶ μακάριός ἐστιν ὃς ἐὰν μὴ σκανδαλισθῇ ἐν ἐμοί.
Matt 11:7	Luke 7:24	0.758118	partial_overlap	3	2	2	ἄγγελος;Ἰωάννης;πρός	ὁ;Ἰησοῦς	Ἰωάννης;ἄρχω;ὁ	Τούτων δὲ πορευομένων ἤρξατο ὁ Ἰησοῦς λέγειν τοῖς ὄχλοις περὶ Ἰωάννου· Τί ἐξήλθατε εἰς τὴν ἔρημον θεάσασθαι; κάλαμον ὑπὸ ἀνέμου σαλευόμενον;	Ἀπελθόντων δὲ τῶν ἀγγέλων Ἰωάννου ἤρξατο λέγειν ⸂πρὸς τοὺς ὄχλους⸃ περὶ Ἰωάννου· Τί ⸀ἐξήλθατε εἰς τὴν ἔρημον θεάσασθαι; κάλαμον ὑπὸ ἀνέμου σαλευόμενον;
Matt 11:8	Luke 7:25	0.411005	substitution	4	2	4	ἱμάτιον;καί;τρυφή;ὑπάρχω	ὁ;βασιλεύς	εἰμί	ἀλλὰ τί ἐξήλθατε ἰδεῖν; ἄνθρωπον ἐν ⸀μαλακοῖς ἠμφιεσμένον; ἰδοὺ οἱ τὰ μαλακὰ φοροῦντες ἐν τοῖς οἴκοις τῶν ⸀βασιλέων ⸀εἰσίν.	ἀλλὰ τί ⸀ἐξήλθατε ἰδεῖν; ἄνθρωπον ἐν μαλακοῖς ἱματίοις ἠμφιεσμένον; ἰδοὺ οἱ ἐν ἱματισμῷ ἐνδόξῳ καὶ τρυφῇ ὑπάρχοντες ἐν τοῖς βασιλείοις εἰσίν.
Matt 11:9	Luke 7:26	0.572767	partial_overlap	1	1	0	ὁράω	ὁράω		ἀλλὰ τί ἐξήλθατε⸂; προφήτην ἰδεῖν⸃; ναί, λέγω ὑμῖν, καὶ περισσότερον προφήτου.	ἀλλὰ τί ⸀ἐξήλθατε ἰδεῖν; προφήτην; ναί, λέγω ὑμῖν, καὶ περισσότερον προφήτου.
Matt 11:10	Luke 7:27	0.806694	partial_overlap	0	1	0		ἐγώ	ἐγώ	⸀οὗτός ἐστιν περὶ οὗ γέγραπται· Ἰδοὺ ἐγὼ ἀποστέλλω τὸν ἄγγελόν μου πρὸ προσώπου σου, ὃς κατασκευάσει τὴν ὁδόν σου ἔμπροσθέν σου.	οὗτός ἐστιν περὶ οὗ γέγραπται· ⸀Ἰδοὺ ἀποστέλλω τὸν ἄγγελόν μου πρὸ προσώπου σου, ὃς κατασκευάσει τὴν ὁδόν σου ἔμπροσθέν σου.
Matt 11:11	Luke 7:28	0.475585	matt_expands	0	3	4		ἀμήν;ἐγείρω;μέγας	εἰμί;μέγας;αὐτός;βασιλεία;δέ;μικρός;Ἰωάννης;γεννητός;γυνή;ἐν	ἀμὴν λέγω ὑμῖν, οὐκ ἐγήγερται ἐν γεννητοῖς γυναικῶν μείζων Ἰωάννου τοῦ βαπτιστοῦ· ὁ δὲ μικρότερος ἐν τῇ βασιλείᾳ τῶν οὐρανῶν μείζων αὐτοῦ ἐστιν.	⸀λέγω ὑμῖν, μείζων ἐν γεννητοῖς γυναικῶν ⸀Ἰωάννου οὐδείς ἐστιν· ὁ δὲ μικρότερος ἐν τῇ βασιλείᾳ τοῦ θεοῦ μείζων αὐτοῦ ἐστιν.
Matt 11:16	Luke 7:31	0.326893	matt_expands;reordering	5	10	1	ὁ;ἄνθρωπος;καί;τίς;εἰμί	εἰμί;παιδίον;κάθημαι;ἐν;ὁ;ἀγορά;ὅς;προσφωνέω;ὁ;ἕτερος	ὅμοιος;εἰμί;γενεά;οὗτος	Τίνι δὲ ὁμοιώσω τὴν γενεὰν ταύτην; ὁμοία ἐστὶν παιδίοις ⸂καθημένοις ἐν ταῖς ἀγοραῖς ἃ προσφωνοῦντα τοῖς ἑτέροις⸃	Τίνι οὖν ὁμοιώσω τοὺς ἀνθρώπους τῆς γενεᾶς ταύτης, καὶ τίνι εἰσὶν ὅμοιοι;
Matt 11:17	Luke 7:32	0.592822	luke_expands	11	0	1	ὅμοιος;εἰμί;παιδίον;ὁ;ἐν;ἀγορά;κάθημαι;καί;προσφωνέω;ἀλλήλων;ὅς		αὐλέω;θρηνέω;λέγω;οὐ;σύ;ὀρχέομαι;καί	⸀λέγουσιν· Ηὐλήσαμεν ὑμῖν καὶ οὐκ ὠρχήσασθε· ⸀ἐθρηνήσαμεν καὶ οὐκ ἐκόψασθε·	ὅμοιοί εἰσιν παιδίοις τοῖς ἐν ἀγορᾷ καθημένοις καὶ προσφωνοῦσιν ἀλλήλοις, ⸂ἃ λέγει⸃· Ηὐλήσαμεν ὑμῖν καὶ οὐκ ὠρχήσασθε· ⸀ἐθρηνήσαμεν καὶ οὐκ ἐκλαύσατε·
Matt 11:18	Luke 7:33	0.512271	luke_expands	4	0	1	βαπτιστής;μή;ἄρτος;οἶνος		μήτε;δαιμόνιον;καί;λέγω;ἔχω;πίνω;ἐσθίω	ἦλθεν γὰρ Ἰωάννης μήτε ἐσθίων μήτε πίνων, καὶ λέγουσιν· Δαιμόνιον ἔχει·	ἐλήλυθεν γὰρ Ἰωάννης ὁ βαπτιστὴς ⸀μὴ ⸂ἐσθίων ἄρτον μήτε πίνων οἶνον⸃, καὶ λέγετε· Δαιμόνιον ἔχει·
Matt 11:19	Luke 7:34	0.689853	matt_expands	1	9	0	φίλος	φίλος;καί;δικαιόω;ὁ;σοφία;ἀπό;ὁ;ἔργον;αὐτός		ἦλθεν ὁ υἱὸς τοῦ ἀνθρώπου ἐσθίων καὶ πίνων, καὶ λέγουσιν· Ἰδοὺ ἄνθρωπος φάγος καὶ οἰνοπότης, τελωνῶν φίλος καὶ ἁμαρτωλῶν. καὶ ἐδικαιώθη ἡ σοφία ἀπὸ τῶν ⸀ἔργων αὐτῆς.	ἐλήλυθεν ὁ υἱὸς τοῦ ἀνθρώπου ἐσθίων καὶ πίνων, καὶ λέγετε· Ἰδοὺ ἄνθρωπος φάγος καὶ οἰνοπότης, φίλος τελωνῶν καὶ ἁμαρτωλῶν.
Matt 12:4	Luke 7:36	0.177348	matt_expands;reordering	10	20	3	δέ;τις;αὐτός;ὁ;Φαρισαῖος;ἵνα;ἐσθίω;μετά;αὐτός;καί	ὁ;ἄρτος;ὁ;πρόθεσις;ἐσθίω;ὅς;οὐ;ἔξεστι(ν);εἰμί;αὐτός;ἐσθίω;οὐδέ;ὁ;μετά;αὐτός;εἰ;μή;ὁ;ἱερεύς;μόνος	αὐτός;μετά;εἰς;εἰσέρχομαι;οἶκος;ἐσθίω;καί	πῶς εἰσῆλθεν εἰς τὸν οἶκον τοῦ θεοῦ καὶ τοὺς ἄρτους τῆς προθέσεως ⸂ἔφαγον, ὃ⸃ οὐκ ἐξὸν ἦν αὐτῷ φαγεῖν οὐδὲ τοῖς μετ’ αὐτοῦ, εἰ μὴ τοῖς ἱερεῦσιν μόνοις;	Ἠρώτα δέ τις αὐτὸν τῶν Φαρισαίων ἵνα φάγῃ μετ’ αὐτοῦ· καὶ εἰσελθὼν εἰς ⸂τὸν οἶκον⸃ τοῦ Φαρισαίου ⸀κατεκλίθη.
Matt 12:31	Luke 7:47	0.127069	substitution	8	7	4	αὐτός;πολύς;ὅτι;ἀγαπάω;πολύς;ὅς;ὀλίγος;ἀγαπάω	πᾶς;ἁμαρτία;καί;βλασφημία;πνεῦμα;βλασφημία;οὐ	ἀφίημι;ὁ;δέ	διὰ τοῦτο λέγω ὑμῖν, πᾶσα ἁμαρτία καὶ βλασφημία ἀφεθήσεται τοῖς ἀνθρώποις, ἡ δὲ τοῦ πνεύματος βλασφημία οὐκ ⸀ἀφεθήσεται.	οὗ χάριν, λέγω σοι, ἀφέωνται αἱ ἁμαρτίαι αὐτῆς αἱ πολλαί, ὅτι ἠγάπησεν πολύ· ᾧ δὲ ὀλίγον ἀφίεται, ὀλίγον ἀγαπᾷ.
Matt 12:32	Luke 7:48	0.119677	matt_expands;substitution;reordering	2	28	3	ἀφίημι;σύ	καί;ὅς;ἐάν;ὁ;ἄνθρωπος;ἀφίημι;αὐτός;ὅς;δέ;ἄν;λέγω;κατά;ὁ;πνεῦμα;ὁ;ἅγιος;οὐ;ἀφίημι;αὐτός;οὔτε;ἐν;οὗτος;ὁ;αἰών;οὔτε;ἐν;ὁ;μέλλω	δέ;αὐτός;ἀφίημι;λέγω	καὶ ὃς ἐὰν εἴπῃ λόγον κατὰ τοῦ υἱοῦ τοῦ ἀνθρώπου, ἀφεθήσεται αὐτῷ· ὃς δ’ ἂν εἴπῃ κατὰ τοῦ πνεύματος τοῦ ἁγίου, οὐκ ἀφεθήσεται αὐτῷ οὔτε ἐν ⸂τούτῳ τῷ⸃ αἰῶνι οὔτε ἐν τῷ μέλλοντι.	εἶπεν δὲ αὐτῇ· Ἀφέωνταί σου αἱ ἁμαρτίαι.
Matt 12:45	Luke 8:2	0.116847	matt_expands;substitution;reordering	1	14	14	ἀπό	τότε;πορεύομαι;ἑαυτοῦ;ἐκεῖ;καί;γίνομαι;οὕτω(ς);εἰμί;καί;ὁ;γενεά;οὗτος;ὁ;πονηρός	εἰμί;ἑπτά;ὁ;καί	τότε πορεύεται καὶ παραλαμβάνει μεθ’ ἑαυτοῦ ἑπτὰ ἕτερα πνεύματα πονηρότερα ἑαυτοῦ, καὶ εἰσελθόντα κατοικεῖ ἐκεῖ· καὶ γίνεται τὰ ἔσχατα τοῦ ἀνθρώπου ἐκείνου χείρονα τῶν πρώτων. οὕτως ἔσται καὶ τῇ γενεᾷ ταύτῃ τῇ πονηρᾷ.	καὶ γυναῖκές τινες αἳ ἦσαν τεθεραπευμέναι ἀπὸ πνευμάτων πονηρῶν καὶ ἀσθενειῶν, Μαρία ἡ καλουμένη Μαγδαληνή, ἀφ’ ἧς δαιμόνια ἑπτὰ ἐξεληλύθει,
Matt 13:2	Luke 8:4	0.129268	matt_expands;substitution;reordering	7	13	4	σύνειμι;δέ;ὄχλος;πολύς;κατά;πόλις;ἐπιπορεύομαι	αὐτός;εἰς;πλοῖον;ἐμβαίνω;κάθημαι;καί;πᾶς;ὁ;ὄχλος;ἐπί;ὁ;αἰγιαλός;ἵστημι	ὁ;αὐτός;πρός;καί;πολύς;ὄχλος	καὶ συνήχθησαν πρὸς αὐτὸν ὄχλοι πολλοί, ὥστε αὐτὸν ⸀εἰς πλοῖον ἐμβάντα καθῆσθαι, καὶ πᾶς ὁ ὄχλος ἐπὶ τὸν αἰγιαλὸν εἱστήκει.	Συνιόντος δὲ ὄχλου πολλοῦ καὶ τῶν κατὰ πόλιν ἐπιπορευομένων πρὸς αὐτὸν εἶπεν διὰ παραβολῆς·
Matt 13:4	Luke 8:5	0.529176	luke_expands	11	0	1	ἐξέρχομαι;ὁ;σπείρω;ὁ;σπείρω;ὁ;σπόρος;αὐτός;καί;ὁ;οὐρανός		κατεσθίω;πετεινόν;καί;μέν;πίπτω;παρά;ἐν;ὁδός;ὅς;αὐτός	καὶ ἐν τῷ σπείρειν αὐτὸν ἃ μὲν ἔπεσεν παρὰ τὴν ὁδόν, καὶ ⸂ἐλθόντα τὰ πετεινὰ⸃ κατέφαγεν αὐτά.	Ἐξῆλθεν ὁ σπείρων τοῦ σπεῖραι τὸν σπόρον αὐτοῦ. καὶ ἐν τῷ σπείρειν αὐτὸν ὃ μὲν ἔπεσεν παρὰ τὴν ὁδόν, καὶ κατεπατήθη καὶ τὰ πετεινὰ τοῦ οὐρανοῦ κατέφαγεν αὐτό.
Matt 13:6	Luke 8:6	0.176848	luke_expands	8	5	1	ἕτερος;καταπίπτω;ἐπί;ὁ;πέτρα;καί;φύω;ξηραίνω	ἥλιος;δέ;ἀνατέλλω;καυματίζω;ξηραίνω	διά;καί;μή;ἔχω;ξηραίνω;ὁ	ἡλίου δὲ ἀνατείλαντος ἐκαυματίσθη καὶ διὰ τὸ μὴ ἔχειν ῥίζαν ἐξηράνθη.	καὶ ἕτερον ⸀κατέπεσεν ἐπὶ τὴν πέτραν, καὶ φυὲν ἐξηράνθη διὰ τὸ μὴ ἔχειν ἰκμάδα.
Matt 13:7	Luke 8:7	0.338638	substitution	1	1	5	μέσος	πνίγω	καί	ἄλλα δὲ ἔπεσεν ἐπὶ τὰς ἀκάνθας, καὶ ἀνέβησαν αἱ ἄκανθαι καὶ ⸀ἔπνιξαν αὐτά.	καὶ ἕτερον ἔπεσεν ἐν μέσῳ τῶν ἀκανθῶν, καὶ συμφυεῖσαι αἱ ἄκανθαι ἀπέπνιξαν αὐτό.
Matt 13:9	Luke 8:8	0.402374	luke_expands	17	0	0	καί;ἕτερος;πίπτω;εἰς;ὁ;γῆ;ὁ;ἀγαθός;καί;φύω;ποιέω;καρπός;ἑκατονταπλασίων;οὗτος;λέγω;φωνέω;ἀκούω		οὖς;ἀκούω;ἔχω;ὁ	ὁ ἔχων ⸀ὦτα ἀκουέτω.	καὶ ἕτερον ἔπεσεν εἰς τὴν γῆν τὴν ἀγαθήν, καὶ φυὲν ἐποίησεν καρπὸν ἑκατονταπλασίονα. ταῦτα λέγων ἐφώνει· Ὁ ἔχων ὦτα ἀκούειν ἀκουέτω.
Matt 13:10	Luke 8:9	0.171969	substitution	3	4	3	αὐτός;εἰμί;ὁ	λέγω;διά;λαλέω;αὐτός	αὐτός	Καὶ προσελθόντες οἱ μαθηταὶ εἶπαν αὐτῷ· Διὰ τί ἐν παραβολαῖς λαλεῖς αὐτοῖς;	Ἐπηρώτων δὲ αὐτὸν οἱ μαθηταὶ ⸀αὐτοῦ τίς ⸂αὕτη εἴη ἡ παραβολή⸃.
Matt 13:11	Luke 8:10	0.41144	luke_expands;substitution	9	3	4	παραβολή;ἵνα;βλέπω;μή;βλέπω;καί;ἀκούω;μή;συνίημι	ἀποκρίνομαι;αὐτός;ὅτι	βασιλεία;γινώσκω;δίδωμι;μυστήριον;σύ	ὁ δὲ ἀποκριθεὶς εἶπεν ⸀αὐτοῖς· Ὅτι ὑμῖν δέδοται γνῶναι τὰ μυστήρια τῆς βασιλείας τῶν οὐρανῶν, ἐκείνοις δὲ οὐ δέδοται.	ὁ δὲ εἶπεν· Ὑμῖν δέδοται γνῶναι τὰ μυστήρια τῆς βασιλείας τοῦ θεοῦ, τοῖς δὲ λοιποῖς ἐν παραβολαῖς, ἵνα βλέποντες μὴ βλέπωσιν καὶ ἀκούοντες μὴ συνιῶσιν.
Matt 13:18	Luke 8:11	0.13513	luke_expands;substitution	5	0	4	εἰμί;ὁ;λόγος;ὁ;θεός			Ὑμεῖς οὖν ἀκούσατε τὴν παραβολὴν τοῦ ⸀σπείραντος.	Ἔστιν δὲ αὕτη ἡ παραβολή· Ὁ σπόρος ἐστὶν ὁ λόγος τοῦ θεοῦ.
Matt 13:19	Luke 8:12	0.151355	matt_expands;substitution;reordering	12	15	6	δέ;παρά;ὁ;ὁδός;εἰμί;ὁ;εἶτα;ἔρχομαι;ὁ;διάβολος;καί;αἴρω	βασιλεία;καί;μή;συνίημι;ἔρχομαι;ὁ;πονηρός;καί;ἁρπάζω;ὁ;σπείρω;ἐν;ὁ;ὁδός;σπείρω	παρά;ὁδός;εἰμί;μή;λόγος;καί;ἀκούω;ὁ	παντὸς ἀκούοντος τὸν λόγον τῆς βασιλείας καὶ μὴ συνιέντος, ἔρχεται ὁ πονηρὸς καὶ ἁρπάζει τὸ ἐσπαρμένον ἐν τῇ καρδίᾳ αὐτοῦ· οὗτός ἐστιν ὁ παρὰ τὴν ὁδὸν σπαρείς.	οἱ δὲ παρὰ τὴν ὁδόν εἰσιν οἱ ⸀ἀκούσαντες, εἶτα ἔρχεται ὁ διάβολος καὶ αἴρει τὸν λόγον ἀπὸ τῆς καρδίας αὐτῶν, ἵνα μὴ πιστεύσαντες σωθῶσιν.
Matt 13:21	Luke 8:13	0.113033	luke_expands;substitution;reordering	19	11	5	ὁ;δέ;ἐπί;ὁ;πέτρα;ὅς;ὅταν;ἀκούω;μετά;χαρά;δέχομαι;ὁ;λόγος;καί;οὗτος;ῥίζα;καιρός;πιστεύω;καί	εἰμί;γίνομαι;δέ;θλῖψις;ἤ;διωγμός;διά;ὁ;λόγος;εὐθύς;σκανδαλίζω	ἐν;οὐ;ἔχω;ὁ;ῥίζα;λόγος	οὐκ ἔχει δὲ ῥίζαν ἐν ἑαυτῷ ἀλλὰ πρόσκαιρός ἐστιν, γενομένης δὲ θλίψεως ἢ διωγμοῦ διὰ τὸν λόγον εὐθὺς σκανδαλίζεται.	οἱ δὲ ἐπὶ τῆς πέτρας οἳ ὅταν ἀκούσωσιν μετὰ χαρᾶς δέχονται τὸν λόγον, καὶ οὗτοι ῥίζαν οὐκ ἔχουσιν, οἳ πρὸς καιρὸν πιστεύουσιν καὶ ἐν καιρῷ πειρασμοῦ ἀφίστανται.
Matt 13:22	Luke 8:14	0.265346	matt_expands;substitution;reordering	6	11	6	ὑπό;μέριμνα;καί;πλοῦτος;καί;ἡδονή	ὁ;λόγος;οὗτος;ὁ;πλοῦτος;συμπνίγω;ὁ;λόγος;καί;ἄκαρπος;γίνομαι	πλοῦτος;συμπνίγω;καί;μέριμνα;ἀκούω	ὁ δὲ εἰς τὰς ἀκάνθας σπαρείς, οὗτός ἐστιν ὁ τὸν λόγον ἀκούων, καὶ ἡ μέριμνα τοῦ αἰῶνος ⸀τούτου καὶ ἡ ἀπάτη τοῦ πλούτου συμπνίγει τὸν λόγον, καὶ ἄκαρπος γίνεται.	τὸ δὲ εἰς τὰς ἀκάνθας πεσόν, οὗτοί εἰσιν οἱ ἀκούσαντες, καὶ ὑπὸ μεριμνῶν καὶ πλούτου καὶ ἡδονῶν τοῦ βίου πορευόμενοι συμπνίγονται καὶ οὐ τελεσφοροῦσιν.
Matt 13:23	Luke 8:15	0.24458	matt_expands;substitution	6	13	5	ἐν;καρδία;καλός;καί;ἀγαθός;ἀκούω	σπείρω;συνίημι;ὅς;δή;ὅς;μέν;ἑκατόν;ὅς;δέ;ἑξήκοντα;ὅς;δέ;τριάκοντα	λόγος;καρποφορέω;ἀκούω	ὁ δὲ ἐπὶ τὴν ⸂καλὴν γῆν⸃ σπαρείς, οὗτός ἐστιν ὁ τὸν λόγον ἀκούων καὶ ⸀συνιείς, ὃς δὴ καρποφορεῖ καὶ ποιεῖ ὃ μὲν ἑκατὸν ὃ δὲ ἑξήκοντα ὃ δὲ τριάκοντα.	τὸ δὲ ἐν τῇ καλῇ γῇ, οὗτοί εἰσιν οἵτινες ἐν καρδίᾳ καλῇ καὶ ἀγαθῇ ἀκούσαντες τὸν λόγον κατέχουσιν καὶ καρποφοροῦσιν ἐν ὑπομονῇ.
Matt 13:37	Luke 8:21	0.121777	luke_expands;substitution	8	1	6	ἀδελφός;ἐγώ;οὗτος;ὁ;θεός;ἀκούω;καί;ποιέω	υἱός	εἰμί	ὁ δὲ ἀποκριθεὶς ⸀εἶπεν· Ὁ σπείρων τὸ καλὸν σπέρμα ἐστὶν ὁ υἱὸς τοῦ ἀνθρώπου·	ὁ δὲ ἀποκριθεὶς εἶπεν πρὸς αὐτούς· Μήτηρ μου καὶ ἀδελφοί μου οὗτοί εἰσιν οἱ τὸν λόγον τοῦ θεοῦ ἀκούοντες καὶ ⸀ποιοῦντες.
Matt 13:51	Luke 8:45	0.131545	luke_expands;substitution	15	0	4	ὁ;Ἰησοῦς;τίς;ὁ;ἅπτω;ἐγώ;ἀρνέομαι;δέ;ἐπιστάτης;ὁ;ὄχλος;συνέχω;σύ;καί;ἀποθλίβω		πᾶς;λέγω	⸀Συνήκατε ταῦτα πάντα; λέγουσιν αὐτῷ· ⸀Ναί.	καὶ εἶπεν ὁ Ἰησοῦς· Τίς ὁ ἁψάμενός μου; ἀρνουμένων δὲ πάντων εἶπεν ὁ ⸀Πέτρος· Ἐπιστάτα, οἱ ὄχλοι συνέχουσίν σε καὶ ⸀ἀποθλίβουσιν.
Matt 14:1	Luke 9:7	0.295498	luke_expands	13	4	2	δέ;καί;διαπορέω;διά;ὁ;λέγω;ὑπό;τις;ὅτι;Ἰωάννης;ἐγείρω;ἐκ;νεκρός	ἐν;ἐκεῖνος;ὁ;καιρός	ἀκούω;τετραάρχης;Ἡρῴδης	Ἐν ἐκείνῳ τῷ καιρῷ ἤκουσεν Ἡρῴδης ὁ τετραάρχης τὴν ἀκοὴν Ἰησοῦ,	Ἤκουσεν δὲ Ἡρῴδης ὁ τετραάρχης τὰ ⸀γινόμενα πάντα, καὶ διηπόρει διὰ τὸ λέγεσθαι ὑπό τινων ὅτι Ἰωάννης ⸀ἠγέρθη ἐκ νεκρῶν,
Matt 14:10	Luke 9:9	0.141019	luke_expands;substitution;reordering	15	4	3	λέγω;δέ;ὁ;Ἡρῴδης;Ἰωάννης;ἐγώ;ἀποκεφαλίζω;τίς;δέ;εἰμί;οὗτος;περί;ὅς;ἀκούω;τοιοῦτος	Ἰωάννης;ἐν;ὁ;φυλακή	καί;ἀποκεφαλίζω	καὶ πέμψας ἀπεκεφάλισεν ⸀τὸν Ἰωάννην ἐν τῇ φυλακῇ·	⸂εἶπεν δὲ⸃ ⸀ὁ Ἡρῴδης· Ἰωάννην ἐγὼ ἀπεκεφάλισα· τίς δέ ἐστιν οὗτος περὶ ⸀οὗ ἀκούω τοιαῦτα; καὶ ἐζήτει ἰδεῖν αὐτόν.
Matt 14:15	Luke 9:12	0.157543	luke_expands;reordering	16	12	6	ἄρχω;κλίνω;δέ;ὁ;δώδεκα;λέγω;κύκλῳ;καί;εὑρίσκω;ἐπισιτισμός;ὅτι;ὧδε;ἐν;ἔρημος;τόπος;εἰμί	ὁ;μαθητής;λέγω;ἔρημος;εἰμί;ὁ;τόπος;καί;ὁ;ὥρα;ἤδη;παρέρχομαι	εἰμί;ἔρημος;τόπος;καί;αὐτός;εἰς;ἀπολύω;ἵνα;ὄχλος;κώμη;ὁ;λέγω;προσέρχομαι	ὀψίας δὲ γενομένης προσῆλθον αὐτῷ οἱ ⸀μαθηταὶ λέγοντες· Ἔρημός ἐστιν ὁ τόπος καὶ ἡ ὥρα ἤδη παρῆλθεν· ἀπόλυσον τοὺς ὄχλους, ἵνα ἀπελθόντες εἰς τὰς κώμας ἀγοράσωσιν ἑαυτοῖς βρώματα.	Ἡ δὲ ἡμέρα ἤρξατο κλίνειν· προσελθόντες δὲ οἱ δώδεκα εἶπαν αὐτῷ· Ἀπόλυσον τὸν ὄχλον, ἵνα ⸀πορευθέντες εἰς τὰς κύκλῳ κώμας ⸀καὶ ἀγροὺς καταλύσωσιν καὶ εὕρωσιν ἐπισιτισμόν, ὅτι ὧδε ἐν ἐρήμῳ τόπῳ ἐσμέν.
Matt 14:16	Luke 9:13	0.1774	luke_expands;reordering	24	5	2	ὁ;δέ;λέγω;οὐ;εἰμί;ἐγώ;πολύς;ἤ;ἄρτος;πέντε;καί;ἰχθύς;δύο;εἰ;μήτι;πορεύομαι;ἐγώ;ἀγοράζω;εἰς;πᾶς;ὁ;λαός;οὗτος;βρῶμα	λέγω;οὐ;χρεία;ἔχω;ἀπέρχομαι	ὁ;οὐ;δίδωμι;σύ;ἐσθίω;λέγω	ὁ δὲ Ἰησοῦς εἶπεν αὐτοῖς· Οὐ χρείαν ἔχουσιν ἀπελθεῖν· δότε αὐτοῖς ὑμεῖς φαγεῖν.	εἶπεν δὲ πρὸς αὐτούς· Δότε αὐτοῖς ⸂ὑμεῖς φαγεῖν⸃. οἱ δὲ εἶπαν· Οὐκ εἰσὶν ἡμῖν πλεῖον ἢ ⸂ἄρτοι πέντε⸃ καὶ ἰχθύες δύο, εἰ μήτι πορευθέντες ἡμεῖς ἀγοράσωμεν εἰς πάντα τὸν λαὸν τοῦτον βρώματα.
Matt 14:19	Luke 9:16	0.573559	matt_expands	3	12	2	δέ;αὐτός;καί	καί;κελεύω;ὁ;ὄχλος;ἀνακλίνω;ἐπί;ὁ;χόρτος;ἄρτος;ὁ;δέ;μαθητής	δέ;ὄχλος;λαμβάνω;δύο;εἰς;εὐλογέω;οὐρανός;πέντε;ἀναβλέπω;ἄρτος;ἰχθύς;δίδωμι;καί;μαθητής	καὶ κελεύσας τοὺς ὄχλους ἀνακλιθῆναι ἐπὶ ⸂τοῦ χόρτου⸃, λαβὼν τοὺς πέντε ἄρτους καὶ τοὺς δύο ἰχθύας, ἀναβλέψας εἰς τὸν οὐρανὸν εὐλόγησεν καὶ κλάσας ἔδωκεν τοῖς μαθηταῖς τοὺς ἄρτους οἱ δὲ μαθηταὶ τοῖς ὄχλοις.	λαβὼν δὲ τοὺς πέντε ἄρτους καὶ τοὺς δύο ἰχθύας ἀναβλέψας εἰς τὸν οὐρανὸν εὐλόγησεν αὐτοὺς καὶ κατέκλασεν καὶ ἐδίδου τοῖς μαθηταῖς ⸀παραθεῖναι τῷ ὄχλῳ.
Matt 14:20	Luke 9:17	0.531117	partial_overlap	2	3	1	πᾶς;κόφινος	πᾶς;κόφινος;πλήρης	πᾶς	καὶ ἔφαγον πάντες καὶ ἐχορτάσθησαν, καὶ ἦραν τὸ περισσεῦον τῶν κλασμάτων δώδεκα κοφίνους πλήρεις.	καὶ ἔφαγον καὶ ἐχορτάσθησαν πάντες, καὶ ἤρθη τὸ περισσεῦσαν αὐτοῖς κλασμάτων κόφινοι δώδεκα.
Matt 15:10	Luke 9:18	0.132575	luke_expands;reordering	17	3	2	ἐν;ὁ;εἰμί;αὐτός;προσεύχομαι;κατά;μόνος;σύνειμι;αὐτός;ὁ;μαθητής;καί;ἐπερωτάω;αὐτός;λέγω;τίς;ἐγώ	ἀκούω;καί;συνίημι	ὄχλος;λέγω	Καὶ προσκαλεσάμενος τὸν ὄχλον εἶπεν αὐτοῖς· Ἀκούετε καὶ συνίετε·	Καὶ ἐγένετο ἐν τῷ εἶναι αὐτὸν προσευχόμενον κατὰ μόνας συνῆσαν αὐτῷ οἱ μαθηταί, καὶ ἐπηρώτησεν αὐτοὺς λέγων· Τίνα με ⸂οἱ ὄχλοι λέγουσιν⸃ εἶναι;
Matt 16:14	Luke 9:19	0.386177	substitution	2	2	5	ἀποκρίνομαι;ἀνίστημι	ὁ;μέν	προφήτης	οἱ δὲ εἶπαν· Οἱ μὲν Ἰωάννην τὸν βαπτιστήν, ἄλλοι δὲ Ἠλίαν, ἕτεροι δὲ Ἰερεμίαν ἢ ἕνα τῶν προφητῶν.	οἱ δὲ ἀποκριθέντες εἶπαν· Ἰωάννην τὸν βαπτιστήν, ἄλλοι δὲ Ἠλίαν, ἄλλοι δὲ ὅτι προφήτης τις τῶν ἀρχαίων ἀνέστη.
Matt 16:15	Luke 9:20	0.578871	luke_expands	9	0	0	δέ;Πέτρος;δέ;ἀποκρίνομαι;λέγω;ὁ;Χριστός;ὁ;θεός		δέ	λέγει αὐτοῖς· Ὑμεῖς δὲ τίνα με λέγετε εἶναι;	εἶπεν δὲ αὐτοῖς· Ὑμεῖς δὲ τίνα με λέγετε εἶναι; ⸂Πέτρος δὲ ἀποκριθεὶς⸃ εἶπεν· Τὸν χριστὸν τοῦ θεοῦ.
Matt 16:20	Luke 9:21	0.204756	matt_expands;substitution;reordering	2	6	3	αὐτός;παραγγέλλω	τότε;διαστέλλομαι;αὐτός;εἰμί;ὁ;Χριστός	αὐτός;ὁ	τότε ⸀διεστείλατο τοῖς ⸀μαθηταῖς ἵνα μηδενὶ εἴπωσιν ὅτι αὐτός ⸀ἐστιν ὁ χριστός.	Ὁ δὲ ἐπιτιμήσας αὐτοῖς παρήγγειλεν μηδενὶ ⸀λέγειν τοῦτο,
Matt 16:21	Luke 9:22	0.549462	matt_expands	2	9	5	καί;ἀποδοκιμάζω	τότε;ἄρχω;ὁ;Ἰησοῦς;δείκνυμι;ὁ;μαθητής;αὐτός;καί	ἀπό;πάσχω;πολύς;δέω;ὅτι;γραμματεύς;πρεσβύτερος;τρίτος;ἀποκτείνω;ἀρχιερεύς;ἐγείρω;ἡμέρα;καί	Ἀπὸ τότε ἤρξατο ⸂ὁ Ἰησοῦς⸃ δεικνύειν τοῖς μαθηταῖς αὐτοῦ ὅτι δεῖ αὐτὸν ⸂εἰς Ἱεροσόλυμα ἀπελθεῖν⸃ καὶ πολλὰ παθεῖν ἀπὸ τῶν πρεσβυτέρων καὶ ἀρχιερέων καὶ γραμματέων καὶ ἀποκτανθῆναι καὶ τῇ τρίτῃ ἡμέρᾳ ἐγερθῆναι.	εἰπὼν ὅτι Δεῖ τὸν υἱὸν τοῦ ἀνθρώπου πολλὰ παθεῖν καὶ ἀποδοκιμασθῆναι ἀπὸ τῶν πρεσβυτέρων καὶ ἀρχιερέων καὶ γραμματέων καὶ ἀποκτανθῆναι καὶ τῇ τρίτῃ ἡμέρᾳ ⸀ἐγερθῆναι.
Matt 16:24	Luke 9:23	0.478535	partial_overlap	2	3	4	κατά;ἡμέρα	τότε;ὁ;Ἰησοῦς	ὁ;αὐτός;αἴρω;εἰ;θέλω;καί;λέγω;σταυρός;τις;ἐγώ;ἑαυτοῦ;ἔρχομαι;ὀπίσω	Τότε ὁ Ἰησοῦς εἶπεν τοῖς μαθηταῖς αὐτοῦ· Εἴ τις θέλει ὀπίσω μου ἐλθεῖν, ἀπαρνησάσθω ἑαυτὸν καὶ ἀράτω τὸν σταυρὸν αὐτοῦ καὶ ἀκολουθείτω μοι.	Ἔλεγεν δὲ πρὸς πάντας· Εἴ τις θέλει ὀπίσω μου ⸂ἔρχεσθαι, ἀρνησάσθω⸃ ἑαυτὸν καὶ ἀράτω τὸν σταυρὸν αὐτοῦ ⸂καθ’ ἡμέραν⸃, καὶ ἀκολουθείτω μοι.
Matt 16:25	Luke 9:24	0.831073	partial_overlap	1	0	2	σῴζω		ἄν	ὃς γὰρ ⸀ἐὰν θέλῃ τὴν ψυχὴν αὐτοῦ σῶσαι ἀπολέσει αὐτήν· ὃς δ’ ἂν ἀπολέσῃ τὴν ψυχὴν αὐτοῦ ἕνεκεν ἐμοῦ εὑρήσει αὐτήν.	ὃς γὰρ ⸀ἂν θέλῃ τὴν ψυχὴν αὐτοῦ σῶσαι, ἀπολέσει αὐτήν· ὃς δ’ ἂν ἀπολέσῃ τὴν ψυχὴν αὐτοῦ ἕνεκεν ἐμοῦ, οὗτος σώσει αὐτήν.
Matt 16:26	Luke 9:25	0.46549	matt_expands;substitution	0	9	4		ὁ;ἤ;τίς;δίδωμι;ἄνθρωπος;ἀντάλλαγμα;ὁ;ψυχή;αὐτός	κερδαίνω;ἤ	τί γὰρ ⸀ὠφεληθήσεται ἄνθρωπος ἐὰν τὸν κόσμον ὅλον κερδήσῃ τὴν δὲ ψυχὴν αὐτοῦ ζημιωθῇ; ἢ τί δώσει ἄνθρωπος ἀντάλλαγμα τῆς ψυχῆς αὐτοῦ;	τί γὰρ ὠφελεῖται ἄνθρωπος κερδήσας τὸν κόσμον ὅλον ἑαυτὸν δὲ ἀπολέσας ἢ ζημιωθείς;
Matt 16:27	Luke 9:26	0.255779	luke_expands	13	10	2	ἄν;ἐπαισχύνομαι;ἐγώ;καί;ὁ;ἐμός;λόγος;οὗτος;ἐπαισχύνομαι;ὅταν;αὐτός;καί;ἅγιος	μετά;αὐτός;καί;τότε;ἀποδίδωμι;ἕκαστος;κατά;ὁ;πρᾶξις;αὐτός	καί;πατήρ;ἄγγελος;δόξα;ἐν;ἔρχομαι;αὐτός;υἱός;ἄνθρωπος;ὁ	μέλλει γὰρ ὁ υἱὸς τοῦ ἀνθρώπου ἔρχεσθαι ἐν τῇ δόξῃ τοῦ πατρὸς αὐτοῦ μετὰ τῶν ἀγγέλων αὐτοῦ, καὶ τότε ἀποδώσει ἑκάστῳ κατὰ τὴν πρᾶξιν αὐτοῦ.	ὃς γὰρ ἂν ἐπαισχυνθῇ με καὶ τοὺς ἐμοὺς λόγους, τοῦτον ὁ υἱὸς τοῦ ἀνθρώπου ἐπαισχυνθήσεται, ὅταν ἔλθῃ ἐν τῇ δόξῃ αὐτοῦ καὶ τοῦ πατρὸς καὶ τῶν ἁγίων ἀγγέλων.
Matt 16:28	Luke 9:27	0.536718	matt_expands;substitution	1	6	5	δέ	ἀμήν;ἔρχομαι;ἐν;ὁ;βασιλεία;αὐτός	βασιλεία	ἀμὴν λέγω ὑμῖν ⸀ὅτι εἰσίν τινες ⸂τῶν ὧδε ἑστώτων⸃ οἵτινες οὐ μὴ γεύσωνται θανάτου ἕως ἂν ἴδωσιν τὸν υἱὸν τοῦ ἀνθρώπου ἐρχόμενον ἐν τῇ βασιλείᾳ αὐτοῦ.	λέγω δὲ ὑμῖν ἀληθῶς, εἰσίν τινες τῶν ⸀αὐτοῦ ⸀ἑστηκότων οἳ οὐ μὴ γεύσωνται θανάτου ἕως ἂν ἴδωσιν τὴν βασιλείαν τοῦ θεοῦ.
Matt 17:1	Luke 9:28	0.175104	matt_expands;reordering	11	14	3	γίνομαι;δέ;μετά;ὁ;λόγος;οὗτος;ὡσεί;ἡμέρα;ὀκτώ;Ἰωάννης;καί	μετά;ἡμέρα;ἕξ;ὁ;Ἰησοῦς;ὁ;ἀδελφός;αὐτός;καί;ἀναφέρω;αὐτός;εἰς;κατά;ἴδιος	καί;παραλαμβάνω;ἡμέρα;Ἰάκωβος;Πέτρος;εἰς;ὁ	Καὶ μεθ’ ἡμέρας ἓξ παραλαμβάνει ὁ Ἰησοῦς τὸν Πέτρον καὶ Ἰάκωβον καὶ Ἰωάννην τὸν ἀδελφὸν αὐτοῦ, καὶ ἀναφέρει αὐτοὺς εἰς ὄρος ὑψηλὸν κατ’ ἰδίαν.	Ἐγένετο δὲ μετὰ τοὺς λόγους τούτους ὡσεὶ ἡμέραι ὀκτὼ ⸀καὶ παραλαβὼν Πέτρον καὶ Ἰωάννην καὶ Ἰάκωβον ἀνέβη εἰς τὸ ὄρος προσεύξασθαι.
Matt 17:2	Luke 9:29	0.1336	matt_expands;substitution;reordering	3	6	7	ὁ;προσεύχομαι;καί	ὁ;δέ;ἱμάτιον;γίνομαι;ὁ;φῶς	γίνομαι;ὁ;αὐτός;πρόσωπον	καὶ μετεμορφώθη ἔμπροσθεν αὐτῶν, καὶ ἔλαμψεν τὸ πρόσωπον αὐτοῦ ὡς ὁ ἥλιος, τὰ δὲ ἱμάτια αὐτοῦ ⸀ἐγένετο λευκὰ ὡς τὸ φῶς.	καὶ ἐγένετο ἐν τῷ προσεύχεσθαι αὐτὸν τὸ εἶδος τοῦ προσώπου αὐτοῦ ἕτερον καὶ ὁ ἱματισμὸς αὐτοῦ λευκὸς ἐξαστράπτων.
Matt 17:3	Luke 9:30	0.435008	partial_overlap	4	3	1	δύο;συλλαλέω;ὅστις;εἰμί	συλλαλέω;μετά;αὐτός	Μωϋσῆς;Ἠλίας;συλλαλέω;αὐτός	καὶ ἰδοὺ ⸀ὤφθη αὐτοῖς Μωϋσῆς καὶ Ἠλίας ⸂συλλαλοῦντες μετ’ αὐτοῦ⸃.	καὶ ἰδοὺ ἄνδρες δύο συνελάλουν αὐτῷ, οἵτινες ἦσαν Μωϋσῆς καὶ Ἠλίας,
Matt 17:4	Luke 9:33	0.44851	luke_expands;substitution	12	3	8	ἐν;ὁ;διαχωρίζομαι;αὐτός;ἀπό;αὐτός;λέγω;καί;Μωϋσῆς;ὁράω;ὅς;λέγω	θέλω;Μωϋσῆς;καί	καί;Πέτρος;εἰμί;καλός;ἐγώ;Ἰησοῦς;ὧδε;Μωϋσῆς;ποιέω;σύ;τρεῖς;Ἠλίας;εἷς;λέγω;σκηνή	ἀποκριθεὶς δὲ ὁ Πέτρος εἶπεν τῷ Ἰησοῦ· Κύριε, καλόν ἐστιν ἡμᾶς ὧδε εἶναι· εἰ θέλεις, ⸀ποιήσω ὧδε τρεῖς σκηνάς, σοὶ μίαν καὶ Μωϋσεῖ μίαν καὶ ⸂Ἠλίᾳ μίαν⸃.	καὶ ἐγένετο ἐν τῷ διαχωρίζεσθαι αὐτοὺς ἀπ’ αὐτοῦ εἶπεν ⸀ὁ Πέτρος πρὸς τὸν Ἰησοῦν· Ἐπιστάτα, καλόν ἐστιν ἡμᾶς ὧδε εἶναι, καὶ ποιήσωμεν σκηνὰς τρεῖς, μίαν σοὶ καὶ μίαν Μωϋσεῖ καὶ μίαν Ἠλίᾳ, μὴ εἰδὼς ὃ λέγει.
Matt 17:5	Luke 9:35	0.378496	matt_expands	1	12	2	γίνομαι	ἔτι;αὐτός;λαλέω;ἰδού;νεφέλη;φωτεινός;ἐπισκιάζω;αὐτός;ἰδού;ὅς;εὐδοκέω;αὐτός	αὐτός;ἀκούω;φωνή;εἰμί;καί;λέγω;οὗτος;υἱός;ἐγώ;ἐκ;ὁ	ἔτι αὐτοῦ λαλοῦντος ἰδοὺ νεφέλη φωτεινὴ ἐπεσκίασεν αὐτούς, καὶ ἰδοὺ φωνὴ ἐκ τῆς νεφέλης λέγουσα· Οὗτός ἐστιν ὁ υἱός μου ὁ ἀγαπητός, ἐν ᾧ εὐδόκησα· ⸂ἀκούετε αὐτοῦ⸃.	καὶ φωνὴ ἐγένετο ἐκ τῆς νεφέλης λέγουσα· Οὗτός ἐστιν ὁ υἱός μου ὁ ⸀ἐκλελεγμένος, αὐτοῦ ἀκούετε.
Matt 17:8	Luke 9:36	0.264173	luke_expands;substitution;reordering	13	3	6	καί;αὐτός;σιγάω;καί;οὐδείς;ἀπαγγέλλω;ἐν;ἐκεῖνος;ὁ;ἡμέρα;οὐδείς;ὅς;ὁράω	εἰ;μή;αὐτός	ὁράω;οὐδείς;αὐτός;μόνος;Ἰησοῦς	ἐπάραντες δὲ τοὺς ὀφθαλμοὺς αὐτῶν οὐδένα εἶδον εἰ μὴ ⸀αὐτὸν Ἰησοῦν μόνον.	καὶ ἐν τῷ γενέσθαι τὴν φωνὴν ⸀εὑρέθη Ἰησοῦς μόνος. καὶ αὐτοὶ ἐσίγησαν καὶ οὐδενὶ ἀπήγγειλαν ἐν ἐκείναις ταῖς ἡμέραις οὐδὲν ὧν ἑώρακαν.
Matt 17:16	Luke 9:40	0.276857	partial_overlap	3	3	1	ἵνα;ἐκβάλλω;αὐτός	αὐτός;αὐτός;θεραπεύω	αὐτός;δύναμαι;οὐ	καὶ προσήνεγκα αὐτὸν τοῖς μαθηταῖς σου, καὶ οὐκ ἠδυνήθησαν αὐτὸν θεραπεῦσαι.	καὶ ἐδεήθην τῶν μαθητῶν σου ἵνα ἐκβάλωσιν αὐτό, καὶ οὐκ ἠδυνήθησαν.
Matt 17:17	Luke 9:41	0.657006	partial_overlap	4	4	3	πρός;ὁ;υἱός;σύ	ἕως;πότε;ἐγώ;αὐτός	ὧδε;εἰμί	ἀποκριθεὶς δὲ ὁ Ἰησοῦς εἶπεν· Ὦ γενεὰ ἄπιστος καὶ διεστραμμένη, ἕως πότε ⸂μεθ’ ὑμῶν ἔσομαι⸃; ἕως πότε ἀνέξομαι ὑμῶν; φέρετέ μοι αὐτὸν ὧδε.	ἀποκριθεὶς δὲ ὁ Ἰησοῦς εἶπεν· Ὦ γενεὰ ἄπιστος καὶ διεστραμμένη, ἕως πότε ἔσομαι πρὸς ὑμᾶς καὶ ἀνέξομαι ὑμῶν; προσάγαγε ⸂ὧδε τὸν υἱόν σου⸃.
Matt 17:18	Luke 9:42	0.213542	luke_expands;substitution;reordering	13	4	7	προσέρχομαι;ἐπιτιμάω;δέ;ὁ;Ἰησοῦς;ὁ;πνεῦμα;ὁ;ἀκάθαρτος;καί;ἰάομαι;ἀποδίδωμι;αὐτός	Ἰησοῦς;καί;ἐξέρχομαι;ἀπό	ἐπιτιμάω;Ἰησοῦς;καί;παῖς;δαιμόνιον;ὁ	καὶ ἐπετίμησεν αὐτῷ ὁ Ἰησοῦς, καὶ ἐξῆλθεν ἀπ’ αὐτοῦ τὸ δαιμόνιον· καὶ ἐθεραπεύθη ὁ παῖς ἀπὸ τῆς ὥρας ἐκείνης.	ἔτι δὲ προσερχομένου αὐτοῦ ἔρρηξεν αὐτὸν τὸ δαιμόνιον καὶ συνεσπάραξεν· ἐπετίμησεν δὲ ὁ Ἰησοῦς τῷ πνεύματι τῷ ἀκαθάρτῳ, καὶ ἰάσατο τὸν παῖδα καὶ ἀπέδωκεν αὐτὸν τῷ πατρὶ αὐτοῦ.
Matt 17:22	Luke 9:44	0.377105	substitution	2	2	7	γάρ;μέλλω	ἐν;αὐτός	εἰς;μέλλω	⸀Συστρεφομένων δὲ αὐτῶν ἐν τῇ Γαλιλαίᾳ εἶπεν αὐτοῖς ὁ Ἰησοῦς· Μέλλει ὁ υἱὸς τοῦ ἀνθρώπου παραδίδοσθαι εἰς χεῖρας ἀνθρώπων,	Θέσθε ὑμεῖς εἰς τὰ ὦτα ὑμῶν τοὺς λόγους τούτους, ὁ γὰρ υἱὸς τοῦ ἀνθρώπου μέλλει παραδίδοσθαι εἰς χεῖρας ἀνθρώπων.
Matt 18:2	Luke 9:47	0.266688	luke_expands;substitution;reordering	8	1	4	Ἰησοῦς;ὁράω;ὁ;διαλογισμός;ὁ;καρδία;αὐτός;ἐπιλαμβάνομαι	αὐτός	παιδίον;ἵστημι;αὐτός	καὶ ⸀προσκαλεσάμενος παιδίον ἔστησεν αὐτὸ ἐν μέσῳ αὐτῶν	ὁ δὲ Ἰησοῦς ⸀εἰδὼς τὸν διαλογισμὸν τῆς καρδίας αὐτῶν ἐπιλαβόμενος ⸀παιδίον ἔστησεν αὐτὸ παρ’ ἑαυτῷ,
Matt 18:5	Luke 9:48	0.404448	luke_expands	22	1	2	λέγω;αὐτός;ὁ;καί;ὅς;ἄν;ἐγώ;δέχομαι;δέχομαι;ὁ;ἀποστέλλω;ἐγώ;ὁ;γάρ;μικρός;ἐν;πᾶς;σύ;ὑπάρχω;οὗτος;εἰμί;μέγας	τοιοῦτος	παιδίον;δέχομαι;ἐγώ;ἐπί;ὄνομα;ὅς	καὶ ὃς ⸀ἐὰν δέξηται ⸂ἓν παιδίον τοιοῦτο⸃ ἐπὶ τῷ ὀνόματί μου, ἐμὲ δέχεται.	καὶ εἶπεν αὐτοῖς· Ὃς ⸀ἂν δέξηται τοῦτο τὸ παιδίον ἐπὶ τῷ ὀνόματί μου ἐμὲ δέχεται, καὶ ὃς ⸁ἂν ἐμὲ δέξηται δέχεται τὸν ἀποστείλαντά με· ὁ γὰρ μικρότερος ἐν πᾶσιν ὑμῖν ὑπάρχων οὗτός ⸀ἐστιν μέγας.
Matt 18:10	Luke 15:3	0.115136	matt_expands;substitution;reordering	0	19	5		γάρ;σύ;ὅτι;ὁ;ἄγγελος;αὐτός;ἐν;οὐρανός;διά;πᾶς;βλέπω;ὁ;πρόσωπον;ὁ;πατήρ;ἐγώ;ὁ;ἐν;οὐρανός	αὐτός;λέγω	Ὁρᾶτε μὴ καταφρονήσητε ἑνὸς τῶν μικρῶν τούτων, λέγω γὰρ ὑμῖν ὅτι οἱ ἄγγελοι αὐτῶν ἐν οὐρανοῖς διὰ παντὸς βλέπουσι τὸ πρόσωπον τοῦ πατρός μου τοῦ ἐν ⸀οὐρανοῖς.	εἶπεν δὲ πρὸς αὐτοὺς τὴν παραβολὴν ταύτην λέγων·
Matt 18:12	Luke 15:4	0.276068	substitution;reordering	8	7	8	ἄνθρωπος;ἐκ;καταλείπω;ἐν;ὁ;ἔρημος;καί;πορεύομαι	ἐάν;γίνομαι;τις;ἄνθρωπος;εἷς;ὁ;πλανάω	ἐκ;ἄνθρωπος;αὐτός;ἐπί;καί;πορεύομαι;πρόβατον;σύ;ἐνενήκοντα;ἐννέα;ἑκατόν;ὁ	τί ὑμῖν δοκεῖ; ἐὰν γένηταί τινι ἀνθρώπῳ ἑκατὸν πρόβατα καὶ πλανηθῇ ἓν ἐξ αὐτῶν, οὐχὶ ⸀ἀφήσει τὰ ἐνενήκοντα ἐννέα ἐπὶ τὰ ὄρη ⸀καὶ πορευθεὶς ζητεῖ τὸ πλανώμενον;	Τίς ἄνθρωπος ἐξ ὑμῶν ἔχων ἑκατὸν πρόβατα καὶ ⸀ἀπολέσας ⸂ἐξ αὐτῶν ἓν⸃ οὐ καταλείπει τὰ ἐνενήκοντα ἐννέα ἐν τῇ ἐρήμῳ καὶ πορεύεται ἐπὶ τὸ ἀπολωλὸς ἕως εὕρῃ αὐτό;
Matt 18:13	Luke 15:7	0.180039	substitution	9	7	6	χαρά;ἐν;ὁ;οὐρανός;εἰμί;μετανοέω;χρεία;ἔχω;μετάνοια	καί;ἐάν;γίνομαι;εὑρίσκω;αὐτός;ἀμήν;ὁ	ὁ;λέγω;σύ;ὅτι	καὶ ἐὰν γένηται εὑρεῖν αὐτό, ἀμὴν λέγω ὑμῖν ὅτι χαίρει ἐπ’ αὐτῷ μᾶλλον ἢ ἐπὶ τοῖς ἐνενήκοντα ἐννέα τοῖς μὴ πεπλανημένοις.	λέγω ὑμῖν ὅτι οὕτως χαρὰ ⸂ἐν τῷ οὐρανῷ ἔσται⸃ ἐπὶ ἑνὶ ἁμαρτωλῷ μετανοοῦντι ἢ ἐπὶ ἐνενήκοντα ἐννέα δικαίοις οἵτινες οὐ χρείαν ἔχουσιν μετανοίας.
Matt 18:14	Luke 17:2	0.136722	luke_expands;substitution	6	1	10	περίκειμαι;περί;καί;ῥίπτω;εἰς;εἷς	εἷς	εἷς;ἵνα;μικρός;οὗτος;ὁ	οὕτως οὐκ ἔστιν θέλημα ⸀ἔμπροσθεν τοῦ πατρὸς ⸀ὑμῶν τοῦ ἐν οὐρανοῖς ἵνα ἀπόληται ⸀ἓν τῶν μικρῶν τούτων.	λυσιτελεῖ αὐτῷ εἰ ⸂λίθος μυλικὸς⸃ περίκειται περὶ τὸν τράχηλον αὐτοῦ καὶ ἔρριπται εἰς τὴν θάλασσαν ἢ ἵνα σκανδαλίσῃ ⸂τῶν μικρῶν τούτων ἕνα⸃.
Matt 18:15	Luke 17:3	0.238229	matt_expands	5	14	1	προσέχω;ἑαυτοῦ;ἐάν;μετανοέω;ἀφίημι	δέ;εἰς;σύ;ἐλέγχω;μεταξύ;σύ;μόνος;ἐάν;σύ;ἀκούω;κερδαίνω;ὁ;ἀδελφός;σύ	καί;αὐτός;σύ;ἐάν	Ἐὰν δὲ ἁμαρτήσῃ ⸂εἰς σὲ⸃ ὁ ἀδελφός σου, ⸀ὕπαγε ἔλεγξον αὐτὸν μεταξὺ σοῦ καὶ αὐτοῦ μόνου. ἐάν σου ἀκούσῃ, ἐκέρδησας τὸν ἀδελφόν σου·	προσέχετε ἑαυτοῖς. ἐὰν ⸀ἁμάρτῃ ὁ ἀδελφός σου ἐπιτίμησον αὐτῷ, καὶ ἐὰν μετανοήσῃ ἄφες αὐτῷ·
Matt 18:21	Luke 17:4	0.230272	substitution;reordering	6	8	5	ἑπτάκις;ἐπιστρέφω;πρός;σύ;λέγω;μετανοέω	λέγω;κύριος;ποσάκις;ὁ;ἀδελφός;ἐγώ;ἕως;ἑπτάκις	ἑπτάκις;αὐτός;καί;λέγω;εἰς;ἁμαρτάνω	Τότε προσελθὼν ⸂αὐτῷ ὁ Πέτρος εἶπεν⸃· Κύριε, ποσάκις ἁμαρτήσει εἰς ἐμὲ ὁ ἀδελφός μου καὶ ἀφήσω αὐτῷ; ἕως ἑπτάκις;	καὶ ἐὰν ἑπτάκις τῆς ἡμέρας ⸀ἁμαρτήσῃ εἰς σὲ καὶ ⸀ἑπτάκις ἐπιστρέψῃ ⸂πρὸς σὲ⸃ λέγων· Μετανοῶ, ἀφήσεις αὐτῷ.
Matt 18:33	Luke 17:13	0.148226	matt_expands	5	8	2	αἴρω;φωνή;λέγω;Ἰησοῦς;ἐπιστάτης	οὐ;δέω;σύνδουλος;σύ;ὡς;κἀγώ;σύ;ἐλεάω	ἐλεάω;καί	οὐκ ἔδει καὶ σὲ ἐλεῆσαι τὸν σύνδουλόν σου, ὡς κἀγὼ σὲ ἠλέησα;	καὶ αὐτοὶ ἦραν φωνὴν λέγοντες· Ἰησοῦ ἐπιστάτα, ἐλέησον ἡμᾶς.
Matt 19:5	Luke 17:34	0.152252	matt_expands;substitution;reordering	8	14	4	εἰμί;δύο;ἐπί;κλίνη;εἷς;ὁ;εἷς;παραλαμβάνω	καί;καταλείπω;ἄνθρωπος;κολλάομαι;ὁ;γυνή;αὐτός;καί;εἰμί;ὁ;δύο;εἰς;σάρξ;εἷς	δύο;εἷς;καί;εἰμί;ὁ	καὶ εἶπεν· ⸀Ἕνεκα τούτου καταλείψει ἄνθρωπος τὸν πατέρα καὶ τὴν μητέρα καὶ ⸀κολληθήσεται τῇ γυναικὶ αὐτοῦ, καὶ ἔσονται οἱ δύο εἰς σάρκα μίαν;	λέγω ὑμῖν, ταύτῃ τῇ νυκτὶ ἔσονται δύο ἐπὶ κλίνης μιᾶς, ⸀ὁ εἷς παραλημφθήσεται καὶ ὁ ἕτερος ἀφεθήσεται·
Matt 19:6	Luke 17:35	0.122915	substitution	3	5	6	ὁ;αὐτός;ὁ	ὥστε;οὐκέτι;οὖν;μή;χωρίζω	ὁ;δύο;εἰμί	ὥστε οὐκέτι εἰσὶν δύο ἀλλὰ σὰρξ μία. ὃ οὖν ὁ θεὸς συνέζευξεν ἄνθρωπος μὴ χωριζέτω.	⸂ἔσονται δύο⸃ ἀλήθουσαι ἐπὶ τὸ αὐτό, ⸀ἡ μία παραλημφθήσεται ⸂ἡ δὲ⸃ ἑτέρα ⸀ἀφεθήσεται.
Matt 19:13	Luke 18:15	0.247569	reordering	6	7	1	βρέφος;ἵνα;αὐτός;ἅπτω;ὁράω;ὁ	τότε;παιδίον;ἵνα;ὁ;χείρ;ἐπιτίθημι;προσεύχομαι	δέ;καί;ἵνα	Τότε ⸀προσηνέχθησαν αὐτῷ παιδία ἵνα τὰς χεῖρας ἐπιθῇ αὐτοῖς καὶ προσεύξηται· οἱ δὲ μαθηταὶ ἐπετίμησαν αὐτοῖς.	Προσέφερον δὲ αὐτῷ καὶ τὰ βρέφη ἵνα αὐτῶν ἅπτηται· ἰδόντες δὲ οἱ μαθηταὶ ⸀ἐπετίμων αὐτοῖς.
Matt 19:14	Luke 18:16	0.636898	partial_overlap	5	3	1	προσκαλέομαι;αὐτός;ἔρχομαι;πρός;ἐγώ	ἔρχομαι;πρός;ἐγώ	αὐτός;καί;κωλύω;μή;βασιλεία;γάρ;εἰμί;λέγω;παιδίον;πρός;τοιοῦτος;ἀφίημι;ἐγώ;ἔρχομαι	ὁ δὲ Ἰησοῦς εἶπεν· Ἄφετε τὰ παιδία καὶ μὴ κωλύετε αὐτὰ ἐλθεῖν πρός με, τῶν γὰρ τοιούτων ἐστὶν ἡ βασιλεία τῶν οὐρανῶν.	ὁ δὲ Ἰησοῦς ⸂προσεκαλέσατο αὐτὰ λέγων⸃· Ἄφετε τὰ παιδία ἔρχεσθαι πρός με καὶ μὴ κωλύετε αὐτά, τῶν γὰρ τοιούτων ἐστὶν ἡ βασιλεία τοῦ θεοῦ.
Matt 19:16	Luke 18:18	0.303003	partial_overlap	3	4	2	ἄρχων;ἀγαθός;κληρονομέω	προσέρχομαι;ἀγαθός;ἵνα;ἔχω	αἰώνιος;ζωή	Καὶ ἰδοὺ εἷς προσελθὼν ⸂αὐτῷ εἶπεν⸃· ⸀Διδάσκαλε, τί ἀγαθὸν ποιήσω ἵνα ⸀σχῶ ζωὴν αἰώνιον;	Καὶ ἐπηρώτησέν τις αὐτὸν ἄρχων λέγων· Διδάσκαλε ἀγαθέ, τί ποιήσας ζωὴν αἰώνιον κληρονομήσω;
Matt 19:17	Luke 18:19	0.206537	matt_expands;substitution;reordering	3	11	6	λέγω;δέ;αὐτός	λέγω;αὐτός;περί;ὁ;εἰμί;ὁ;εἰς;εἰσέρχομαι;τηρέω;ὁ;ἐντολή	εἰ;εἷς;ὁ;λέγω	ὁ δὲ εἶπεν αὐτῷ· Τί με ⸂ἐρωτᾷς περὶ τοῦ ἀγαθοῦ; εἷς ἐστιν ὁ ἀγαθός⸃· εἰ δὲ θέλεις ⸂εἰς τὴν ζωὴν εἰσελθεῖν⸃, ⸀τήρησον τὰς ἐντολάς.	εἶπεν δὲ αὐτῷ ὁ Ἰησοῦς· Τί με λέγεις ἀγαθόν; οὐδεὶς ἀγαθὸς εἰ μὴ εἷς ὁ θεός.
Matt 19:19	Luke 18:20	0.243681	luke_expands;reordering	12	7	0	ὁ;ἐντολή;οἶδα;μή;μοιχεύω;μή;φονεύω;μή;κλέπτω;μή;ψευδομαρτυρέω;σύ	καί;ἀγαπάω;ὁ;πλησίον;σύ;ὡς;σεαυτοῦ	καί;μήτηρ;πατήρ;τιμάω;σύ	Τίμα τὸν πατέρα καὶ τὴν μητέρα, καὶ Ἀγαπήσεις τὸν πλησίον σου ὡς σεαυτόν.	τὰς ἐντολὰς οἶδας· Μὴ μοιχεύσῃς, Μὴ φονεύσῃς, Μὴ κλέψῃς, Μὴ ψευδομαρτυρήσῃς, Τίμα τὸν πατέρα σου καὶ τὴν ⸀μητέρα.
Matt 19:20	Luke 18:21	0.13818	substitution;reordering	2	3	4	ὁ;δέ	ὁ;νεανίσκος;οὗτος	λέγω;οὗτος;ὁ	λέγει αὐτῷ ὁ νεανίσκος· ⸂Πάντα ταῦτα⸃ ⸀ἐφύλαξα· τί ἔτι ὑστερῶ;	ὁ δὲ εἶπεν· Ταῦτα πάντα ⸀ἐφύλαξα ἐκ νεότητος ⸀μου.
Matt 19:21	Luke 18:22	0.424855	substitution	4	3	8	λείπω;πᾶς;ὅσος;ἔχω	σύ;ὁ;ὑπάρχω	ἔχω;αὐτός;πωλέω;σύ	ἔφη αὐτῷ ὁ Ἰησοῦς· Εἰ θέλεις τέλειος εἶναι, ὕπαγε πώλησόν σου τὰ ὑπάρχοντα καὶ ⸀δὸς πτωχοῖς, καὶ ἕξεις θησαυρὸν ἐν ⸀οὐρανοῖς, καὶ δεῦρο ἀκολούθει μοι.	ἀκούσας ⸀δὲ ὁ Ἰησοῦς εἶπεν αὐτῷ· Ἔτι ἕν σοι λείπει· πάντα ὅσα ἔχεις πώλησον καὶ διάδος πτωχοῖς, καὶ ἕξεις θησαυρὸν ἐν ⸀οὐρανοῖς, καὶ δεῦρο ἀκολούθει μοι.
Matt 19:23	Luke 18:24	0.195743	substitution;reordering	6	7	4	ὁράω;δέ;αὐτός;πῶς;δυσκόλως;εἰσπορεύομαι	δέ;λέγω;σύ;ὅτι;πλούσιος;δυσκόλως;εἰσέρχομαι	δυσκόλως;αὐτός;ὁ;βασιλεία;εἰς;λέγω;Ἰησοῦς	Ὁ δὲ Ἰησοῦς εἶπεν τοῖς μαθηταῖς αὐτοῦ· Ἀμὴν λέγω ὑμῖν ὅτι ⸂πλούσιος δυσκόλως⸃ εἰσελεύσεται εἰς τὴν βασιλείαν τῶν οὐρανῶν·	Ἰδὼν δὲ αὐτὸν ὁ ⸀Ἰησοῦς εἶπεν· Πῶς δυσκόλως οἱ τὰ χρήματα ἔχοντες ⸂εἰς τὴν βασιλείαν τοῦ θεοῦ εἰσπορεύονται⸃·
Matt 19:24	Luke 18:25	0.515534	partial_overlap	2	4	2	γάρ;εἰσέρχομαι	πάλιν;δέ;λέγω;σύ	εὐκοπώτερος;βασιλεία;διά;εἰμί;εἰς;εἰσέρχομαι;θεός;κάμηλος;πλούσιος;ἤ;ὁ	πάλιν δὲ λέγω ὑμῖν, εὐκοπώτερόν ἐστιν κάμηλον διὰ ⸀τρυπήματος ῥαφίδος ⸀εἰσελθεῖν ἢ πλούσιον ⸂εἰς τὴν βασιλείαν τοῦ θεοῦ⸃.	εὐκοπώτερον γάρ ἐστιν κάμηλον διὰ ⸂τρήματος βελόνης⸃ εἰσελθεῖν ἢ πλούσιον εἰς τὴν βασιλείαν τοῦ θεοῦ εἰσελθεῖν.
Matt 19:25	Luke 18:26	0.428184	matt_expands;substitution;reordering	0	3	3		σφόδρα;λέγω;ἄρα	λέγω;δύναμαι;σῴζω;ἀκούω;τίς	ἀκούσαντες δὲ οἱ ⸀μαθηταὶ ἐξεπλήσσοντο σφόδρα λέγοντες· Τίς ἄρα δύναται σωθῆναι;	Εἶπαν δὲ οἱ ἀκούσαντες· Καὶ τίς δύναται σωθῆναι;
Matt 19:26	Luke 18:27	0.280469	matt_expands;substitution;reordering	3	7	4	λέγω;ὁ;θεός	λέγω;αὐτός;παρά;δέ;θεός;πᾶς;δυνατός	δυνατός;ἀδύνατος;θεός;λέγω;ὁ	ἐμβλέψας δὲ ὁ Ἰησοῦς εἶπεν αὐτοῖς· Παρὰ ἀνθρώποις τοῦτο ἀδύνατόν ἐστιν, παρὰ δὲ θεῷ πάντα δυνατά.	ὁ δὲ εἶπεν· Τὰ ἀδύνατα παρὰ ἀνθρώποις δυνατὰ ⸂παρὰ τῷ θεῷ ἐστιν⸃.
Matt 19:27	Luke 18:28	0.241079	matt_expands;substitution	0	6	4		λέγω;αὐτός;τίς;ἄρα;εἰμί;ἐγώ	λέγω;σύ;ἀκολουθέω;ἀφίημι;ἐγώ;ἰδού	Τότε ἀποκριθεὶς ὁ Πέτρος εἶπεν αὐτῷ· Ἰδοὺ ἡμεῖς ἀφήκαμεν πάντα καὶ ἠκολουθήσαμέν σοι· τί ἄρα ἔσται ἡμῖν;	Εἶπεν δὲ ⸀ὁ Πέτρος· Ἰδοὺ ἡμεῖς ⸂ἀφέντες τὰ ἴδια⸃ ἠκολουθήσαμέν σοι.
Matt 19:29	Luke 18:29	0.260097	matt_expands;substitution	10	13	7	αὐτός;ἀμήν;λέγω;σύ;ὅτι;οὐδείς;εἰμί;ὅς;γυνή;ἤ	ἤ;πατήρ;ἤ;μήτηρ;ἤ;γυνή;ἤ;ἀγρός;λαμβάνω;καί;ζωή;αἰώνιος;κληρονομέω	ὁ;ἀδελφός;οἰκία;ἀφίημι;ἤ;τέκνον;ἕνεκεν	καὶ πᾶς ⸀ὅστις ἀφῆκεν ⸂οἰκίας ἢ⸃ ἀδελφοὺς ἢ ἀδελφὰς ἢ πατέρα ἢ μητέρα ἢ ⸂γυναῖκα ἢ⸃ τέκνα ἢ ⸀ἀγροὺς ἕνεκεν τοῦ ⸂ὀνόματός μου⸃, ⸀ἑκατονταπλασίονα λήμψεται καὶ ζωὴν αἰώνιον κληρονομήσει.	ὁ δὲ εἶπεν αὐτοῖς· Ἀμὴν λέγω ὑμῖν ὅτι οὐδείς ἐστιν ὃς ἀφῆκεν οἰκίαν ἢ ⸂γυναῖκα ἢ ἀδελφοὺς ἢ γονεῖς⸃ ἢ τέκνα ἕνεκεν τῆς βασιλείας τοῦ θεοῦ,
Matt 20:18	Luke 18:31	0.149178	luke_expands	14	9	1	παραλαμβάνω;δέ;ὁ;δώδεκα;λέγω;πρός;αὐτός;τελέω;πᾶς;ὁ;γράφω;διά;ὁ;προφήτης	παραδίδωμι;ὁ;ἀρχιερεύς;καί;γραμματεύς;καί;κατακρίνω;αὐτός;θάνατος	υἱός;ἄνθρωπος;αὐτός;εἰς;καί;ἀναβαίνω;ἰδού;ὁ	Ἰδοὺ ἀναβαίνομεν εἰς Ἱεροσόλυμα, καὶ ὁ υἱὸς τοῦ ἀνθρώπου παραδοθήσεται τοῖς ἀρχιερεῦσιν καὶ γραμματεῦσιν, καὶ κατακρινοῦσιν αὐτὸν θανάτῳ,	Παραλαβὼν δὲ τοὺς δώδεκα εἶπεν πρὸς αὐτούς· Ἰδοὺ ἀναβαίνομεν εἰς ⸀Ἰερουσαλήμ, καὶ τελεσθήσεται πάντα τὰ γεγραμμένα διὰ τῶν προφητῶν τῷ υἱῷ τοῦ ἀνθρώπου·
Matt 20:19	Luke 18:32	0.352546	matt_expands;substitution	0	7	4		καί;ὁ;καί;ὁ;τρίτος;ἡμέρα;ἐγείρω	καί;ἐμπαίζω	καὶ παραδώσουσιν αὐτὸν τοῖς ἔθνεσιν εἰς τὸ ἐμπαῖξαι καὶ μαστιγῶσαι καὶ σταυρῶσαι, καὶ τῇ τρίτῃ ἡμέρᾳ ⸀ἐγερθήσεται.	παραδοθήσεται γὰρ τοῖς ἔθνεσιν καὶ ἐμπαιχθήσεται καὶ ὑβρισθήσεται καὶ ἐμπτυσθήσεται,
Matt 20:30	Luke 18:38	0.226175	matt_expands;substitution;reordering	0	11	4		τυφλός;κάθημαι;παρά;ὁ;ὁδός;ἀκούω;ὅτι;λέγω;κύριος;υἱός;Δαυίδ	Δαυίδ;υἱός;λέγω;ἐγώ;ἐλεάω;Ἰησοῦς	καὶ ἰδοὺ δύο τυφλοὶ καθήμενοι παρὰ τὴν ὁδόν, ἀκούσαντες ὅτι Ἰησοῦς παράγει, ἔκραξαν λέγοντες· ⸂Κύριε, ἐλέησον ἡμᾶς⸃, ⸀υἱὸς Δαυίδ.	καὶ ἐβόησεν λέγων· Ἰησοῦ υἱὲ Δαυίδ, ἐλέησόν με.
Matt 20:31	Luke 18:39	0.273019	substitution	2	3	6	καί;μᾶλλον	ὄχλος;υἱός;Δαυίδ	δέ;Δαυίδ;υἱός	ὁ δὲ ὄχλος ἐπετίμησεν αὐτοῖς ἵνα σιωπήσωσιν· οἱ δὲ μεῖζον ⸀ἔκραξαν λέγοντες· ⸂Κύριε, ἐλέησον ἡμᾶς⸃, ⸀υἱὸς Δαυίδ.	καὶ οἱ προάγοντες ἐπετίμων αὐτῷ ἵνα ⸀σιγήσῃ· αὐτὸς δὲ πολλῷ μᾶλλον ἔκραζεν· Υἱὲ Δαυίδ, ἐλέησόν με.
Matt 20:32	Luke 18:41	0.330996	reordering	6	8	1	σύ;δέ;λέγω;κύριος;ἵνα;ἀναβλέπω	καί;ἵστημι;ὁ;Ἰησοῦς;φωνέω;αὐτός;καί;λέγω	σύ;τίς;θέλω;ποιέω;ὁ	καὶ στὰς ὁ Ἰησοῦς ἐφώνησεν αὐτοὺς καὶ εἶπεν· Τί θέλετε ποιήσω ὑμῖν;	⸀Τί σοι θέλεις ποιήσω; ὁ δὲ εἶπεν· Κύριε, ἵνα ἀναβλέψω.
Matt 20:34	Luke 18:43	0.182461	luke_expands;reordering	12	8	1	δοξάζω;ὁ;θεός;καί;πᾶς;ὁ;λαός;ὁράω;δίδωμι;αἶνος;ὁ;θεός	σπλαγχνίζομαι;δέ;ὁ;Ἰησοῦς;ἅπτω;ὁ;ὄμμα;αὐτός	καί;ἀκολουθέω;ἀναβλέπω;ὁ;αὐτός	σπλαγχνισθεὶς δὲ ὁ Ἰησοῦς ἥψατο τῶν ⸀ὀμμάτων αὐτῶν, καὶ εὐθέως ⸀ἀνέβλεψαν καὶ ἠκολούθησαν αὐτῷ.	καὶ παραχρῆμα ἀνέβλεψεν, καὶ ἠκολούθει αὐτῷ δοξάζων τὸν θεόν. καὶ πᾶς ὁ λαὸς ἰδὼν ἔδωκεν αἶνον τῷ θεῷ.
Matt 21:1	Luke 19:29	0.39397	substitution	3	4	4	ὡς;καλέω;ὁ	Βηθφαγή;εἰς;τότε;Ἰησοῦς	Βηθφαγή;δύο;ἀποστέλλω	Καὶ ὅτε ἤγγισαν εἰς Ἱεροσόλυμα καὶ ἦλθον εἰς Βηθφαγὴ ⸀εἰς τὸ Ὄρος τῶν Ἐλαιῶν, τότε ⸀Ἰησοῦς ἀπέστειλεν δύο μαθητὰς	Καὶ ἐγένετο ὡς ἤγγισεν εἰς Βηθφαγὴ καὶ Βηθανίαν πρὸς τὸ ὄρος τὸ καλούμενον Ἐλαιῶν, ἀπέστειλεν δύο τῶν ⸀μαθητῶν
Matt 21:2	Luke 19:30	0.241532	substitution;reordering	10	9	5	κατέναντι;εὑρίσκω;πῶλος;δέω;ἐπί;ὅς;οὐδείς;πώποτε;ἄνθρωπος;καθίζω	πορεύομαι;εὑρίσκω;ὄνος;δέω;καί;πῶλος;μετά;λύω;ἐγώ	αὐτός;καί;πῶλος;κατέναντι;δέω;εὑρίσκω;ἄγω	λέγων αὐτοῖς· ⸀Πορεύεσθε εἰς τὴν κώμην τὴν ⸀κατέναντι ὑμῶν, καὶ ⸀εὐθέως εὑρήσετε ὄνον δεδεμένην καὶ πῶλον μετ’ αὐτῆς· λύσαντες ⸀ἀγάγετέ μοι.	⸀λέγων· Ὑπάγετε εἰς τὴν κατέναντι κώμην, ἐν ᾗ εἰσπορευόμενοι εὑρήσετε πῶλον δεδεμένον, ἐφ’ ὃν οὐδεὶς πώποτε ἀνθρώπων ἐκάθισεν, ⸀καὶ λύσαντες αὐτὸν ἀγάγετε.
Matt 21:3	Luke 19:34	0.526422	matt_expands	0	8	2		τις;σύ;λέγω;τις;εὐθύς;δέ;ἀποστέλλω;αὐτός	δέ;ὁ;αὐτός;κύριος;χρεία;ἔχω;ὅτι;λέγω	καὶ ἐάν τις ὑμῖν εἴπῃ τι, ἐρεῖτε ὅτι Ὁ κύριος αὐτῶν χρείαν ἔχει· ⸀εὐθὺς δὲ ⸀ἀποστελεῖ αὐτούς.	οἱ δὲ εἶπαν ⸀ὅτι Ὁ κύριος αὐτοῦ χρείαν ἔχει.
Matt 21:7	Luke 19:35	0.198311	substitution;reordering	5	4	6	καί;αὐτός;πρός;ὁ;Ἰησοῦς	πῶλος;καί;ἐπιτίθημι;ἐπί	πῶλος;αὐτός;καί;ἐπί;ὁ	ἤγαγον τὴν ὄνον καὶ τὸν πῶλον, καὶ ἐπέθηκαν ⸀ἐπ’ αὐτῶν τὰ ⸀ἱμάτια, καὶ ἐπεκάθισεν ἐπάνω αὐτῶν.	καὶ ἤγαγον αὐτὸν πρὸς τὸν Ἰησοῦν, καὶ ἐπιρίψαντες ⸀αὐτῶν τὰ ἱμάτια ἐπὶ τὸν πῶλον ἐπεβίβασαν τὸν Ἰησοῦν·
Matt 21:8	Luke 19:36	0.227891	matt_expands;substitution	1	14	3	ἑαυτοῦ	στρώννυμι;ἑαυτοῦ;ἄλλος;δέ;κόπτω;κλάδος;ἀπό;ὁ;δένδρον;καί;στρώννυμι;ἐν;ὁ;ὁδός	ὁ;ἱμάτιον	ὁ δὲ πλεῖστος ὄχλος ἔστρωσαν ἑαυτῶν τὰ ἱμάτια ἐν τῇ ὁδῷ, ἄλλοι δὲ ἔκοπτον κλάδους ἀπὸ τῶν δένδρων καὶ ἐστρώννυον ἐν τῇ ὁδῷ.	πορευομένου δὲ αὐτοῦ ὑπεστρώννυον τὰ ἱμάτια ⸀ἑαυτῶν ἐν τῇ ὁδῷ.
Matt 21:9	Luke 19:38	0.275318	matt_expands	5	15	1	βασιλεύς;εἰρήνη;καί;δόξα;ἐν	ὁ;δέ;ὄχλος;ὁ;προάγω;αὐτός;καί;ὁ;ἀκολουθέω;κράζω;ὡσαννά;ὁ;υἱός;Δαυίδ;ὡσαννά	εὐλογέω;ἔρχομαι;κύριος;ἐν;ὄνομα;λέγω;ὕψιστος;καί;ὁ	οἱ δὲ ὄχλοι οἱ προάγοντες ⸀αὐτὸν καὶ οἱ ἀκολουθοῦντες ἔκραζον λέγοντες· Ὡσαννὰ τῷ υἱῷ Δαυίδ· Εὐλογημένος ὁ ἐρχόμενος ἐν ὀνόματι κυρίου· Ὡσαννὰ ἐν τοῖς ὑψίστοις.	λέγοντες· Εὐλογημένος ὁ ἐρχόμενος ⸀βασιλεὺς ἐν ὀνόματι κυρίου· ⸂ἐν οὐρανῷ εἰρήνη⸃ καὶ δόξα ἐν ὑψίστοις.
Matt 21:11	Luke 19:39	0.129149	substitution;reordering	6	5	5	καί;τις;ἀπό;ὁ;διδάσκαλος;ἐπιτιμάω	ὁ;ἀπό;Ναζαρέθ;ὁ;Γαλιλαία	ἀπό;λέγω;ὄχλος;ὁ	οἱ δὲ ὄχλοι ἔλεγον· Οὗτός ἐστιν ⸂ὁ προφήτης Ἰησοῦς⸃ ὁ ἀπὸ Ναζαρὲθ τῆς Γαλιλαίας.	καί τινες τῶν Φαρισαίων ἀπὸ τοῦ ὄχλου εἶπαν πρὸς αὐτόν· Διδάσκαλε, ἐπιτίμησον τοῖς μαθηταῖς σου.
Matt 21:12	Luke 19:45	0.286752	matt_expands	0	20	1		Ἰησοῦς;πᾶς;καί;ἀγοράζω;ἐν;ὁ;ἱερός;καί;ὁ;τράπεζα;ὁ;κολλυβιστής;καταστρέφω;καί;ὁ;καθέδρα;ὁ;πωλέω;ὁ;περιστερά	πωλέω	Καὶ εἰσῆλθεν ⸀Ἰησοῦς εἰς τὸ ⸀ἱερόν, καὶ ἐξέβαλεν πάντας τοὺς πωλοῦντας καὶ ἀγοράζοντας ἐν τῷ ἱερῷ καὶ τὰς τραπέζας τῶν κολλυβιστῶν κατέστρεψεν καὶ τὰς καθέδρας τῶν πωλούντων τὰς περιστεράς,	Καὶ εἰσελθὼν εἰς τὸ ἱερὸν ἤρξατο ἐκβάλλειν τοὺς ⸀πωλοῦντας,
Matt 21:13	Luke 19:46	0.621301	partial_overlap	2	2	0	καί;εἰμί	καί;καλέω	καί	καὶ λέγει αὐτοῖς· Γέγραπται· Ὁ οἶκός μου οἶκος προσευχῆς κληθήσεται, ὑμεῖς δὲ αὐτὸν ⸀ποιεῖτε σπήλαιον λῃστῶν.	λέγων αὐτοῖς· Γέγραπται· ⸂Καὶ ἔσται⸃ ὁ οἶκός μου οἶκος ⸀προσευχῆς, ὑμεῖς δὲ αὐτὸν ἐποιήσατε σπήλαιον λῃστῶν.
Matt 21:15	Luke 20:1	0.166508	reordering	15	17	3	ἐν;εἷς;ὁ;ἡμέρα;διδάσκω;αὐτός;ὁ;λαός;ἐν;ὁ;ἱερός;καί;εὐαγγελίζω;ἐφίστημι;σύν	ὅς;ποιέω;καί;ὁ;παῖς;ὁ;κράζω;ἐν;ὁ;ἱερός;καί;λέγω;ὡσαννά;ὁ;υἱός;Δαυίδ;ἀγανακτέω	γραμματεύς;ἀρχιερεύς;ἐν;ἱερός;καί;ὁ	ἰδόντες δὲ οἱ ἀρχιερεῖς καὶ οἱ γραμματεῖς τὰ θαυμάσια ἃ ἐποίησεν καὶ τοὺς παῖδας ⸀τοὺς κράζοντας ἐν τῷ ἱερῷ καὶ λέγοντας· Ὡσαννὰ τῷ υἱῷ Δαυίδ ἠγανάκτησαν	Καὶ ἐγένετο ἐν μιᾷ τῶν ⸀ἡμερῶν διδάσκοντος αὐτοῦ τὸν λαὸν ἐν τῷ ἱερῷ καὶ εὐαγγελιζομένου ἐπέστησαν οἱ ⸀ἀρχιερεῖς καὶ οἱ γραμματεῖς σὺν τοῖς πρεσβυτέροις,
Matt 21:23	Luke 20:2	0.574242	matt_expands	6	14	2	λέγω;πρός;ἐγώ;εἰμί;ὁ;δίδωμι	εἰς;ὁ;ἱερός;προσέρχομαι;αὐτός;διδάσκω;ὁ;ἀρχιερεύς;καί;ὁ;πρεσβύτερος;ὁ;λαός;δίδωμι	λέγω;ὁ;οὗτος;ποιέω;ποῖος;τίς;ἐν;ἐξουσία;δίδωμι;σύ;αὐτός	Καὶ ⸂ἐλθόντος αὐτοῦ⸃ εἰς τὸ ἱερὸν προσῆλθον αὐτῷ διδάσκοντι οἱ ἀρχιερεῖς καὶ οἱ πρεσβύτεροι τοῦ λαοῦ λέγοντες· Ἐν ποίᾳ ἐξουσίᾳ ταῦτα ποιεῖς; καὶ τίς σοι ἔδωκεν τὴν ἐξουσίαν ταύτην;	καὶ εἶπαν ⸂λέγοντες πρὸς αὐτόν⸃· Εἰπὸν ἡμῖν ἐν ποίᾳ ἐξουσίᾳ ταῦτα ποιεῖς, ἢ τίς ἐστιν ὁ δούς σοι τὴν ἐξουσίαν ταύτην;
Matt 21:24	Luke 20:3	0.483362	matt_expands	1	12	1	πρός	ὁ;Ἰησοῦς;ὅς;ἐάν;κἀγώ;σύ;λέγω;ἐν;ποῖος;ἐξουσία;οὗτος;ποιέω	ἐγώ;λέγω	ἀποκριθεὶς δὲ ὁ Ἰησοῦς εἶπεν αὐτοῖς· Ἐρωτήσω ὑμᾶς κἀγὼ λόγον ἕνα, ὃν ἐὰν εἴπητέ μοι κἀγὼ ὑμῖν ἐρῶ ἐν ποίᾳ ἐξουσίᾳ ταῦτα ποιῶ·	ἀποκριθεὶς δὲ εἶπεν πρὸς αὐτούς· Ἐρωτήσω ὑμᾶς ⸀κἀγὼ λόγον, καὶ εἴπατέ μοι·
Matt 21:25	Luke 20:5	0.43224	matt_expands	1	13	2	ὅτι	ὁ;βάπτισμα;ὁ;Ἰωάννης;πόθεν;εἰμί;ἐκ;οὐρανός;ἤ;ἐκ;ἄνθρωπος;ἐγώ;οὖν	αὐτός;οὐ;πιστεύω;δέ;διά;λέγω;τίς;ἑαυτοῦ;ἐάν;οὐρανός;ἐκ	τὸ βάπτισμα ⸀τὸ Ἰωάννου πόθεν ἦν; ἐξ οὐρανοῦ ἢ ἐξ ἀνθρώπων; οἱ δὲ διελογίζοντο ⸀ἐν ἑαυτοῖς λέγοντες· Ἐὰν εἴπωμεν· Ἐξ οὐρανοῦ, ἐρεῖ ἡμῖν· Διὰ τί οὖν οὐκ ἐπιστεύσατε αὐτῷ;	οἱ δὲ συνελογίσαντο πρὸς ἑαυτοὺς λέγοντες ὅτι Ἐὰν εἴπωμεν· Ἐξ οὐρανοῦ, ἐρεῖ· Διὰ τί οὐκ ἐπιστεύσατε αὐτῷ;
Matt 21:26	Luke 20:6	0.152326	substitution	4	3	4	καταλιθάζω;ἐγώ;πείθω;Ἰωάννης	φοβέομαι;ὁ;Ἰωάννης	προφήτης;γάρ	ἐὰν δὲ εἴπωμεν· Ἐξ ἀνθρώπων, φοβούμεθα τὸν ὄχλον, πάντες γὰρ ⸂ὡς προφήτην ἔχουσιν τὸν Ἰωάννην⸃.	ἐὰν δὲ εἴπωμεν· Ἐξ ἀνθρώπων, ⸂ὁ λαὸς ἅπας⸃ καταλιθάσει ἡμᾶς, πεπεισμένος γάρ ἐστιν Ἰωάννην προφήτην εἶναι·
Matt 21:27	Luke 20:8	0.704592	matt_expands	0	6	0		ἀποκρίνομαι;οὐ;οἶδα;φημί;αὐτός;καί	οὐδέ;οὗτος;ποιέω;ποῖος;σύ;ἐγώ;ἐν;ἐξουσία;αὐτός	καὶ ἀποκριθέντες τῷ Ἰησοῦ εἶπαν· Οὐκ οἴδαμεν. ἔφη αὐτοῖς καὶ αὐτός· Οὐδὲ ἐγὼ λέγω ὑμῖν ἐν ποίᾳ ἐξουσίᾳ ταῦτα ποιῶ.	καὶ ὁ Ἰησοῦς εἶπεν αὐτοῖς· Οὐδὲ ἐγὼ λέγω ὑμῖν ἐν ποίᾳ ἐξουσίᾳ ταῦτα ποιῶ.
Matt 21:33	Luke 20:9	0.343009	matt_expands	8	15	2	δέ;πρός;ὁ;λαός;λέγω;ὁ;χρόνος;ἱκανός	εἰμί;οἰκοδεσπότης;ὅστις;καί;φραγμός;αὐτός;περιτίθημι;καί;ὀρύσσω;ἐν;αὐτός;ληνός;καί;οἰκοδομέω;πύργος	γεωργός;ἀποδημέω;ἐκδίδωμι;παραβολή;ἄνθρωπος;αὐτός;καί;φυτεύω;ἀμπελών	Ἄλλην παραβολὴν ἀκούσατε. ⸀Ἄνθρωπος ἦν οἰκοδεσπότης ὅστις ἐφύτευσεν ἀμπελῶνα καὶ φραγμὸν αὐτῷ περιέθηκεν καὶ ὤρυξεν ἐν αὐτῷ ληνὸν καὶ ᾠκοδόμησεν πύργον, καὶ ἐξέδετο αὐτὸν γεωργοῖς, καὶ ἀπεδήμησεν.	Ἤρξατο δὲ πρὸς τὸν λαὸν λέγειν τὴν παραβολὴν ταύτην· ⸀Ἄνθρωπος ἐφύτευσεν ἀμπελῶνα, καὶ ἐξέδετο αὐτὸν γεωργοῖς, καὶ ἀπεδήμησεν χρόνους ἱκανούς.
Matt 21:34	Luke 20:10	0.259222	luke_expands;reordering	12	8	2	ἵνα;ἀπό;ὁ;ἀμπελών;δίδωμι;ὁ;δέ;γεωργός;ἐξαποστέλλω;αὐτός;δέρω;κενός	δέ;ἐγγίζω;ὁ;ὁ;καρπός;ὁ;δοῦλος;αὐτός	δέ;γεωργός;πρός;ἀποστέλλω;αὐτός;καρπός;δοῦλος;καιρός	ὅτε δὲ ἤγγισεν ὁ καιρὸς τῶν καρπῶν, ἀπέστειλεν τοὺς δούλους αὐτοῦ πρὸς τοὺς γεωργοὺς λαβεῖν τοὺς καρποὺς αὐτοῦ.	⸀καὶ καιρῷ ἀπέστειλεν πρὸς τοὺς γεωργοὺς δοῦλον, ἵνα ἀπὸ τοῦ καρποῦ τοῦ ἀμπελῶνος ⸀δώσουσιν αὐτῷ· οἱ δὲ γεωργοὶ ⸂ἐξαπέστειλαν αὐτὸν δείραντες⸃ κενόν.
Matt 21:37	Luke 20:13	0.15287	luke_expands;substitution;reordering	7	3	5	ποιέω;πέμπω;ὁ;ἀγαπητός;ἴσως;οὗτος;ἐντρέπω	ἀποστέλλω;πρός;αὐτός	λέγω;ἐντρέπω;υἱός;ὁ	ὕστερον δὲ ἀπέστειλεν πρὸς αὐτοὺς τὸν υἱὸν αὐτοῦ λέγων· Ἐντραπήσονται τὸν υἱόν μου.	εἶπεν δὲ ὁ κύριος τοῦ ἀμπελῶνος· Τί ποιήσω; πέμψω τὸν υἱόν μου τὸν ἀγαπητόν· ἴσως ⸀τοῦτον ἐντραπήσονται.
Matt 21:38	Luke 20:14	0.399231	substitution	4	5	5	ὁράω;δέ;αὐτός;γίνομαι	δέ;ἐν;ἑαυτοῦ;δεῦτε;αὐτός	αὐτός;ὁ;ὁράω;γεωργός;λέγω	οἱ δὲ γεωργοὶ ἰδόντες τὸν υἱὸν εἶπον ἐν ἑαυτοῖς· Οὗτός ἐστιν ὁ κληρονόμος· δεῦτε ἀποκτείνωμεν αὐτὸν καὶ ⸀σχῶμεν τὴν κληρονομίαν αὐτοῦ·	ἰδόντες δὲ αὐτὸν οἱ γεωργοὶ διελογίζοντο πρὸς ⸀ἀλλήλους λέγοντες· Οὗτός ἐστιν ὁ κληρονόμος· ⸀ἀποκτείνωμεν αὐτόν, ἵνα ἡμῶν γένηται ἡ κληρονομία·
Matt 21:39	Luke 20:15	0.54463	luke_expands	8	2	1	τίς;οὖν;ποιέω;αὐτός;ὁ;κύριος;ὁ;ἀμπελών	ἐκβάλλω;καί	ἀποκτείνω;ἐκβάλλω	καὶ λαβόντες αὐτὸν ἐξέβαλον ἔξω τοῦ ἀμπελῶνος καὶ ἀπέκτειναν.	καὶ ἐκβαλόντες αὐτὸν ἔξω τοῦ ἀμπελῶνος ἀπέκτειναν. τί οὖν ποιήσει αὐτοῖς ὁ κύριος τοῦ ἀμπελῶνος;
Matt 21:40	Luke 20:16	0.169698	luke_expands;substitution	6	2	6	καί;ἀπόλλυμι;οὗτος;καί;δίδωμι;γίνομαι	ὅταν;οὖν	γεωργός;ἀμπελών;ἔρχομαι	ὅταν οὖν ἔλθῃ ὁ κύριος τοῦ ἀμπελῶνος, τί ποιήσει τοῖς γεωργοῖς ἐκείνοις;	ἐλεύσεται καὶ ἀπολέσει τοὺς γεωργοὺς τούτους, καὶ δώσει τὸν ἀμπελῶνα ἄλλοις. ἀκούσαντες δὲ εἶπαν· Μὴ γένοιτο.
Matt 21:42	Luke 20:17	0.495538	matt_expands;reordering	6	14	3	ὁ;δέ;ἐμβλέπω;αὐτός;οὖν;εἰμί	ἀναγινώσκω;ἐν;ὁ;γραφή;παρά;κύριος;γίνομαι;οὗτος;καί;εἰμί;θαυμαστός;ἐν;ὀφθαλμός;ἐγώ	εἰμί;λέγω;οὗτος;αὐτός;γίνομαι;γωνία;εἰς;κεφαλή;λίθος;οἰκοδομέω;ἀποδοκιμάζω;ὁ;ὅς	Λέγει αὐτοῖς ὁ Ἰησοῦς· Οὐδέποτε ἀνέγνωτε ἐν ταῖς γραφαῖς· Λίθον ὃν ἀπεδοκίμασαν οἱ οἰκοδομοῦντες οὗτος ἐγενήθη εἰς κεφαλὴν γωνίας· παρὰ κυρίου ἐγένετο αὕτη, καὶ ἔστιν θαυμαστὴ ἐν ὀφθαλμοῖς ἡμῶν;	ὁ δὲ ἐμβλέψας αὐτοῖς εἶπεν· Τί οὖν ἐστιν τὸ γεγραμμένον τοῦτο· Λίθον ὃν ἀπεδοκίμασαν οἱ οἰκοδομοῦντες, οὗτος ἐγενήθη εἰς κεφαλὴν γωνίας;
Matt 21:44	Luke 20:18	0.671571	partial_overlap	1	1	1	ἐκεῖνος	οὗτος		⸂Καὶ ὁ πεσὼν ἐπὶ τὸν λίθον τοῦτον συνθλασθήσεται· ἐφ’ ὃν δ’ ἂν πέσῃ λικμήσει αὐτόν.⸃	πᾶς ὁ πεσὼν ἐπ’ ἐκεῖνον τὸν λίθον συνθλασθήσεται· ἐφ’ ὃν δ’ ἂν πέσῃ, λικμήσει αὐτόν.
Matt 21:45	Luke 20:19	0.216876	luke_expands;substitution;reordering	19	5	3	ὁ;γραμματεύς;καί;ἐπιβάλλω;ἐπί;αὐτός;ὁ;χείρ;ἐν;αὐτός;ὁ;ὥρα;φοβέομαι;γινώσκω;γάρ;ὅτι;πρός;αὐτός;λέγω	γινώσκω;ὅτι;περί;αὐτός;λέγω	παραβολή;λέγω;ὅτι;γινώσκω;ἀρχιερεύς	Καὶ ἀκούσαντες οἱ ἀρχιερεῖς καὶ οἱ Φαρισαῖοι τὰς παραβολὰς αὐτοῦ ἔγνωσαν ὅτι περὶ αὐτῶν λέγει·	καὶ ἐζήτησαν οἱ ⸂γραμματεῖς καὶ οἱ ἀρχιερεῖς⸃ ἐπιβαλεῖν ἐπ’ αὐτὸν τὰς χεῖρας ἐν αὐτῇ τῇ ὥρᾳ, καὶ ἐφοβήθησαν ⸂τὸν λαόν⸃, ἔγνωσαν γὰρ ὅτι πρὸς αὐτοὺς ⸂εἶπεν τὴν παραβολὴν ταύτην⸃.
Matt 22:16	Luke 20:21	0.331284	matt_expands;reordering	8	20	3	διδάσκω;καί;οὐ;λαμβάνω;πρόσωπον;ἀλλά;ἐπί;ἀλήθεια	ὁ;μαθητής;αὐτός;μετά;ὁ;Ἡρῳδιανοί;ἐν;ἀλήθεια;καί;οὐ;μέλει;σύ;περί;οὐδείς;οὐ;γάρ;βλέπω;εἰς;πρόσωπον;ἄνθρωπος	πρόσωπον;ὁ;διδάσκω;οὐ;διδάσκαλος;λέγω;οἶδα;ὅτι;ἀλήθεια;θεός;ὁδός	καὶ ἀποστέλλουσιν αὐτῷ τοὺς μαθητὰς αὐτῶν μετὰ τῶν Ἡρῳδιανῶν ⸀λέγοντες· Διδάσκαλε, οἴδαμεν ὅτι ἀληθὴς εἶ καὶ τὴν ὁδὸν τοῦ θεοῦ ἐν ἀληθείᾳ διδάσκεις, καὶ οὐ μέλει σοι περὶ οὐδενός, οὐ γὰρ βλέπεις εἰς πρόσωπον ἀνθρώπων·	καὶ ἐπηρώτησαν αὐτὸν λέγοντες· Διδάσκαλε, οἴδαμεν ὅτι ὀρθῶς λέγεις καὶ διδάσκεις καὶ οὐ λαμβάνεις πρόσωπον, ἀλλ’ ἐπ’ ἀληθείας τὴν ὁδὸν τοῦ θεοῦ διδάσκεις·
Matt 22:17	Luke 20:22	0.279946	matt_expands;substitution;reordering	0	5	3		οὖν;δοκέω;ἔξεστι(ν);κῆνσος;Καῖσαρ	Καῖσαρ;ἔξεστι(ν);οὔ;ἤ;δίδωμι	εἰπὸν οὖν ἡμῖν τί σοι δοκεῖ· ἔξεστιν δοῦναι κῆνσον Καίσαρι ἢ οὔ;	ἔξεστιν ⸀ἡμᾶς Καίσαρι φόρον δοῦναι ἢ οὔ;
Matt 22:20	Luke 20:24	0.235008	reordering	9	7	1	δείκνυμι;ἐγώ;δηνάριον;τίς;ἔχω;εἰκών;ἐπιγραφή;ἀποκρίνομαι;δέ	τίς;ὁ;εἰκών;οὗτος;καί;ὁ;ἐπιγραφή	λέγω;καί;ἐπιγραφή	καὶ λέγει αὐτοῖς· Τίνος ἡ εἰκὼν αὕτη καὶ ἡ ἐπιγραφή;	⸀Δείξατέ μοι δηνάριον· τίνος ἔχει εἰκόνα καὶ ἐπιγραφήν; ⸀ἀποκριθέντες δὲ εἶπαν· Καίσαρος.
Matt 22:21	Luke 20:25	0.815899	partial_overlap	3	4	1	ὁ;δέ;πρός	τότε;λέγω;αὐτός;οὖν	ὁ;Καῖσαρ;αὐτός;λέγω	λέγουσιν ⸀αὐτῷ· Καίσαρος. τότε λέγει αὐτοῖς· Ἀπόδοτε οὖν τὰ Καίσαρος Καίσαρι καὶ τὰ τοῦ θεοῦ τῷ θεῷ.	ὁ δὲ εἶπεν ⸂πρὸς αὐτούς· Τοίνυν ἀπόδοτε⸃ τὰ Καίσαρος Καίσαρι καὶ τὰ τοῦ θεοῦ τῷ θεῷ.
Matt 22:23	Luke 20:27	0.303006	substitution;reordering	3	5	3	τις;ἀντιλέγω;ἀνάστασις	ἡμέρα;προσέρχομαι;αὐτός;ἀνάστασις;καί	αὐτός;προσέρχομαι;ἀνάστασις;Σαδδουκαῖος;ἐπερωτάω	Ἐν ἐκείνῃ τῇ ἡμέρᾳ προσῆλθον αὐτῷ Σαδδουκαῖοι, ⸀λέγοντες μὴ εἶναι ἀνάστασιν, καὶ ἐπηρώτησαν αὐτὸν	Προσελθόντες δέ τινες τῶν Σαδδουκαίων, οἱ ⸀ἀντιλέγοντες ἀνάστασιν μὴ εἶναι, ἐπηρώτησαν αὐτὸν
Matt 22:24	Luke 20:28	0.411777	luke_expands	7	2	4	ἐγώ;ἀδελφός;οὗτος;ἄτεκνος;εἰμί;ἵνα;λαμβάνω	μή;αὐτός	αὐτός;καί;ὁ;γυνή;σπέρμα;ἀδελφός;ἀποθνῄσκω	λέγοντες· Διδάσκαλε, Μωϋσῆς εἶπεν· Ἐάν τις ἀποθάνῃ μὴ ἔχων τέκνα, ἐπιγαμβρεύσει ὁ ἀδελφὸς αὐτοῦ τὴν γυναῖκα αὐτοῦ καὶ ἀναστήσει σπέρμα τῷ ἀδελφῷ αὐτοῦ.	λέγοντες· Διδάσκαλε, Μωϋσῆς ἔγραψεν ἡμῖν, ἐάν τινος ἀδελφὸς ἀποθάνῃ ἔχων γυναῖκα, καὶ οὗτος ἄτεκνος ⸀ᾖ, ἵνα λάβῃ ὁ ἀδελφὸς αὐτοῦ τὴν γυναῖκα καὶ ἐξαναστήσῃ σπέρμα τῷ ἀδελφῷ αὐτοῦ.
Matt 22:25	Luke 20:29	0.221606	matt_expands;substitution;reordering	3	14	3	ἑπτά;οὖν;ἀδελφός	δέ;παρά;ἐγώ;ἑπτά;ἀδελφός;τελευτάω;καί;μή;ἔχω;σπέρμα;ἀφίημι;ὁ;ἀδελφός;αὐτός	γυνή;ἑπτά;εἰμί;ἀδελφός;καί;πρῶτος;ὁ	ἦσαν δὲ παρ’ ἡμῖν ἑπτὰ ἀδελφοί· καὶ ὁ πρῶτος ⸀γήμας ἐτελεύτησεν, καὶ μὴ ἔχων σπέρμα ἀφῆκεν τὴν γυναῖκα αὐτοῦ τῷ ἀδελφῷ αὐτοῦ·	ἑπτὰ οὖν ἀδελφοὶ ἦσαν· καὶ ὁ πρῶτος λαβὼν γυναῖκα ἀπέθανεν ἄτεκνος·
Matt 22:26	Luke 20:30	0.394366	matt_expands	0	7	0		ὁμοίως;καί;ὁ;τρίτος;ἕως;ὁ;ἑπτά		ὁμοίως καὶ ὁ δεύτερος καὶ ὁ τρίτος, ἕως τῶν ἑπτά·	καὶ ⸂ὁ δεύτερος⸃
Matt 22:27	Luke 20:32	0.359116	reordering	1	2	1	ἀποθνῄσκω	πᾶς;ἀποθνῄσκω	γυνή;ὁ	ὕστερον δὲ πάντων ἀπέθανεν ⸀ἡ γυνή.	ὕστερον ⸂καὶ ἡ γυνὴ ἀπέθανεν⸃.
Matt 22:28	Luke 20:33	0.360463	luke_expands;reordering	8	5	0	ὁ;γυνή;οὖν;αὐτός;γίνομαι;γυνή;γάρ;γυνή	οὖν;εἰμί;γυνή;πᾶς;γάρ	γυνή;ἑπτά;αὐτός;ἀνάστασις;ἐν;τίς;ἔχω	ἐν τῇ ⸂ἀναστάσει οὖν⸃ τίνος τῶν ἑπτὰ ἔσται γυνή; πάντες γὰρ ἔσχον αὐτήν.	⸂ἡ γυνὴ οὖν ἐν τῇ⸃ ἀναστάσει τίνος αὐτῶν γίνεται γυνή; οἱ γὰρ ἑπτὰ ἔσχον αὐτὴν γυναῖκα.
Matt 22:30	Luke 20:35	0.319444	partial_overlap	9	8	2	καταξιόω;ὁ;αἰών;ἐκεῖνος;τυγχάνω;καί;ὁ;ἐκ;νεκρός	ἀλλά;ὡς;ἄγγελος;θεός;ἐν;ὁ;οὐρανός;εἰμί	γαμέω;γαμίζω;οὔτε;ἀνάστασις;ὁ	ἐν γὰρ τῇ ἀναστάσει οὔτε γαμοῦσιν οὔτε ⸀γαμίζονται, ἀλλ’ ὡς ἄγγελοι ⸀θεοῦ ἐν ⸀τῷ οὐρανῷ εἰσιν·	οἱ δὲ καταξιωθέντες τοῦ αἰῶνος ἐκείνου τυχεῖν καὶ τῆς ἀναστάσεως τῆς ἐκ νεκρῶν οὔτε γαμοῦσιν οὔτε ⸀γαμίζονται·
Matt 22:32	Luke 20:37	0.496521	luke_expands;reordering	12	9	2	ἐγείρω;ὁ;νεκρός;καί;Μωϋσῆς;μηνύω;ἐπί;ὁ;βάτος;ὡς;λέγω;κύριος	ὁ;ὁ;οὐ;εἰμί;ὁ;θεός;νεκρός;ἀλλά;ζάω	νεκρός;θεός;Ἀβραάμ;Ἰσαάκ;Ἰακώβ	Ἐγώ εἰμι ὁ θεὸς Ἀβραὰμ καὶ ὁ θεὸς Ἰσαὰκ καὶ ὁ θεὸς Ἰακώβ; οὐκ ἔστιν ⸂ὁ θεὸς⸃ νεκρῶν ἀλλὰ ζώντων.	ὅτι δὲ ἐγείρονται οἱ νεκροὶ καὶ Μωϋσῆς ἐμήνυσεν ἐπὶ τῆς βάτου, ὡς λέγει κύριον τὸν θεὸν Ἀβραὰμ ⸀καὶ θεὸν Ἰσαὰκ ⸁καὶ θεὸν Ἰακώβ·
Matt 22:41	Luke 20:40	0.118283	matt_expands;substitution	0	2	4		Φαρισαῖος;Ἰησοῦς		Συνηγμένων δὲ τῶν Φαρισαίων ἐπηρώτησεν αὐτοὺς ὁ Ἰησοῦς	οὐκέτι ⸀γὰρ ἐτόλμων ἐπερωτᾶν αὐτὸν οὐδέν.
Matt 22:43	Luke 20:41	0.253983	partial_overlap	5	5	2	δέ;πρός;ὁ;Χριστός;εἰμί	πνεῦμα;καλέω;αὐτός;κύριος;λέγω	Δαυίδ;αὐτός;πῶς	λέγει αὐτοῖς· Πῶς οὖν Δαυὶδ ἐν πνεύματι ⸂καλεῖ αὐτὸν κύριον⸃ λέγων·	Εἶπεν δὲ πρὸς αὐτούς· Πῶς λέγουσιν τὸν χριστὸν ⸂εἶναι Δαυὶδ υἱόν⸃;
Matt 22:44	Luke 20:42	0.457491	matt_expands	7	10	0	αὐτός;γάρ;Δαυίδ;λέγω;ἐν;βίβλος;ψαλμός	ἕως;ἄν;τίθημι;ὁ;ἐχθρός;σύ;ὑποκάτω;ὁ;πούς;σύ	δεξιός;κάθημαι;κύριος;ἐγώ;ἐκ;ὁ;λέγω	⸀Εἶπεν κύριος τῷ κυρίῳ μου· Κάθου ἐκ δεξιῶν μου ἕως ἂν θῶ τοὺς ἐχθρούς σου ⸀ὑποκάτω τῶν ποδῶν σου;	⸂αὐτὸς γὰρ⸃ Δαυὶδ λέγει ἐν βίβλῳ ψαλμῶν· ⸀Εἶπεν κύριος τῷ κυρίῳ μου· Κάθου ἐκ δεξιῶν μου
Matt 22:45	Luke 20:44	0.462497	reordering	3	3	1	καλέω;καί;αὐτός	Δαυίδ;καλέω;αὐτός	Δαυίδ;αὐτός;κύριος	εἰ οὖν Δαυὶδ καλεῖ αὐτὸν κύριον, πῶς υἱὸς αὐτοῦ ἐστιν;	Δαυὶδ οὖν ⸂αὐτὸν κύριον⸃ καλεῖ, καὶ πῶς ⸂αὐτοῦ υἱός⸃ ἐστιν;
Matt 23:6	Luke 20:46	0.457752	luke_expands;reordering	18	6	1	προσέχω;ἀπό;ὁ;γραμματεύς;ὁ;θέλω;περιπατέω;ἐν;στολή;καί;ἐν;ἀγορά;καί;πρωτοκαθεδρία;ἐν;ὁ;συναγωγή;καί	καί;ὁ;πρωτοκαθεδρία;ἐν;ὁ;συναγωγή	δεῖπνον;πρωτοκλισία;φιλέω;πρωτοκαθεδρία;συναγωγή;ἐν;καί	φιλοῦσι ⸀δὲ τὴν πρωτοκλισίαν ἐν τοῖς δείπνοις καὶ τὰς πρωτοκαθεδρίας ἐν ταῖς συναγωγαῖς	Προσέχετε ἀπὸ τῶν γραμματέων τῶν θελόντων περιπατεῖν ἐν στολαῖς καὶ φιλούντων ἀσπασμοὺς ἐν ταῖς ἀγοραῖς καὶ πρωτοκαθεδρίας ἐν ταῖς συναγωγαῖς καὶ πρωτοκλισίας ἐν τοῖς δείπνοις,
Matt 23:19	Luke 21:1	0.154553	substitution;reordering	4	5	6	βάλλω;εἰς;ὁ;γαζοφυλάκιον	θυσιαστήριον;ὁ;ἁγιάζω;ὁ;δῶρον	δῶρον	⸀τυφλοί, τί γὰρ μεῖζον, τὸ δῶρον ἢ τὸ θυσιαστήριον τὸ ἁγιάζον τὸ δῶρον;	Ἀναβλέψας δὲ εἶδεν τοὺς βάλλοντας ⸂εἰς τὸ γαζοφυλάκιον τὰ δῶρα αὐτῶν⸃ πλουσίους.
Matt 24:2	Luke 21:6	0.460212	matt_expands;substitution	2	9	5	ἐν;ὅς	βλέπω;οὗτος;πᾶς;ἀμήν;λέγω;σύ;οὐ;μή;ὧδε	ὅς;καταλύω;λίθος;οὗτος;ἐπί;ἀφίημι;οὐ	ὁ δὲ ⸀ἀποκριθεὶς εἶπεν αὐτοῖς· Οὐ βλέπετε ⸂ταῦτα πάντα⸃; ἀμὴν λέγω ὑμῖν, οὐ μὴ ἀφεθῇ ὧδε λίθος ἐπὶ λίθον ὃς οὐ καταλυθήσεται.	Ταῦτα ἃ θεωρεῖτε, ἐλεύσονται ἡμέραι ἐν αἷς οὐκ ἀφεθήσεται λίθος ἐπὶ ⸀λίθῳ ὃς οὐ καταλυθήσεται.
Matt 24:3	Luke 21:7	0.29381	matt_expands;substitution	1	15	6	οὖν	ἐπί;ὁ;ὄρος;ὁ;ἐλαία;προσέρχομαι;αὐτός;ὁ;μαθητής;κατά;ἴδιος;ἐγώ;συντέλεια;ὁ;αἰών	πότε;εἰμί;καί;λέγω;οὗτος;σημεῖον;τίς;ὁ	Καθημένου δὲ αὐτοῦ ἐπὶ τοῦ Ὄρους τῶν Ἐλαιῶν προσῆλθον αὐτῷ οἱ μαθηταὶ κατ’ ἰδίαν λέγοντες· Εἰπὸν ἡμῖν πότε ταῦτα ἔσται, καὶ τί τὸ σημεῖον τῆς σῆς παρουσίας ⸀καὶ συντελείας τοῦ αἰῶνος.	Ἐπηρώτησαν δὲ αὐτὸν λέγοντες· Διδάσκαλε, πότε οὖν ταῦτα ἔσται, καὶ τί τὸ σημεῖον ὅταν μέλλῃ ταῦτα γίνεσθαι;
Matt 24:5	Luke 21:8	0.475377	luke_expands;substitution	9	0	4	ὁ;δέ;λέγω;βλέπω;μή;πλανάω;καί;ὀπίσω;αὐτός		πλανάω;γάρ;εἰμί;πολύς;ἐγώ;ἐπί;ἔρχομαι;ὄνομα;λέγω;καί;ὁ	πολλοὶ γὰρ ἐλεύσονται ἐπὶ τῷ ὀνόματί μου λέγοντες· Ἐγώ εἰμι ὁ χριστός, καὶ πολλοὺς πλανήσουσιν.	ὁ δὲ εἶπεν· Βλέπετε μὴ πλανηθῆτε· πολλοὶ γὰρ ἐλεύσονται ἐπὶ τῷ ὀνόματί μου ⸀λέγοντες· Ἐγώ εἰμι καί· Ὁ καιρὸς ἤγγικεν· ⸀μὴ πορευθῆτε ὀπίσω αὐτῶν.
Matt 24:6	Luke 21:9	0.267028	substitution	2	2	5	οὗτος;πρῶτος	πόλεμος;ὁράω	γάρ;δέω;μή	μελλήσετε δὲ ἀκούειν πολέμους καὶ ἀκοὰς πολέμων· ὁρᾶτε, μὴ θροεῖσθε· δεῖ ⸀γὰρ γενέσθαι, ἀλλ’ οὔπω ἐστὶν τὸ τέλος.	ὅταν δὲ ἀκούσητε πολέμους καὶ ἀκαταστασίας, μὴ πτοηθῆτε· δεῖ γὰρ ταῦτα γενέσθαι πρῶτον, ἀλλ’ οὐκ εὐθέως τὸ τέλος.
Matt 24:7	Luke 21:10	0.642899	matt_expands	3	8	0	τότε;λέγω;αὐτός	γάρ;καί;εἰμί;λιμός;καί;σεισμός;κατά;τόπος	ἐγείρω;βασιλεία;καί;ἐπί;ἔθνος	ἐγερθήσεται γὰρ ἔθνος ἐπὶ ἔθνος καὶ βασιλεία ἐπὶ βασιλείαν, καὶ ἔσονται ⸀λιμοὶ καὶ σεισμοὶ κατὰ τόπους·	τότε ἔλεγεν αὐτοῖς· Ἐγερθήσεται ἔθνος ἐπ’ ἔθνος καὶ βασιλεία ἐπὶ βασιλείαν,
Matt 24:9	Luke 21:17	0.476518	matt_expands	0	10	0		τότε;παραδίδωμι;σύ;εἰς;θλῖψις;καί;ἀποκτείνω;σύ;ὁ;ἔθνος	διά;ἐγώ;ὄνομα;εἰμί;μισέω;πᾶς;ὑπό;ὁ;καί	Τότε παραδώσουσιν ὑμᾶς εἰς θλῖψιν καὶ ἀποκτενοῦσιν ὑμᾶς, καὶ ἔσεσθε μισούμενοι ὑπὸ πάντων τῶν ἐθνῶν διὰ τὸ ὄνομά μου.	καὶ ἔσεσθε μισούμενοι ὑπὸ πάντων διὰ τὸ ὄνομά μου.
Matt 24:16	Luke 21:21	0.597228	luke_expands	15	0	1	καί;ὁ;ἐν;μέσος;αὐτός;ἐκχωρέω;καί;ὁ;ἐν;ὁ;χώρα;μή;εἰσέρχομαι;εἰς;αὐτός			τότε οἱ ἐν τῇ Ἰουδαίᾳ φευγέτωσαν ⸀ἐπὶ τὰ ὄρη,	τότε οἱ ἐν τῇ Ἰουδαίᾳ φευγέτωσαν εἰς τὰ ὄρη, καὶ οἱ ἐν μέσῳ αὐτῆς ἐκχωρείτωσαν, καὶ οἱ ἐν ταῖς χώραις μὴ εἰσερχέσθωσαν εἰς αὐτήν,
Matt 24:19	Luke 21:23	0.610002	luke_expands	12	1	0	εἰμί;γάρ;ἀνάγκη;μέγας;ἐπί;ὁ;γῆ;καί;ὀργή;ὁ;λαός;οὗτος	δέ		οὐαὶ δὲ ταῖς ἐν γαστρὶ ἐχούσαις καὶ ταῖς θηλαζούσαις ἐν ἐκείναις ταῖς ἡμέραις.	⸀οὐαὶ ταῖς ἐν γαστρὶ ἐχούσαις καὶ ταῖς θηλαζούσαις ἐν ἐκείναις ταῖς ἡμέραις· ἔσται γὰρ ἀνάγκη μεγάλη ἐπὶ τῆς γῆς καὶ ⸀ὀργὴ τῷ λαῷ τούτῳ,
Matt 24:29	Luke 21:26	0.193841	matt_expands;substitution	3	19	6	φόβος;καί;προσδοκία	ἐκεῖνος;σκοτίζομαι;καί;ὁ;σελήνη;οὐ;δίδωμι;ὁ;φέγγος;αὐτός;καί;ὁ;ἀστήρ;πίπτω;ἀπό;ὁ;οὐρανός;καί;ὁ	ἀπό;δύναμις;σαλεύω;οὐρανός;καί;ὁ	Εὐθέως δὲ μετὰ τὴν θλῖψιν τῶν ἡμερῶν ἐκείνων ὁ ἥλιος σκοτισθήσεται, καὶ ἡ σελήνη οὐ δώσει τὸ φέγγος αὐτῆς, καὶ οἱ ἀστέρες πεσοῦνται ἀπὸ τοῦ οὐρανοῦ, καὶ αἱ δυνάμεις τῶν οὐρανῶν σαλευθήσονται.	ἀποψυχόντων ἀνθρώπων ἀπὸ φόβου καὶ προσδοκίας τῶν ἐπερχομένων τῇ οἰκουμένῃ, αἱ γὰρ δυνάμεις τῶν οὐρανῶν σαλευθήσονται.
Matt 24:30	Luke 21:27	0.537827	matt_expands	0	22	1		φαίνω;ὁ;σημεῖον;ὁ;υἱός;ὁ;ἄνθρωπος;ἐν;ὁ;οὐρανός;καί;τότε;κόπτω;πᾶς;ὁ;φυλή;ὁ;γῆ;καί;ὁ;ὁ;οὐρανός	δόξα;δύναμις;μετά;πολύς;νεφέλη;ἔρχομαι;ὁράω;υἱός;ἄνθρωπος	καὶ τότε φανήσεται τὸ σημεῖον τοῦ υἱοῦ τοῦ ἀνθρώπου ἐν ⸀τῷ οὐρανῷ, καὶ τότε κόψονται πᾶσαι αἱ φυλαὶ τῆς γῆς καὶ ὄψονται τὸν υἱὸν τοῦ ἀνθρώπου ἐρχόμενον ἐπὶ τῶν νεφελῶν τοῦ οὐρανοῦ μετὰ δυνάμεως καὶ δόξης πολλῆς·	καὶ τότε ὄψονται τὸν υἱὸν τοῦ ἀνθρώπου ἐρχόμενον ἐν νεφέλῃ μετὰ δυνάμεως καὶ δόξης πολλῆς.
Matt 24:32	Luke 21:30	0.264469	matt_expands;reordering	6	16	1	ὅταν;προβάλλω;ἤδη;βλέπω;ἤδη;εἰμί	ὁ;συκῆ;μανθάνω;ὁ;παραβολή;ὅταν;ἤδη;ὁ;κλάδος;αὐτός;γίνομαι;ἁπαλός;καί;ὁ;φύλλον;ἐκφύω	γινώσκω;ὅτι;θέρος;ἐγγύς;ὁ;ὅταν;ἤδη;ἀπό	Ἀπὸ δὲ τῆς συκῆς μάθετε τὴν παραβολήν· ὅταν ἤδη ὁ κλάδος αὐτῆς γένηται ἁπαλὸς καὶ τὰ φύλλα ἐκφύῃ, γινώσκετε ὅτι ἐγγὺς τὸ θέρος·	ὅταν προβάλωσιν ἤδη, βλέποντες ἀφ’ ἑαυτῶν γινώσκετε ὅτι ἤδη ἐγγὺς τὸ θέρος ἐστίν·
Matt 24:33	Luke 21:31	0.5758	partial_overlap	3	1	2	γίνομαι;ὁ;θεός	πᾶς		οὕτως καὶ ὑμεῖς, ὅταν ἴδητε ⸂πάντα ταῦτα⸃, γινώσκετε ὅτι ἐγγύς ἐστιν ἐπὶ θύραις.	οὕτως καὶ ὑμεῖς, ὅταν ἴδητε ταῦτα γινόμενα, γινώσκετε ὅτι ἐγγύς ἐστιν ἡ βασιλεία τοῦ θεοῦ.
Matt 24:34	Luke 21:32	0.855179	close_match	0	1	0		οὗτος		ἀμὴν λέγω ὑμῖν ⸀ὅτι οὐ μὴ παρέλθῃ ἡ γενεὰ αὕτη ἕως ἂν πάντα ταῦτα γένηται.	ἀμὴν λέγω ὑμῖν ὅτι οὐ μὴ παρέλθῃ ἡ γενεὰ αὕτη ἕως ἂν πάντα γένηται.
Matt 24:35	Luke 21:33	1.0	close_match	0	0	0				ὁ οὐρανὸς καὶ ἡ γῆ ⸀παρελεύσεται, οἱ δὲ λόγοι μου οὐ μὴ παρέλθωσιν.	ὁ οὐρανὸς καὶ ἡ γῆ ⸀παρελεύσονται, οἱ δὲ λόγοι μου οὐ μὴ παρελεύσονται.
Matt 26:3	Luke 22:2	0.14724	substitution	6	8	3	ὁ;πῶς;ἀναιρέω;αὐτός;φοβέομαι;γάρ	εἰς;ὁ;αὐλή;ὁ;ἀρχιερεύς;ὁ;λέγω;Καϊάφας	λαός;καί	Τότε συνήχθησαν οἱ ⸀ἀρχιερεῖς καὶ οἱ πρεσβύτεροι τοῦ λαοῦ εἰς τὴν αὐλὴν τοῦ ἀρχιερέως τοῦ λεγομένου Καϊάφα,	καὶ ἐζήτουν οἱ ἀρχιερεῖς καὶ οἱ γραμματεῖς τὸ πῶς ἀνέλωσιν αὐτόν, ἐφοβοῦντο γὰρ τὸν λαόν.
Matt 26:14	Luke 22:3	0.184405	substitution;reordering	9	7	3	εἰς;Ἰούδας;ὁ;καλέω;Ἰσκαριώτης;εἰμί;ἐκ;ὁ;ἀριθμός	ὁ;λέγω;Ἰούδας;Ἰσκαριώτης;πρός;ὁ;ἀρχιερεύς	δώδεκα;Ἰούδας;ὁ	Τότε πορευθεὶς εἷς τῶν δώδεκα, ὁ λεγόμενος Ἰούδας Ἰσκαριώτης, πρὸς τοὺς ἀρχιερεῖς	Εἰσῆλθεν δὲ Σατανᾶς εἰς Ἰούδαν τὸν ⸀καλούμενον Ἰσκαριώτην, ὄντα ἐκ τοῦ ἀριθμοῦ τῶν δώδεκα·
Matt 26:15	Luke 22:5	0.111166	matt_expands;substitution;reordering	2	10	4	αὐτός;ἀργύριον	κἀγώ;σύ;παραδίδωμι;αὐτός;ὁ;δέ;ἵστημι;αὐτός;τριάκοντα;ἀργύριον	ἀργύριον;αὐτός;δίδωμι	εἶπεν· Τί θέλετέ μοι δοῦναι κἀγὼ ὑμῖν παραδώσω αὐτόν; οἱ δὲ ἔστησαν αὐτῷ τριάκοντα ἀργύρια.	καὶ ἐχάρησαν καὶ συνέθεντο αὐτῷ ἀργύριον δοῦναι.
Matt 26:16	Luke 22:6	0.521526	luke_expands;substitution	3	0	4	παραδίδωμι;ὄχλος;αὐτός			καὶ ἀπὸ τότε ἐζήτει εὐκαιρίαν ἵνα αὐτὸν παραδῷ.	καὶ ἐξωμολόγησεν, καὶ ἐζήτει εὐκαιρίαν τοῦ παραδοῦναι αὐτὸν ⸂ἄτερ ὄχλου αὐτοῖς⸃.
Matt 26:17	Luke 22:9	0.518051	matt_expands	1	12	0	αὐτός	πρῶτος;ὁ;ἄζυμος;προσέρχομαι;ὁ;μαθητής;ὁ;Ἰησοῦς;σύ;ἐσθίω;ὁ;πάσχα	λέγω;θέλω;ποῦ;ἑτοιμάζω	Τῇ δὲ πρώτῃ τῶν ἀζύμων προσῆλθον οἱ μαθηταὶ τῷ Ἰησοῦ ⸀λέγοντες· Ποῦ θέλεις ⸀ἑτοιμάσωμέν σοι φαγεῖν τὸ πάσχα;	οἱ δὲ εἶπαν αὐτῷ· Ποῦ θέλεις ⸀ἑτοιμάσωμεν;
Matt 26:18	Luke 22:11	0.238333	matt_expands;reordering	7	15	4	οἰκοδεσπότης;ὁ;οἰκία;λέγω;σύ;εἰμί;ἐσθίω	ὁ;δέ;λέγω;ὑπάγω;εἰς;ὁ;πόλις;πρός;ὁ;δεῖνα;ἐγγύς;εἰμί;πρός;σύ;ποιέω	σύ;καί;εἰμί;μαθητής;μετά;πάσχα;διδάσκαλος;ἐγώ;ὁ	ὁ δὲ εἶπεν· Ὑπάγετε εἰς τὴν πόλιν πρὸς τὸν δεῖνα καὶ εἴπατε αὐτῷ· Ὁ διδάσκαλος λέγει· Ὁ καιρός μου ἐγγύς ἐστιν· πρὸς σὲ ποιῶ τὸ πάσχα μετὰ τῶν μαθητῶν μου.	καὶ ἐρεῖτε τῷ οἰκοδεσπότῃ τῆς οἰκίας· Λέγει σοι ὁ διδάσκαλος· Ποῦ ἐστιν τὸ κατάλυμα ὅπου τὸ πάσχα μετὰ τῶν μαθητῶν μου φάγω;
Matt 26:19	Luke 22:13	0.326004	matt_expands;substitution	0	3	5		συντάσσω;ὁ;Ἰησοῦς	καί;ὁ;πάσχα;ἑτοιμάζω	καὶ ἐποίησαν οἱ μαθηταὶ ὡς συνέταξεν αὐτοῖς ὁ Ἰησοῦς, καὶ ἡτοίμασαν τὸ πάσχα.	ἀπελθόντες δὲ εὗρον καθὼς ⸀εἰρήκει αὐτοῖς, καὶ ἡτοίμασαν τὸ πάσχα.
Matt 26:21	Luke 22:16	0.120426	luke_expands;substitution;reordering	5	2	9	γάρ;σύ;ὅτι;οὐ;μή	παραδίδωμι;ἐγώ	αὐτός;ἐσθίω;σύ;ὅτι;λέγω	καὶ ἐσθιόντων αὐτῶν εἶπεν· Ἀμὴν λέγω ὑμῖν ὅτι εἷς ἐξ ὑμῶν παραδώσει με.	λέγω γὰρ ὑμῖν ⸀ὅτι οὐ μὴ φάγω ⸀αὐτὸ ἕως ὅτου πληρωθῇ ἐν τῇ βασιλείᾳ τοῦ θεοῦ.
Matt 26:27	Luke 22:17	0.260925	substitution;reordering	4	5	4	δέχομαι;ποτήριον;εὐχαριστέω;λέγω	λέγω;πίνω;ἐκ;αὐτός;πᾶς	λαμβάνω;λέγω	καὶ ⸀λαβὼν ποτήριον καὶ εὐχαριστήσας ἔδωκεν αὐτοῖς λέγων· Πίετε ἐξ αὐτοῦ πάντες,	καὶ δεξάμενος ποτήριον εὐχαριστήσας εἶπεν· Λάβετε τοῦτο καὶ διαμερίσατε ⸂εἰς ἑαυτούς⸃·
Matt 26:29	Luke 22:18	0.431683	matt_expands;substitution	0	9	7		ἡμέρα;ἐκεῖνος;ὅταν;αὐτός;πίνω;μετά;σύ;καινός;ἐν	βασιλεία;ὁ	λέγω δὲ ⸀ὑμῖν, οὐ μὴ πίω ἀπ’ ἄρτι ἐκ τούτου τοῦ γενήματος τῆς ἀμπέλου ἕως τῆς ἡμέρας ἐκείνης ὅταν αὐτὸ πίνω μεθ’ ὑμῶν καινὸν ἐν τῇ βασιλείᾳ τοῦ πατρός μου.	λέγω γὰρ ὑμῖν, ⸀οὐ μὴ πίω ἀπὸ τοῦ ⸂νῦν ἀπὸ τοῦ⸃ γενήματος τῆς ἀμπέλου ἕως ⸀οὗ ἡ βασιλεία τοῦ θεοῦ ἔλθῃ.
Matt 26:30	Luke 22:39	0.325672	luke_expands	10	1	0	πορεύομαι;κατά;ὁ;ἔθος;ἀκολουθέω;δέ;αὐτός;καί;ὁ;μαθητής	ὑμνέω	εἰς;ἐλαία;ὄρος	καὶ ὑμνήσαντες ἐξῆλθον εἰς τὸ Ὄρος τῶν Ἐλαιῶν.	Καὶ ἐξελθὼν ἐπορεύθη κατὰ τὸ ἔθος εἰς τὸ Ὄρος τῶν Ἐλαιῶν· ἠκολούθησαν δὲ αὐτῷ καὶ οἱ ⸀μαθηταί.
Matt 26:39	Luke 22:42	0.133108	matt_expands;substitution;reordering	5	15	6	ὁ;ποτήριον;πλήν;μή;γίνομαι	καί;προέρχομαι;μικρός;πίπτω;ἐπί;πρόσωπον;αὐτός;προσεύχομαι;καί;ἐγώ;οὗτος;πλήν;οὐ;ὡς;θέλω	οὗτος;ποτήριον;ὁ;πλήν;ἀλλά;εἰ;λέγω;πατήρ;ἀπό;ἐγώ	καὶ ⸀προελθὼν μικρὸν ἔπεσεν ἐπὶ πρόσωπον αὐτοῦ προσευχόμενος καὶ λέγων· Πάτερ μου, εἰ δυνατόν ἐστιν, παρελθάτω ἀπ’ ἐμοῦ τὸ ποτήριον τοῦτο· πλὴν οὐχ ὡς ἐγὼ θέλω ἀλλ’ ὡς σύ.	λέγων· Πάτερ, εἰ βούλει ⸀παρένεγκε ⸂τοῦτο τὸ ποτήριον⸃ ἀπ’ ἐμοῦ· πλὴν μὴ τὸ θέλημά μου ἀλλὰ τὸ σὸν ⸀γινέσθω.
Matt 26:40	Luke 22:45	0.189078	matt_expands	5	11	2	ἀνίστημι;ἀπό;ὁ;προσευχή;κοιμάομαι	καί;καί;λέγω;οὕτω(ς);οὐ;ἰσχύω;εἷς;ὥρα;γρηγορέω;μετά;ἐγώ	αὐτός;μαθητής;πρός;ἔρχομαι;εὑρίσκω	καὶ ἔρχεται πρὸς τοὺς μαθητὰς καὶ εὑρίσκει αὐτοὺς καθεύδοντας, καὶ λέγει τῷ Πέτρῳ· Οὕτως οὐκ ἰσχύσατε μίαν ὥραν γρηγορῆσαι μετ’ ἐμοῦ;	καὶ ἀναστὰς ἀπὸ τῆς προσευχῆς ἐλθὼν πρὸς τοὺς μαθητὰς εὗρεν ⸂κοιμωμένους αὐτοὺς⸃ ἀπὸ τῆς λύπης,
Matt 26:41	Luke 22:46	0.37519	matt_expands	5	9	0	λέγω;αὐτός;τίς;καθεύδω;ἀνίστημι	γρηγορέω;ὁ;μέν;πνεῦμα;πρόθυμος;ὁ;δέ;σάρξ;ἀσθενής	εἰς;εἰσέρχομαι;μή;πειρασμός;προσεύχομαι;ἵνα	γρηγορεῖτε καὶ προσεύχεσθε, ἵνα μὴ εἰσέλθητε εἰς πειρασμόν· τὸ μὲν πνεῦμα πρόθυμον ἡ δὲ σὰρξ ἀσθενής.	καὶ εἶπεν αὐτοῖς· Τί καθεύδετε; ἀναστάντες προσεύχεσθε, ἵνα μὴ εἰσέλθητε εἰς πειρασμόν.
Matt 26:47	Luke 22:47	0.335168	matt_expands;reordering	8	14	2	ὄχλος;καί;ὁ;λέγω;αὐτός;ὁ;Ἰησοῦς;φιλέω	καί;ὄχλος;πολύς;μετά;μάχαιρα;καί;ξύλον;ἀπό;ὁ;ἀρχιερεύς;καί;πρεσβύτερος;ὁ;λαός	ὄχλος;καί;δώδεκα;εἷς;Ἰούδας	Καὶ ἔτι αὐτοῦ λαλοῦντος ἰδοὺ Ἰούδας εἷς τῶν δώδεκα ἦλθεν καὶ μετ’ αὐτοῦ ὄχλος πολὺς μετὰ μαχαιρῶν καὶ ξύλων ἀπὸ τῶν ἀρχιερέων καὶ πρεσβυτέρων τοῦ λαοῦ.	⸀Ἔτι αὐτοῦ λαλοῦντος ἰδοὺ ὄχλος, καὶ ὁ λεγόμενος Ἰούδας εἷς τῶν δώδεκα προήρχετο αὐτούς, καὶ ἤγγισεν τῷ Ἰησοῦ φιλῆσαι αὐτόν.
Matt 26:51	Luke 22:50	0.216258	matt_expands;reordering	8	14	2	εἷς;τις;ἐκ;αὐτός;ὁ;ἀρχιερεύς;καί;ἀφαιρέω	καί;ἰδού;εἷς;ὁ;μετά;Ἰησοῦς;ἐκτείνω;ὁ;χείρ;ἀποσπάω;ὁ;μάχαιρα;αὐτός;ἀφαιρέω	πατάσσω;ἀρχιερεύς;ἀφαιρέω;αὐτός;δοῦλος;ὁ	καὶ ἰδοὺ εἷς τῶν μετὰ Ἰησοῦ ἐκτείνας τὴν χεῖρα ἀπέσπασεν τὴν μάχαιραν αὐτοῦ καὶ πατάξας τὸν δοῦλον τοῦ ἀρχιερέως ἀφεῖλεν αὐτοῦ τὸ ὠτίον.	καὶ ἐπάταξεν εἷς τις ἐξ αὐτῶν ⸂τοῦ ἀρχιερέως τὸν δοῦλον⸃ καὶ ἀφεῖλεν ⸂τὸ οὖς αὐτοῦ⸃ τὸ δεξιόν.
Matt 26:55	Luke 22:52	0.369111	matt_expands;substitution;reordering	6	13	7	Ἰησοῦς;πρός;αὐτός;ἀρχιερεύς;καί;στρατηγός	συλλαμβάνω;ἐγώ;κατά;ἡμέρα;ἐν;ὁ;ἱερός;καθέζομαι;διδάσκω;καί;οὐ;κρατέω;ἐγώ	ἱερός;καί;λῃστής;μάχαιρα;μετά;ξύλον;ἐξέρχομαι;ὡς;λέγω;ἐπί;Ἰησοῦς;ὁ	ἐν ἐκείνῃ τῇ ὥρᾳ εἶπεν ὁ Ἰησοῦς τοῖς ὄχλοις· Ὡς ἐπὶ λῃστὴν ἐξήλθατε μετὰ μαχαιρῶν καὶ ξύλων συλλαβεῖν με; καθ’ ⸀ἡμέραν ⸂ἐν τῷ ἱερῷ ἐκαθεζόμην διδάσκων⸃ καὶ οὐκ ἐκρατήσατέ με.	εἶπεν ⸀δὲ Ἰησοῦς πρὸς τοὺς παραγενομένους ἐπ’ αὐτὸν ἀρχιερεῖς καὶ στρατηγοὺς τοῦ ἱεροῦ καὶ πρεσβυτέρους· Ὡς ἐπὶ λῃστὴν ⸀ἐξήλθατε μετὰ μαχαιρῶν καὶ ξύλων;
Matt 26:58	Luke 22:54	0.270172	matt_expands;reordering	11	17	0	συλλαμβάνω;δέ;αὐτός;ἄγω;καί;εἰσάγω;εἰς;ὁ;οἰκία;ὁ;ἀρχιερεύς	αὐτός;ἀπό;ἕως;ὁ;αὐλή;ὁ;ἀρχιερεύς;καί;εἰσέρχομαι;ἔσω;κάθημαι;μετά;ὁ;ὑπηρέτης;ὁράω;ὁ;τέλος	Πέτρος;ἀκολουθέω;μακρόθεν;καί;ὁ;αὐτός	ὁ δὲ Πέτρος ἠκολούθει αὐτῷ ἀπὸ μακρόθεν ἕως τῆς αὐλῆς τοῦ ἀρχιερέως, καὶ εἰσελθὼν ἔσω ἐκάθητο μετὰ τῶν ὑπηρετῶν ἰδεῖν τὸ τέλος.	Συλλαβόντες δὲ αὐτὸν ἤγαγον καὶ ⸀εἰσήγαγον εἰς ⸂τὴν οἰκίαν⸃ τοῦ ἀρχιερέως· ὁ δὲ Πέτρος ἠκολούθει μακρόθεν.
Matt 26:69	Luke 22:56	0.156772	matt_expands;reordering	9	12	3	ὁράω;δέ;αὐτός;παιδίσκη;τις;κάθημαι;πρός;σύν;αὐτός	Πέτρος;κάθημαι;ἔξω;ἐν;ὁ;αὐλή;εἷς;παιδίσκη;μετά;Ἰησοῦς;ὁ;Γαλιλαῖος	παιδίσκη;αὐτός;ὁ;κάθημαι	Ὁ δὲ Πέτρος ⸂ἐκάθητο ἔξω⸃ ἐν τῇ αὐλῇ· καὶ προσῆλθεν αὐτῷ μία παιδίσκη λέγουσα· Καὶ σὺ ἦσθα μετὰ Ἰησοῦ τοῦ Γαλιλαίου·	ἰδοῦσα δὲ αὐτὸν παιδίσκη τις καθήμενον πρὸς τὸ φῶς καὶ ἀτενίσασα αὐτῷ εἶπεν· Καὶ οὗτος σὺν αὐτῷ ἦν·
Matt 26:70	Luke 22:57	0.443536	matt_expands	0	2	2		ἔμπροσθεν;πᾶς	λέγω;οἶδα;οὐ	ὁ δὲ ἠρνήσατο ⸀ἔμπροσθεν πάντων λέγων· Οὐκ οἶδα τί λέγεις.	ὁ δὲ ⸀ἠρνήσατο λέγων· ⸂Οὐκ οἶδα αὐτόν, γύναι⸃.
Matt 26:73	Luke 22:58	0.142511	matt_expands;substitution;reordering	2	6	10	καί;εἰμί	λέγω;ὁ;Πέτρος;ἀληθῶς;καί;γάρ	δέ;καί;αὐτός;ὁ;Πέτρος;εἰμί;σύ;ἐκ	μετὰ μικρὸν δὲ προσελθόντες οἱ ἑστῶτες εἶπον τῷ Πέτρῳ· Ἀληθῶς καὶ σὺ ἐξ αὐτῶν εἶ, καὶ γὰρ ἡ λαλιά σου δῆλόν σε ποιεῖ·	καὶ μετὰ βραχὺ ἕτερος ἰδὼν αὐτὸν ἔφη· Καὶ σὺ ἐξ αὐτῶν εἶ· ὁ δὲ Πέτρος ⸀ἔφη· Ἄνθρωπε, οὐκ εἰμί.
Matt 26:74	Luke 22:60	0.192579	substitution;reordering	4	2	8	ἔτι;λαλέω;αὐτός;φωνέω	ὅτι;φωνέω	καί;ὁ;ἄνθρωπος;ἀλέκτωρ	τότε ἤρξατο καταθεματίζειν καὶ ὀμνύειν ὅτι Οὐκ οἶδα τὸν ἄνθρωπον. καὶ ⸀εὐθέως ἀλέκτωρ ἐφώνησεν·	εἶπεν δὲ ὁ Πέτρος· Ἄνθρωπε, οὐκ οἶδα ὃ λέγεις. καὶ παραχρῆμα ἔτι λαλοῦντος αὐτοῦ ἐφώνησεν ἀλέκτωρ.
Matt 26:75	Luke 22:62	0.512542	matt_expands	0	15	0		καί;μιμνῄσκομαι;ὁ;Πέτρος;ὁ;ῥῆμα;Ἰησοῦς;λέγω;ὅτι;πρίν;ἀλέκτωρ;φωνέω;τρίς;ἀπαρνέομαι;ἐγώ	κλαίω;πικρῶς;ἐξέρχομαι;ἔξω	καὶ ἐμνήσθη ὁ Πέτρος τοῦ ⸀ῥήματος Ἰησοῦ ⸀εἰρηκότος ὅτι Πρὶν ἀλέκτορα φωνῆσαι τρὶς ἀπαρνήσῃ με, καὶ ἐξελθὼν ἔξω ἔκλαυσεν πικρῶς.	καὶ ἐξελθὼν ⸀ἔξω ἔκλαυσεν πικρῶς.
Matt 27:11	Luke 23:3	0.398934	matt_expands	1	7	3	αὐτός	ἔμπροσθεν;ὁ;ἡγεμών;καί;ἐπερωτάω;ὁ;ἡγεμών	βασιλεύς;εἰμί;λέγω;σύ;Ἰουδαῖος;φημί;αὐτός	Ὁ δὲ Ἰησοῦς ⸀ἐστάθη ἔμπροσθεν τοῦ ἡγεμόνος· καὶ ἐπηρώτησεν αὐτὸν ὁ ἡγεμὼν λέγων· Σὺ εἶ ὁ βασιλεὺς τῶν Ἰουδαίων; ὁ δὲ Ἰησοῦς ⸀ἔφη· Σὺ λέγεις.	ὁ δὲ Πιλᾶτος ⸀ἠρώτησεν αὐτὸν λέγων· Σὺ εἶ ὁ βασιλεὺς τῶν Ἰουδαίων; ὁ δὲ ἀποκριθεὶς αὐτῷ ἔφη· Σὺ λέγεις.
Matt 27:12	Luke 23:9	0.225849	substitution	3	4	4	δέ;αὐτός;αὐτός	ὁ;ἀρχιερεύς;καί;πρεσβύτερος	αὐτός;οὐδείς;ἀποκρίνομαι;ἐν	καὶ ἐν τῷ κατηγορεῖσθαι αὐτὸν ὑπὸ τῶν ἀρχιερέων ⸀καὶ πρεσβυτέρων οὐδὲν ἀπεκρίνατο.	ἐπηρώτα δὲ αὐτὸν ἐν λόγοις ἱκανοῖς· αὐτὸς δὲ οὐδὲν ἀπεκρίνατο αὐτῷ.
Matt 27:17	Luke 23:20	0.332472	matt_expands;substitution	0	10	4		αὐτός;λέγω;αὐτός;ὁ;Βαραββᾶς;ἤ;Ἰησοῦς;ὁ;λέγω;Χριστός	Πιλᾶτος;θέλω;ἀπολύω;Ἰησοῦς;ὁ	συνηγμένων οὖν αὐτῶν εἶπεν αὐτοῖς ὁ Πιλᾶτος· Τίνα θέλετε ἀπολύσω ὑμῖν, ⸂Ἰησοῦν τὸν⸃ Βαραββᾶν ἢ Ἰησοῦν τὸν λεγόμενον χριστόν;	πάλιν ⸀δὲ ὁ Πιλᾶτος ⸀προσεφώνησεν, θέλων ἀπολῦσαι τὸν Ἰησοῦν.
Matt 27:22	Luke 23:21	0.159717	matt_expands;reordering	5	12	0	ὁ;δέ;ἐπιφωνέω;σταυρόω;σταυρόω	ὁ;Πιλᾶτος;τίς;οὖν;ποιέω;Ἰησοῦς;ὁ;λέγω;Χριστός;λέγω;πᾶς;σταυρόω	σταυρόω;αὐτός;λέγω;ὁ	λέγει αὐτοῖς ὁ Πιλᾶτος· Τί οὖν ποιήσω Ἰησοῦν τὸν λεγόμενον χριστόν; ⸀λέγουσιν πάντες· Σταυρωθήτω.	οἱ δὲ ἐπεφώνουν λέγοντες· ⸂Σταύρου σταύρου⸃ αὐτόν.
Matt 27:23	Luke 23:22	0.246799	luke_expands;substitution	8	0	7	λέγω;πρός;αὐτός;αὐτός;παιδεύω;οὖν;αὐτός;ἀπολύω		λέγω;γάρ;κακός;ποιέω;τίς	ὁ ⸀δὲ ἔφη· Τί γὰρ κακὸν ἐποίησεν; οἱ δὲ περισσῶς ἔκραζον λέγοντες· Σταυρωθήτω.	ὁ δὲ τρίτον εἶπεν πρὸς αὐτούς· Τί γὰρ κακὸν ἐποίησεν οὗτος; οὐδὲν αἴτιον θανάτου εὗρον ἐν αὐτῷ· παιδεύσας οὖν αὐτὸν ἀπολύσω.
Matt 27:32	Luke 23:26	0.142975	luke_expands;substitution;reordering	6	1	10	ἐπιλαμβάνομαι;Σίμων;τις;ὄπισθεν;ὁ;Ἰησοῦς	αἴρω	αὐτός;Κυρηναῖος;σταυρός;ὁ	Ἐξερχόμενοι δὲ εὗρον ἄνθρωπον Κυρηναῖον ὀνόματι Σίμωνα· τοῦτον ἠγγάρευσαν ἵνα ἄρῃ τὸν σταυρὸν αὐτοῦ.	Καὶ ὡς ἀπήγαγον αὐτόν, ἐπιλαβόμενοι ⸂Σίμωνά τινα Κυρηναῖον ἐρχόμενον⸃ ἀπ’ ἀγροῦ ἐπέθηκαν αὐτῷ τὸν σταυρὸν φέρειν ὄπισθεν τοῦ Ἰησοῦ.
Matt 27:33	Luke 23:33	0.191721	luke_expands;substitution	12	0	7	ὅτε;ὁ;κρανίον;ἐκεῖ;σταυρόω;αὐτός;καί;ὁ;κακοῦργος;δέ;ἐκ;ἀριστερός		ὅς;τόπος	Καὶ ἐλθόντες εἰς τόπον λεγόμενον Γολγοθᾶ, ὅ ἐστιν ⸂Κρανίου Τόπος λεγόμενος⸃,	καὶ ὅτε ⸀ἦλθον ἐπὶ τὸν τόπον τὸν καλούμενον Κρανίον, ἐκεῖ ἐσταύρωσαν αὐτὸν καὶ τοὺς κακούργους, ὃν μὲν ἐκ δεξιῶν ὃν δὲ ἐξ ἀριστερῶν.
Matt 27:35	Luke 23:34	0.530805	luke_expands	10	0	1	Ἰησοῦς;λέγω;πατήρ;ἀφίημι;οὐ;γάρ;οἶδα;τίς;ποιέω;δέ		βάλλω;κλῆρος;ἱμάτιον;διαμερίζω;αὐτός;ὁ	σταυρώσαντες δὲ αὐτὸν διεμερίσαντο τὰ ἱμάτια αὐτοῦ βάλλοντες κλῆρον,	⸂ὁ δὲ Ἰησοῦς ἔλεγεν· Πάτερ, ἄφες αὐτοῖς, οὐ γὰρ οἴδασιν τί ποιοῦσιν.⸃ διαμεριζόμενοι δὲ τὰ ἱμάτια αὐτοῦ ἔβαλον ⸀κλήρους.
Matt 27:37	Luke 23:37	0.261878	matt_expands;substitution	2	8	3	σῴζω;σεαυτοῦ	κεφαλή;αὐτός;ὁ;αἰτία;αὐτός;γράφω;οὗτος;Ἰησοῦς	βασιλεύς;Ἰουδαῖος;εἰμί;ὁ	καὶ ἐπέθηκαν ἐπάνω τῆς κεφαλῆς αὐτοῦ τὴν αἰτίαν αὐτοῦ γεγραμμένην· Οὗτός ἐστιν Ἰησοῦς ὁ βασιλεὺς τῶν Ἰουδαίων.	καὶ λέγοντες· Εἰ σὺ εἶ ὁ βασιλεὺς τῶν Ἰουδαίων, σῶσον σεαυτόν.
Matt 27:45	Luke 23:44	0.551764	luke_expands;substitution	3	0	4	ἤδη;ὡσεί;ὥρα		γίνομαι;γῆ;σκότος;ἐπί;ἔνατος;ἕκτος;ἕως;ὁ	Ἀπὸ δὲ ἕκτης ὥρας σκότος ἐγένετο ἐπὶ πᾶσαν τὴν γῆν ἕως ὥρας ἐνάτης.	⸂Καὶ ἦν⸃ ⸀ἤδη ὡσεὶ ὥρα ἕκτη καὶ σκότος ἐγένετο ἐφ’ ὅλην τὴν γῆν ἕως ὥρας ἐνάτης
Matt 27:51	Luke 23:45	0.322173	matt_expands;substitution;reordering	3	14	3	ἐκλείπω;σχίζω;δέ	ἀπό;ἄνωθεν;ἕως;κάτω;εἰς;δύο;καί;ὁ;γῆ;σείω;καί;ὁ;πέτρα;σχίζω	καταπέτασμα;ναός;σχίζω;ὁ	καὶ ἰδοὺ τὸ καταπέτασμα τοῦ ναοῦ ἐσχίσθη ⸂ἀπ’ ἄνωθεν ἕως κάτω εἰς δύο⸃, καὶ ἡ γῆ ἐσείσθη, καὶ αἱ πέτραι ἐσχίσθησαν,	⸂τοῦ ἡλίου ἐκλιπόντος⸃, ἐσχίσθη ⸀δὲ τὸ καταπέτασμα τοῦ ναοῦ μέσον.
Matt 27:55	Luke 23:49	0.13156	substitution;reordering	6	6	5	ὁ;γνωστός;αὐτός;μακρόθεν;καί;αὐτός	πολύς;ἀπό;μακρόθεν;θεωρέω;ὅστις;ἀκολουθέω	αὐτός;ἀπό;ὁ;γυνή	Ἦσαν δὲ ἐκεῖ γυναῖκες πολλαὶ ἀπὸ μακρόθεν θεωροῦσαι, αἵτινες ἠκολούθησαν τῷ Ἰησοῦ ἀπὸ τῆς Γαλιλαίας διακονοῦσαι αὐτῷ·	εἱστήκεισαν δὲ πάντες οἱ γνωστοὶ ⸀αὐτῷ ⸀μακρόθεν, καὶ γυναῖκες αἱ ⸀συνακολουθοῦσαι αὐτῷ ἀπὸ τῆς Γαλιλαίας, ὁρῶσαι ταῦτα.
Matt 27:58	Luke 23:52	0.762566	matt_expands	0	5	0		τότε;ὁ;Πιλᾶτος;κελεύω;ἀποδίδωμι		οὗτος προσελθὼν τῷ Πιλάτῳ ᾐτήσατο τὸ σῶμα τοῦ Ἰησοῦ. τότε ὁ Πιλᾶτος ἐκέλευσεν ⸀ἀποδοθῆναι.	οὗτος προσελθὼν τῷ Πιλάτῳ ᾐτήσατο τὸ σῶμα τοῦ Ἰησοῦ,
Matt 27:59	Luke 23:53	0.222451	luke_expands	11	4	2	τίθημι;αὐτός;ἐν;μνῆμα;λαξευτός;οὗ;οὐ;εἰμί;οὐδείς;οὔπω;κεῖμαι	ὁ;σῶμα;ὁ;Ἰωσήφ	αὐτός;σινδών;ἐντυλίσσω	καὶ λαβὼν τὸ σῶμα ὁ Ἰωσὴφ ἐνετύλιξεν ⸀αὐτὸ σινδόνι καθαρᾷ,	καὶ ⸀καθελὼν ἐνετύλιξεν αὐτὸ σινδόνι, καὶ ἔθηκεν ⸀αὐτὸν ἐν μνήματι λαξευτῷ οὗ οὐκ ἦν ⸂οὐδεὶς οὔπω⸃ κείμενος.
Matt 27:62	Luke 23:54	0.207407	matt_expands;substitution	0	9	4		ἐπαύριον;ὅστις;μετά;ὁ;συνάγω;ὁ;ἀρχιερεύς;πρός;Πιλᾶτος	καί;παρασκευή;εἰμί	Τῇ δὲ ἐπαύριον, ἥτις ἐστὶν μετὰ τὴν παρασκευήν, συνήχθησαν οἱ ἀρχιερεῖς καὶ οἱ Φαρισαῖοι πρὸς Πιλᾶτον	καὶ ἡμέρα ἦν ⸂παρασκευῆς, καὶ⸃ σάββατον ἐπέφωσκεν.
Matt 28:1	Luke 24:1	0.130497	matt_expands;substitution;reordering	5	9	6	εἷς;ὁ;ὄρθρος;βαθύς;ἐπί	εἰς;εἷς;σάββατον;ὁ;ἄλλος;Μαρία;θεωρέω;ὁ;τάφος	εἷς;ὁ;σάββατον;ἔρχομαι	Ὀψὲ δὲ σαββάτων, τῇ ἐπιφωσκούσῃ εἰς μίαν σαββάτων, ἦλθεν ⸀Μαριὰμ ἡ Μαγδαληνὴ καὶ ἡ ἄλλη Μαρία θεωρῆσαι τὸν τάφον.	τῇ δὲ μιᾷ τῶν σαββάτων ὄρθρου βαθέως ⸂ἐπὶ τὸ μνῆμα ἦλθον⸃ φέρουσαι ἃ ἡτοίμασαν ⸀ἀρώματα.
Matt 28:2	Luke 24:2	0.161144	matt_expands;substitution;reordering	0	12	6		σεισμός;γίνομαι;μέγας;ἄγγελος;γάρ;κύριος;καταβαίνω;ἐκ;οὐρανός;καί;προσέρχομαι;ἀποκυλίω	λίθος;ὁ;ἀποκυλίω	καὶ ἰδοὺ σεισμὸς ἐγένετο μέγας· ἄγγελος γὰρ κυρίου καταβὰς ἐξ οὐρανοῦ ⸀καὶ προσελθὼν ἀπεκύλισε τὸν ⸀λίθον καὶ ἐκάθητο ἐπάνω αὐτοῦ.	εὗρον δὲ τὸν λίθον ἀποκεκυλισμένον ἀπὸ τοῦ μνημείου,
Matt 28:6	Luke 24:6	0.258192	substitution	3	2	6	ἀλλά;εἰμί;ἐν	ὅπου;κεῖμαι	ὁ	οὐκ ἔστιν ὧδε, ἠγέρθη γὰρ καθὼς εἶπεν· δεῦτε ἴδετε τὸν τόπον ὅπου ⸀ἔκειτο·	⸂οὐκ ἔστιν ὧδε, ἀλλὰ ἠγέρθη.⸃ μνήσθητε ὡς ἐλάλησεν ὑμῖν ἔτι ὢν ἐν τῇ Γαλιλαίᾳ,
Matt 28:8	Luke 24:12	0.129505	luke_expands;reordering	15	10	3	ὁ;δέ;Πέτρος;ἀνίστημι;τρέχω;ἐπί;ὁ;μνημεῖον;καί;παρακύπτω;βλέπω;ὁ;ὀθόνιον;μόνος;θαυμάζω	μετά;φόβος;καί;χαρά;μέγας;τρέχω;ἀπαγγέλλω;ὁ;μαθητής;αὐτός	ἀπέρχομαι;καί;τρέχω;ὁ;μνημεῖον	καὶ ⸀ἀπελθοῦσαι ταχὺ ἀπὸ τοῦ μνημείου μετὰ φόβου καὶ χαρᾶς μεγάλης ἔδραμον ἀπαγγεῖλαι τοῖς μαθηταῖς αὐτοῦ.	⸂Ὁ δὲ Πέτρος ἀναστὰς ἔδραμεν ἐπὶ τὸ μνημεῖον· καὶ παρακύψας βλέπει τὰ ⸀ὀθόνια μόνα· καὶ ἀπῆλθεν πρὸς ⸀αὑτὸν θαυμάζων τὸ γεγονός.⸃
Matt 28:16	Luke 24:28	0.122325	matt_expands;substitution	2	6	6	καί;πορεύομαι	ἕνδεκα;μαθητής;πορεύομαι;εἰς;ὁ;ὄρος	οὗ;αὐτός;εἰς;ὁ;πορεύομαι	Οἱ δὲ ἕνδεκα μαθηταὶ ἐπορεύθησαν εἰς τὴν Γαλιλαίαν εἰς τὸ ὄρος οὗ ἐτάξατο αὐτοῖς ὁ Ἰησοῦς,	Καὶ ἤγγισαν εἰς τὴν κώμην οὗ ἐπορεύοντο, καὶ αὐτὸς ⸀προσεποιήσατο ⸀πορρώτερον πορεύεσθαι.
Matt 28:19	Luke 24:47	0.146425	matt_expands;substitution;reordering	8	11	6	ὁ;ὄνομα;αὐτός;μετάνοια;καί;ἄφεσις;ἁμαρτία;εἰς	ὁ;ὄνομα;ὁ;πατήρ;καί;ὁ;υἱός;καί;ὁ;ἅγιος;πνεῦμα	καί;πᾶς;ἔθνος;ὄνομα;αὐτός;εἰς	πορευθέντες ⸀οὖν μαθητεύσατε πάντα τὰ ἔθνη, ⸀βαπτίζοντες αὐτοὺς εἰς τὸ ὄνομα τοῦ πατρὸς καὶ τοῦ υἱοῦ καὶ τοῦ ἁγίου πνεύματος,	καὶ κηρυχθῆναι ἐπὶ τῷ ὀνόματι αὐτοῦ μετάνοιαν ⸀καὶ ἄφεσιν ἁμαρτιῶν εἰς πάντα τὰ ἔθνη— ⸀ἀρξάμενοι ἀπὸ Ἰερουσαλήμ·
Matt 28:20	Luke 24:53	0.114821	matt_expands;substitution;reordering	0	11	7		ἐντέλλομαι;σύ;καί;ἰδού;ἐγώ;μετά;σύ;εἰμί;πᾶς;ὁ;αἰών	εἰμί;ὁ;καί	διδάσκοντες αὐτοὺς τηρεῖν πάντα ὅσα ἐνετειλάμην ὑμῖν· καὶ ἰδοὺ ἐγὼ μεθ’ ὑμῶν εἰμι πάσας τὰς ἡμέρας ἕως τῆς συντελείας τοῦ ⸀αἰῶνος.	καὶ ἦσαν διὰ παντὸς ἐν τῷ ἱερῷ ⸀εὐλογοῦντες τὸν ⸀θεόν.
