pair,block_id,block_label,pair_count,avg_score,mark_span_verse_count,matt_span_verse_count,mark_unmatched_count,matt_unmatched_count,mark_token_count,matt_token_count,gap_before_mark_count,gap_before_matt_count,gap_category,mark_range,matt_range,representative_primary_pairs,mark_text_preview,matt_text_preview,direction_id,source,target,source_range,target_range,operations,burden_score,required_explanations,contrary_evidence,plausible_response_model
Mark↔Matthew,1,Mark Mark 1:3–Mark 1:6 / Matt Matt 3:3–Matt 3:4,2,0.661667,4,2,2,0,71,51,2,50,target_addition_or_interposition,Mark 1:3–Mark 1:6,Matt 3:3–Matt 3:4,Mark 1:3~Matt 3:3; Mark 1:6~Matt 3:4,"φωνὴ βοῶντος ἐν τῇ ἐρήμῳ· Ἑτοιμάσατε τὴν ὁδὸν κυρίου, εὐθείας ποιεῖτε τὰς τρίβους αὐτοῦ, ἐγένετο Ἰωάννης ⸀ὁ βαπτίζων ἐν τῇ ⸀ἐρήμῳ κηρύσσων βάπτισμα μετανοίας εἰς ἄφεσιν ἁμαρτιῶν. καὶ ἐξεπορεύετο πρὸς αὐτὸν πᾶσα ἡ Ἰουδαία χώρα καὶ οἱ Ἱεροσολυμῖται ⸂πάντες, καὶ ἐβαπτίζοντο⸃ ⸂ὑπʼ αὐτοῦ ἐν τῷ Ἰορδάνῃ ποταμῷ⸃ ἐξομολογούμενοι τὰς ἁμαρτίας αὐτῶν.","οὗτος γάρ ἐστιν ὁ ῥηθεὶς ⸀διὰ Ἠσαΐου τοῦ προφήτου λέγοντος· Φωνὴ βοῶντος ἐν τῇ ἐρήμῳ· Ἑτοιμάσατε τὴν ὁδὸν κυρίου, εὐθείας ποιεῖτε τὰς τρίβους αὐτοῦ. αὐτὸς δὲ ὁ Ἰωάννης εἶχεν τὸ ἔνδυμα αὐτοῦ ἀπὸ τριχῶν καμήλου καὶ ζώνην δερματίνην περὶ τὴν ὀσφὺν αὐτοῦ, ἡ δὲ τροφὴ ⸂ἦν αὐτοῦ⸃ ἀκρίδες καὶ μέλι ἄγριον.",matthew_used_mark,Mark,Matthew,Mark 1:3–Mark 1:6,Matt 3:3–Matt 3:4,abbreviation; matt_omissions; verbal_vividization; matt_interposition,,"Matthew span is shorter (51 vs 71); this requires abbreviation, omission, or simplification. | Within the span Mark has more unmatched verses (2 vs Matthew 0), which requires Matthew to compress, omit, or redistribute more material. | Matthew has a higher present-indicative ratio in the span (0.3333 vs 0.0); Mark→Matthew would require added present-tense vividness. | Before this block Matthew has an inserted/repositioned interval of 50 verses (Matt 1:1–Matt 3:2) compared with 2 in Mark.",Matthew has large additions/interpositions in adjacent gaps; low-score/reordered pairs require strong Matthean redaction model.,Matthean expansion/discourse clustering/fulfillment framing around Mark-like sequence.
Mark↔Matthew,1,Mark Mark 1:3–Mark 1:6 / Matt Matt 3:3–Matt 3:4,2,0.661667,4,2,2,0,71,51,2,50,target_addition_or_interposition,Mark 1:3–Mark 1:6,Matt 3:3–Matt 3:4,Mark 1:3~Matt 3:3; Mark 1:6~Matt 3:4,"φωνὴ βοῶντος ἐν τῇ ἐρήμῳ· Ἑτοιμάσατε τὴν ὁδὸν κυρίου, εὐθείας ποιεῖτε τὰς τρίβους αὐτοῦ, ἐγένετο Ἰωάννης ⸀ὁ βαπτίζων ἐν τῇ ⸀ἐρήμῳ κηρύσσων βάπτισμα μετανοίας εἰς ἄφεσιν ἁμαρτιῶν. καὶ ἐξεπορεύετο πρὸς αὐτὸν πᾶσα ἡ Ἰουδαία χώρα καὶ οἱ Ἱεροσολυμῖται ⸂πάντες, καὶ ἐβαπτίζοντο⸃ ⸂ὑπʼ αὐτοῦ ἐν τῷ Ἰορδάνῃ ποταμῷ⸃ ἐξομολογούμενοι τὰς ἁμαρτίας αὐτῶν.","οὗτος γάρ ἐστιν ὁ ῥηθεὶς ⸀διὰ Ἠσαΐου τοῦ προφήτου λέγοντος· Φωνὴ βοῶντος ἐν τῇ ἐρήμῳ· Ἑτοιμάσατε τὴν ὁδὸν κυρίου, εὐθείας ποιεῖτε τὰς τρίβους αὐτοῦ. αὐτὸς δὲ ὁ Ἰωάννης εἶχεν τὸ ἔνδυμα αὐτοῦ ἀπὸ τριχῶν καμήλου καὶ ζώνην δερματίνην περὶ τὴν ὀσφὺν αὐτοῦ, ἡ δὲ τροφὴ ⸂ἦν αὐτοῦ⸃ ἀκρίδες καὶ μέλι ἄγριον.",mark_used_matthew,Matthew,Mark,Matt 3:3–Matt 3:4,Mark 1:3–Mark 1:6,expansion; mark_additions; verbal_smoothing; mark_nonuse_of_matt_gap,,"Mark span is longer (71 vs 51); this requires expansion, vividization, or added detail. | Within the span Mark preserves more unmatched material (2 vs 0), which fits Markan expansion, retention, or de-grouping. | Matthew→Mark would fit smoothing away from present-tense vividness (0.3333→0.0). | Before this block Mark lacks a Matthean interval of 50 verses (Matt 1:1–Matt 3:2); Matthew→Mark requires omission or non-use of that material.",Matthew has large source material that Mark must omit or ignore; cumulative omission burden is high.,Markan epitome/abbreviation with action-narrative focus and deliberate non-use of Matthean discourse expansions.
Mark↔Matthew,2,Mark Mark 1:8–Mark 1:13 / Matt Matt 3:11–Matt 4:2,6,0.348189,6,9,0,3,94,175,1,6,minor_gap_or_local_relocation,Mark 1:8–Mark 1:13,Matt 3:11–Matt 4:2,Mark 1:8~Matt 3:11; Mark 1:9~Matt 3:13; Mark 1:10~Matt 3:16; Mark 1:11~Matt 3:17; Mark 1:12~Matt 4:1,"⸀ἐγὼ ἐβάπτισα ⸀ὑμᾶς ὕδατι, αὐτὸς δὲ βαπτίσει ὑμᾶς ⸀ἐν πνεύματι ἁγίῳ. Καὶ ἐγένετο ἐν ἐκείναις ταῖς ἡμέραις ἦλθεν Ἰησοῦς ἀπὸ Ναζαρὲτ τῆς Γαλιλαίας καὶ ἐβαπτίσθη ⸂εἰς τὸν Ἰορδάνην ὑπὸ Ἰωάννου⸃. καὶ ⸀εὐθὺς ἀναβαίνων ⸀ἐκ τοῦ ὕδατος εἶδεν σχιζομένους τοὺς οὐρανοὺς καὶ τὸ πνεῦμα ⸀ὡς περιστερὰν καταβαῖνον ⸀εἰς αὐτόν·","Ἐγὼ μὲν ⸂ὑμᾶς βαπτίζω⸃ ἐν ὕδατι εἰς μετάνοιαν· ὁ δὲ ὀπίσω μου ἐρχόμενος ἰσχυρότερός μού ἐστιν, οὗ οὐκ εἰμὶ ἱκανὸς τὰ ὑποδήματα βαστάσαι· αὐτὸς ὑμᾶς βαπτίσει ἐν πνεύματι ἁγίῳ ⸂καὶ πυρί⸃· οὗ τὸ πτύον ἐν τῇ χειρὶ αὐτοῦ, καὶ διακαθαριεῖ τὴν ἅλωνα αὐτοῦ καὶ συνάξει τὸν σῖτον αὐτοῦ εἰς τὴν ⸀ἀποθήκην, τὸ δὲ ἄχυρον κατακαύσει πυρὶ ἀσβέστῳ. Τότε παραγίνεται ὁ Ἰησοῦς ἀπὸ τῆς Γαλιλαίας ἐπὶ τὸν Ἰορδάνην πρὸς τὸν Ἰωάννην τοῦ βαπτισθῆναι ὑπʼ αὐτοῦ.",matthew_used_mark,Mark,Matthew,Mark 1:8–Mark 1:13,Matt 3:11–Matt 4:2,expansion; matt_additions; tempo_smoothing; scripturalization; verbal_vividization,,"Matthew span is longer (175 tokens vs 94); this requires expansion, insertion, or fuller retelling. | Within the span Matthew has more unmatched verses (3 vs Mark 0), which fits added material or redistribution into the Matthean span. | Mark has more tempo markers εὐθύς/εὐθέως in this span (2 vs 1); Mark→Matthew implies tempo smoothing or de-intensification. | Matthew has more explicit scriptural markers in-span (1 vs 0); Mark→Matthew implies scripturalization or explicit citation. | Matthew has a higher present-indicative ratio in the span (0.4286 vs 0.1538); Mark→Matthew would require added present-tense vividness.",Matthew has large additions/interpositions in adjacent gaps; low-score/reordered pairs require strong Matthean redaction model.,Matthean expansion/discourse clustering/fulfillment framing around Mark-like sequence.
Mark↔Matthew,2,Mark Mark 1:8–Mark 1:13 / Matt Matt 3:11–Matt 4:2,6,0.348189,6,9,0,3,94,175,1,6,minor_gap_or_local_relocation,Mark 1:8–Mark 1:13,Matt 3:11–Matt 4:2,Mark 1:8~Matt 3:11; Mark 1:9~Matt 3:13; Mark 1:10~Matt 3:16; Mark 1:11~Matt 3:17; Mark 1:12~Matt 4:1,"⸀ἐγὼ ἐβάπτισα ⸀ὑμᾶς ὕδατι, αὐτὸς δὲ βαπτίσει ὑμᾶς ⸀ἐν πνεύματι ἁγίῳ. Καὶ ἐγένετο ἐν ἐκείναις ταῖς ἡμέραις ἦλθεν Ἰησοῦς ἀπὸ Ναζαρὲτ τῆς Γαλιλαίας καὶ ἐβαπτίσθη ⸂εἰς τὸν Ἰορδάνην ὑπὸ Ἰωάννου⸃. καὶ ⸀εὐθὺς ἀναβαίνων ⸀ἐκ τοῦ ὕδατος εἶδεν σχιζομένους τοὺς οὐρανοὺς καὶ τὸ πνεῦμα ⸀ὡς περιστερὰν καταβαῖνον ⸀εἰς αὐτόν·","Ἐγὼ μὲν ⸂ὑμᾶς βαπτίζω⸃ ἐν ὕδατι εἰς μετάνοιαν· ὁ δὲ ὀπίσω μου ἐρχόμενος ἰσχυρότερός μού ἐστιν, οὗ οὐκ εἰμὶ ἱκανὸς τὰ ὑποδήματα βαστάσαι· αὐτὸς ὑμᾶς βαπτίσει ἐν πνεύματι ἁγίῳ ⸂καὶ πυρί⸃· οὗ τὸ πτύον ἐν τῇ χειρὶ αὐτοῦ, καὶ διακαθαριεῖ τὴν ἅλωνα αὐτοῦ καὶ συνάξει τὸν σῖτον αὐτοῦ εἰς τὴν ⸀ἀποθήκην, τὸ δὲ ἄχυρον κατακαύσει πυρὶ ἀσβέστῳ. Τότε παραγίνεται ὁ Ἰησοῦς ἀπὸ τῆς Γαλιλαίας ἐπὶ τὸν Ἰορδάνην πρὸς τὸν Ἰωάννην τοῦ βαπτισθῆναι ὑπʼ αὐτοῦ.",mark_used_matthew,Matthew,Mark,Matt 3:11–Matt 4:2,Mark 1:8–Mark 1:13,abbreviation; mark_omissions; tempo_intensification; descripturalization; verbal_smoothing,,"Mark span is shorter (94 vs 175); this requires abbreviation, omission, or condensation. | Within the span Mark lacks 3 relative Matthean verses, which requires omission or stronger compression. | Mark has more tempo markers (2 vs 1); Matthew→Mark implies intensification or vividization. | Matthew→Mark would require de-scripturalization or removal of explicit citation markers (1→0). | Matthew→Mark would fit smoothing away from present-tense vividness (0.4286→0.1538).",Markan roughness/vividness and shorter discourse structure remain counter-pressure.,Markan epitome/abbreviation with action-narrative focus and deliberate non-use of Matthean discourse expansions.
Mark↔Matthew,3,Mark Mark 1:15–Mark 1:21 / Matt Matt 4:17–Matt 4:23,7,0.398465,7,7,0,0,112,131,1,14,target_addition_or_interposition,Mark 1:15–Mark 1:21,Matt 4:17–Matt 4:23,Mark 1:15~Matt 4:17; Mark 1:16~Matt 4:18; Mark 1:17~Matt 4:19; Mark 1:18~Matt 4:20; Mark 1:19~Matt 4:21,"καὶ λέγων ὅτι Πεπλήρωται ὁ καιρὸς καὶ ἤγγικεν ἡ βασιλεία τοῦ θεοῦ· μετανοεῖτε καὶ πιστεύετε ἐν τῷ εὐαγγελίῳ. ⸂Καὶ παράγων⸃ παρὰ τὴν θάλασσαν τῆς Γαλιλαίας εἶδεν Σίμωνα καὶ Ἀνδρέαν τὸν ⸀ἀδελφὸν Σίμωνος ⸀ἀμφιβάλλοντας ἐν τῇ θαλάσσῃ, ἦσαν γὰρ ἁλιεῖς· καὶ εἶπεν αὐτοῖς ὁ Ἰησοῦς· Δεῦτε ὀπίσω μου, καὶ ποιήσω ὑμᾶς γενέσθαι ἁλιεῖς ἀνθρώπων.","Ἀπὸ τότε ἤρξατο ὁ Ἰησοῦς κηρύσσειν καὶ λέγειν· Μετανοεῖτε, ἤγγικεν γὰρ ἡ βασιλεία τῶν οὐρανῶν. Περιπατῶν δὲ παρὰ τὴν θάλασσαν τῆς Γαλιλαίας εἶδεν δύο ἀδελφούς, Σίμωνα τὸν λεγόμενον Πέτρον καὶ Ἀνδρέαν τὸν ἀδελφὸν αὐτοῦ, βάλλοντας ἀμφίβληστρον εἰς τὴν θάλασσαν, ἦσαν γὰρ ἁλιεῖς· καὶ λέγει αὐτοῖς· Δεῦτε ὀπίσω μου, καὶ ποιήσω ὑμᾶς ἁλιεῖς ἀνθρώπων.",matthew_used_mark,Mark,Matthew,Mark 1:15–Mark 1:21,Matt 4:17–Matt 4:23,expansion; tempo_smoothing; terminology_shift; descripturalization; matt_interposition,,"Matthew span is longer (131 tokens vs 112); this requires expansion, insertion, or fuller retelling. | Mark has more tempo markers εὐθύς/εὐθέως in this span (3 vs 2); Mark→Matthew implies tempo smoothing or de-intensification. | Mark uses βασιλεία τοῦ θεοῦ (1) while Matthew uses βασιλεία τῶν οὐρανῶν (1); Mark→Matthew implies terminology substitution. | Mark has more scriptural markers in-span (1 vs 0); Mark→Matthew would require their reduction. | Before this block Matthew has an inserted/repositioned interval of 14 verses (Matt 4:3–Matt 4:16) compared with 1 in Mark.",Matthew has large additions/interpositions in adjacent gaps; low-score/reordered pairs require strong Matthean redaction model.,Matthean expansion/discourse clustering/fulfillment framing around Mark-like sequence.
Mark↔Matthew,3,Mark Mark 1:15–Mark 1:21 / Matt Matt 4:17–Matt 4:23,7,0.398465,7,7,0,0,112,131,1,14,target_addition_or_interposition,Mark 1:15–Mark 1:21,Matt 4:17–Matt 4:23,Mark 1:15~Matt 4:17; Mark 1:16~Matt 4:18; Mark 1:17~Matt 4:19; Mark 1:18~Matt 4:20; Mark 1:19~Matt 4:21,"καὶ λέγων ὅτι Πεπλήρωται ὁ καιρὸς καὶ ἤγγικεν ἡ βασιλεία τοῦ θεοῦ· μετανοεῖτε καὶ πιστεύετε ἐν τῷ εὐαγγελίῳ. ⸂Καὶ παράγων⸃ παρὰ τὴν θάλασσαν τῆς Γαλιλαίας εἶδεν Σίμωνα καὶ Ἀνδρέαν τὸν ⸀ἀδελφὸν Σίμωνος ⸀ἀμφιβάλλοντας ἐν τῇ θαλάσσῃ, ἦσαν γὰρ ἁλιεῖς· καὶ εἶπεν αὐτοῖς ὁ Ἰησοῦς· Δεῦτε ὀπίσω μου, καὶ ποιήσω ὑμᾶς γενέσθαι ἁλιεῖς ἀνθρώπων.","Ἀπὸ τότε ἤρξατο ὁ Ἰησοῦς κηρύσσειν καὶ λέγειν· Μετανοεῖτε, ἤγγικεν γὰρ ἡ βασιλεία τῶν οὐρανῶν. Περιπατῶν δὲ παρὰ τὴν θάλασσαν τῆς Γαλιλαίας εἶδεν δύο ἀδελφούς, Σίμωνα τὸν λεγόμενον Πέτρον καὶ Ἀνδρέαν τὸν ἀδελφὸν αὐτοῦ, βάλλοντας ἀμφίβληστρον εἰς τὴν θάλασσαν, ἦσαν γὰρ ἁλιεῖς· καὶ λέγει αὐτοῖς· Δεῦτε ὀπίσω μου, καὶ ποιήσω ὑμᾶς ἁλιεῖς ἀνθρώπων.",mark_used_matthew,Matthew,Mark,Matt 4:17–Matt 4:23,Mark 1:15–Mark 1:21,abbreviation; tempo_intensification; terminology_shift; scripturalization; mark_nonuse_of_matt_gap,,"Mark span is shorter (112 vs 131); this requires abbreviation, omission, or condensation. | Mark has more tempo markers (3 vs 2); Matthew→Mark implies intensification or vividization. | The same contrast requires Matthew→Mark to replace βασιλεία τῶν οὐρανῶν with βασιλεία τοῦ θεοῦ. | Matthew→Mark would require added explicit citation markers (0→1). | Before this block Mark lacks a Matthean interval of 14 verses (Matt 4:3–Matt 4:16); Matthew→Mark requires omission or non-use of that material.",Matthew has large source material that Mark must omit or ignore; cumulative omission burden is high.,Markan epitome/abbreviation with action-narrative focus and deliberate non-use of Matthean discourse expansions.
Mark↔Matthew,4,Mark Mark 1:22–Mark 1:22 / Matt Matt 7:29–Matt 7:29,1,0.714092,1,1,0,0,18,13,0,112,target_addition_or_interposition,Mark 1:22–Mark 1:22,Matt 7:29–Matt 7:29,Mark 1:22~Matt 7:29,"καὶ ἐξεπλήσσοντο ἐπὶ τῇ διδαχῇ αὐτοῦ, ἦν γὰρ διδάσκων αὐτοὺς ὡς ἐξουσίαν ἔχων καὶ οὐχ ὡς οἱ γραμματεῖς.",ἦν γὰρ διδάσκων αὐτοὺς ὡς ἐξουσίαν ἔχων καὶ οὐχ ὡς οἱ γραμματεῖς ⸀αὐτῶν.,matthew_used_mark,Mark,Matthew,Mark 1:22–Mark 1:22,Matt 7:29–Matt 7:29,abbreviation; redistribution; matt_interposition,,"Matthew span is shorter (13 vs 18); this requires abbreviation, omission, or simplification. | Alignment confidence is low; either direction would require more thematic redistribution or partial reuse assumptions. | Before this block Matthew has an inserted/repositioned interval of 112 verses (Matt 4:24–Matt 7:28) compared with 0 in Mark.",Matthew has large additions/interpositions in adjacent gaps; low-score/reordered pairs require strong Matthean redaction model.,Matthean expansion/discourse clustering/fulfillment framing around Mark-like sequence.
Mark↔Matthew,4,Mark Mark 1:22–Mark 1:22 / Matt Matt 7:29–Matt 7:29,1,0.714092,1,1,0,0,18,13,0,112,target_addition_or_interposition,Mark 1:22–Mark 1:22,Matt 7:29–Matt 7:29,Mark 1:22~Matt 7:29,"καὶ ἐξεπλήσσοντο ἐπὶ τῇ διδαχῇ αὐτοῦ, ἦν γὰρ διδάσκων αὐτοὺς ὡς ἐξουσίαν ἔχων καὶ οὐχ ὡς οἱ γραμματεῖς.",ἦν γὰρ διδάσκων αὐτοὺς ὡς ἐξουσίαν ἔχων καὶ οὐχ ὡς οἱ γραμματεῖς ⸀αὐτῶν.,mark_used_matthew,Matthew,Mark,Matt 7:29–Matt 7:29,Mark 1:22–Mark 1:22,expansion; redistribution; mark_nonuse_of_matt_gap,,"Mark span is longer (18 vs 13); this requires expansion, vividization, or added detail. | Alignment confidence is low; either direction would require more thematic redistribution or partial reuse assumptions. | Before this block Mark lacks a Matthean interval of 112 verses (Matt 4:24–Matt 7:28); Matthew→Mark requires omission or non-use of that material.",Matthew has large source material that Mark must omit or ignore; cumulative omission burden is high.,Markan epitome/abbreviation with action-narrative focus and deliberate non-use of Matthean discourse expansions.
Mark↔Matthew,5,Mark Mark 1:40–Mark 2:1 / Matt Matt 8:2–Matt 8:5,4,0.478942,7,4,3,0,110,62,17,1,source_material_omitted_or_compressed_by_target,Mark 1:40–Mark 2:1,Matt 8:2–Matt 8:5,Mark 1:40~Matt 8:2; Mark 1:41~Matt 8:3; Mark 1:44~Matt 8:4; Mark 2:1~Matt 8:5,"Καὶ ἔρχεται πρὸς αὐτὸν λεπρὸς παρακαλῶν αὐτὸν καὶ ⸀γονυπετῶν λέγων αὐτῷ ὅτι Ἐὰν θέλῃς δύνασαί με καθαρίσαι. ⸀καὶ ⸀ὀργισθεὶς ἐκτείνας τὴν χεῖρα ⸂αὐτοῦ ἥψατο⸃ καὶ λέγει αὐτῷ· Θέλω, καθαρίσθητι· καὶ ⸀εὐθὺς ἀπῆλθεν ἀπʼ αὐτοῦ ἡ λέπρα, καὶ ἐκαθαρίσθη.","καὶ ἰδοὺ λεπρὸς ⸀προσελθὼν προσεκύνει αὐτῷ λέγων· Κύριε, ἐὰν θέλῃς δύνασαί με καθαρίσαι. καὶ ἐκτείνας τὴν χεῖρα ἥψατο ⸀αὐτοῦ λέγων· Θέλω, καθαρίσθητι· καὶ εὐθέως ἐκαθαρίσθη αὐτοῦ ἡ λέπρα. καὶ λέγει αὐτῷ ὁ Ἰησοῦς· Ὅρα μηδενὶ εἴπῃς, ἀλλὰ ὕπαγε σεαυτὸν δεῖξον τῷ ἱερεῖ, καὶ προσένεγκον τὸ δῶρον ὃ προσέταξεν Μωϋσῆς εἰς μαρτύριον αὐτοῖς.",matthew_used_mark,Mark,Matthew,Mark 1:40–Mark 2:1,Matt 8:2–Matt 8:5,abbreviation; matt_omissions; tempo_smoothing; matt_nonuse_of_mark_gap,,"Matthew span is shorter (62 vs 110); this requires abbreviation, omission, or simplification. | Within the span Mark has more unmatched verses (3 vs Matthew 0), which requires Matthew to compress, omit, or redistribute more material. | Mark has more tempo markers εὐθύς/εὐθέως in this span (2 vs 1); Mark→Matthew implies tempo smoothing or de-intensification. | Before this block Mark has an unmatched interval of 17 verses (Mark 1:23–Mark 1:39) compared with 1 in Matthew.",Local changes still require redactional explanation.,Matthean expansion/discourse clustering/fulfillment framing around Mark-like sequence.
Mark↔Matthew,5,Mark Mark 1:40–Mark 2:1 / Matt Matt 8:2–Matt 8:5,4,0.478942,7,4,3,0,110,62,17,1,source_material_omitted_or_compressed_by_target,Mark 1:40–Mark 2:1,Matt 8:2–Matt 8:5,Mark 1:40~Matt 8:2; Mark 1:41~Matt 8:3; Mark 1:44~Matt 8:4; Mark 2:1~Matt 8:5,"Καὶ ἔρχεται πρὸς αὐτὸν λεπρὸς παρακαλῶν αὐτὸν καὶ ⸀γονυπετῶν λέγων αὐτῷ ὅτι Ἐὰν θέλῃς δύνασαί με καθαρίσαι. ⸀καὶ ⸀ὀργισθεὶς ἐκτείνας τὴν χεῖρα ⸂αὐτοῦ ἥψατο⸃ καὶ λέγει αὐτῷ· Θέλω, καθαρίσθητι· καὶ ⸀εὐθὺς ἀπῆλθεν ἀπʼ αὐτοῦ ἡ λέπρα, καὶ ἐκαθαρίσθη.","καὶ ἰδοὺ λεπρὸς ⸀προσελθὼν προσεκύνει αὐτῷ λέγων· Κύριε, ἐὰν θέλῃς δύνασαί με καθαρίσαι. καὶ ἐκτείνας τὴν χεῖρα ἥψατο ⸀αὐτοῦ λέγων· Θέλω, καθαρίσθητι· καὶ εὐθέως ἐκαθαρίσθη αὐτοῦ ἡ λέπρα. καὶ λέγει αὐτῷ ὁ Ἰησοῦς· Ὅρα μηδενὶ εἴπῃς, ἀλλὰ ὕπαγε σεαυτὸν δεῖξον τῷ ἱερεῖ, καὶ προσένεγκον τὸ δῶρον ὃ προσέταξεν Μωϋσῆς εἰς μαρτύριον αὐτοῖς.",mark_used_matthew,Matthew,Mark,Matt 8:2–Matt 8:5,Mark 1:40–Mark 2:1,expansion; mark_additions; tempo_intensification; mark_preserves_extra_material,,"Mark span is longer (110 vs 62); this requires expansion, vividization, or added detail. | Within the span Mark preserves more unmatched material (3 vs 0), which fits Markan expansion, retention, or de-grouping. | Mark has more tempo markers (2 vs 1); Matthew→Mark implies intensification or vividization. | Before this block Matthew lacks a Markan interval of 17 verses (Mark 1:23–Mark 1:39); Matthew→Mark fits Markan expansion, preservation, or non-Matthean material.",Markan roughness/vividness and shorter discourse structure remain counter-pressure.,Markan epitome/abbreviation with action-narrative focus and deliberate non-use of Matthean discourse expansions.
Mark↔Matthew,6,Mark Mark 2:5–Mark 2:22 / Matt Matt 9:2–Matt 9:17,15,0.458111,18,16,3,1,375,313,3,30,target_addition_or_interposition,Mark 2:5–Mark 2:22,Matt 9:2–Matt 9:17,Mark 2:5~Matt 9:2; Mark 2:6~Matt 9:3; Mark 2:8~Matt 9:4; Mark 2:9~Matt 9:5; Mark 2:10~Matt 9:6,"⸂καὶ ἰδὼν⸃ ὁ Ἰησοῦς τὴν πίστιν αὐτῶν λέγει τῷ παραλυτικῷ· Τέκνον, ⸂ἀφίενταί σου⸃ αἱ ⸀ἁμαρτίαι. ἦσαν δέ τινες τῶν γραμματέων ἐκεῖ καθήμενοι καὶ διαλογιζόμενοι ἐν ταῖς καρδίαις αὐτῶν· Τί οὗτος οὕτως λαλεῖ; ⸀βλασφημεῖ· τίς δύναται ἀφιέναι ἁμαρτίας εἰ μὴ εἷς ὁ θεός;","Καὶ ἰδοὺ προσέφερον αὐτῷ παραλυτικὸν ἐπὶ κλίνης βεβλημένον. καὶ ἰδὼν ὁ Ἰησοῦς τὴν πίστιν αὐτῶν εἶπεν τῷ παραλυτικῷ· Θάρσει, τέκνον· ⸀ἀφίενταί ⸂σου αἱ ἁμαρτίαι⸃. καὶ ἰδού τινες τῶν γραμματέων εἶπαν ἐν ἑαυτοῖς· Οὗτος βλασφημεῖ. καὶ ⸀εἰδὼς ὁ Ἰησοῦς τὰς ἐνθυμήσεις αὐτῶν εἶπεν· ⸀Ἱνατί ἐνθυμεῖσθε πονηρὰ ἐν ταῖς καρδίαις ὑμῶν;",matthew_used_mark,Mark,Matthew,Mark 2:5–Mark 2:22,Matt 9:2–Matt 9:17,abbreviation; matt_omissions; tempo_smoothing; matt_interposition,,"Matthew span is shorter (313 vs 375); this requires abbreviation, omission, or simplification. | Within the span Mark has more unmatched verses (3 vs Matthew 1), which requires Matthew to compress, omit, or redistribute more material. | Mark has more tempo markers εὐθύς/εὐθέως in this span (2 vs 0); Mark→Matthew implies tempo smoothing or de-intensification. | Before this block Matthew has an inserted/repositioned interval of 30 verses (Matt 8:6–Matt 9:1) compared with 3 in Mark.",Matthew has large additions/interpositions in adjacent gaps; low-score/reordered pairs require strong Matthean redaction model.,Matthean expansion/discourse clustering/fulfillment framing around Mark-like sequence.
Mark↔Matthew,6,Mark Mark 2:5–Mark 2:22 / Matt Matt 9:2–Matt 9:17,15,0.458111,18,16,3,1,375,313,3,30,target_addition_or_interposition,Mark 2:5–Mark 2:22,Matt 9:2–Matt 9:17,Mark 2:5~Matt 9:2; Mark 2:6~Matt 9:3; Mark 2:8~Matt 9:4; Mark 2:9~Matt 9:5; Mark 2:10~Matt 9:6,"⸂καὶ ἰδὼν⸃ ὁ Ἰησοῦς τὴν πίστιν αὐτῶν λέγει τῷ παραλυτικῷ· Τέκνον, ⸂ἀφίενταί σου⸃ αἱ ⸀ἁμαρτίαι. ἦσαν δέ τινες τῶν γραμματέων ἐκεῖ καθήμενοι καὶ διαλογιζόμενοι ἐν ταῖς καρδίαις αὐτῶν· Τί οὗτος οὕτως λαλεῖ; ⸀βλασφημεῖ· τίς δύναται ἀφιέναι ἁμαρτίας εἰ μὴ εἷς ὁ θεός;","Καὶ ἰδοὺ προσέφερον αὐτῷ παραλυτικὸν ἐπὶ κλίνης βεβλημένον. καὶ ἰδὼν ὁ Ἰησοῦς τὴν πίστιν αὐτῶν εἶπεν τῷ παραλυτικῷ· Θάρσει, τέκνον· ⸀ἀφίενταί ⸂σου αἱ ἁμαρτίαι⸃. καὶ ἰδού τινες τῶν γραμματέων εἶπαν ἐν ἑαυτοῖς· Οὗτος βλασφημεῖ. καὶ ⸀εἰδὼς ὁ Ἰησοῦς τὰς ἐνθυμήσεις αὐτῶν εἶπεν· ⸀Ἱνατί ἐνθυμεῖσθε πονηρὰ ἐν ταῖς καρδίαις ὑμῶν;",mark_used_matthew,Matthew,Mark,Matt 9:2–Matt 9:17,Mark 2:5–Mark 2:22,expansion; mark_additions; tempo_intensification; mark_nonuse_of_matt_gap,,"Mark span is longer (375 vs 313); this requires expansion, vividization, or added detail. | Within the span Mark preserves more unmatched material (3 vs 1), which fits Markan expansion, retention, or de-grouping. | Mark has more tempo markers (2 vs 0); Matthew→Mark implies intensification or vividization. | Before this block Mark lacks a Matthean interval of 30 verses (Matt 8:6–Matt 9:1); Matthew→Mark requires omission or non-use of that material.",Matthew has large source material that Mark must omit or ignore; cumulative omission burden is high.,Markan epitome/abbreviation with action-narrative focus and deliberate non-use of Matthean discourse expansions.
Mark↔Matthew,7,Mark Mark 2:23–Mark 3:7 / Matt Matt 12:1–Matt 12:15,12,0.377841,13,15,1,3,223,240,0,93,target_addition_or_interposition,Mark 2:23–Mark 3:7,Matt 12:1–Matt 12:15,Mark 2:23~Matt 12:1; Mark 2:24~Matt 12:2; Mark 2:25~Matt 12:3; Mark 2:26~Matt 12:4; Mark 2:27~Matt 12:5,"Καὶ ἐγένετο ⸂αὐτὸν ἐν τοῖς σάββασιν παραπορεύεσθαι⸃ διὰ τῶν σπορίμων, καὶ ⸂οἱ μαθηταὶ αὐτοῦ ἤρξαντο⸃ ὁδὸν ποιεῖν τίλλοντες τοὺς στάχυας. καὶ οἱ Φαρισαῖοι ἔλεγον αὐτῷ· Ἴδε τί ⸀ποιοῦσιν τοῖς σάββασιν ὃ οὐκ ἔξεστιν; καὶ ⸀λέγει αὐτοῖς· Οὐδέποτε ἀνέγνωτε τί ἐποίησεν Δαυὶδ ὅτε χρείαν ἔσχεν καὶ ἐπείνασεν αὐτὸς καὶ οἱ μετʼ αὐτοῦ;",Ἐν ἐκείνῳ τῷ καιρῷ ἐπορεύθη ὁ Ἰησοῦς τοῖς σάββασιν διὰ τῶν σπορίμων· οἱ δὲ μαθηταὶ αὐτοῦ ἐπείνασαν καὶ ἤρξαντο τίλλειν στάχυας καὶ ἐσθίειν. οἱ δὲ Φαρισαῖοι ἰδόντες εἶπαν αὐτῷ· Ἰδοὺ οἱ μαθηταί σου ποιοῦσιν ὃ οὐκ ἔξεστιν ποιεῖν ἐν σαββάτῳ. ὁ δὲ εἶπεν αὐτοῖς· Οὐκ ἀνέγνωτε τί ἐποίησεν Δαυὶδ ὅτε ⸀ἐπείνασεν καὶ οἱ μετʼ αὐτοῦ;,matthew_used_mark,Mark,Matthew,Mark 2:23–Mark 3:7,Matt 12:1–Matt 12:15,length_neutral; matt_additions; tempo_smoothing; matt_interposition,,"Span lengths are close (223 vs 240); neither direction is decided by block length alone. | Within the span Matthew has more unmatched verses (3 vs Mark 1), which fits added material or redistribution into the Matthean span. | Mark has more tempo markers εὐθύς/εὐθέως in this span (1 vs 0); Mark→Matthew implies tempo smoothing or de-intensification. | Before this block Matthew has an inserted/repositioned interval of 93 verses (Matt 9:18–Matt 11:30) compared with 0 in Mark.",Matthew has large additions/interpositions in adjacent gaps; low-score/reordered pairs require strong Matthean redaction model.,Matthean expansion/discourse clustering/fulfillment framing around Mark-like sequence.
Mark↔Matthew,7,Mark Mark 2:23–Mark 3:7 / Matt Matt 12:1–Matt 12:15,12,0.377841,13,15,1,3,223,240,0,93,target_addition_or_interposition,Mark 2:23–Mark 3:7,Matt 12:1–Matt 12:15,Mark 2:23~Matt 12:1; Mark 2:24~Matt 12:2; Mark 2:25~Matt 12:3; Mark 2:26~Matt 12:4; Mark 2:27~Matt 12:5,"Καὶ ἐγένετο ⸂αὐτὸν ἐν τοῖς σάββασιν παραπορεύεσθαι⸃ διὰ τῶν σπορίμων, καὶ ⸂οἱ μαθηταὶ αὐτοῦ ἤρξαντο⸃ ὁδὸν ποιεῖν τίλλοντες τοὺς στάχυας. καὶ οἱ Φαρισαῖοι ἔλεγον αὐτῷ· Ἴδε τί ⸀ποιοῦσιν τοῖς σάββασιν ὃ οὐκ ἔξεστιν; καὶ ⸀λέγει αὐτοῖς· Οὐδέποτε ἀνέγνωτε τί ἐποίησεν Δαυὶδ ὅτε χρείαν ἔσχεν καὶ ἐπείνασεν αὐτὸς καὶ οἱ μετʼ αὐτοῦ;",Ἐν ἐκείνῳ τῷ καιρῷ ἐπορεύθη ὁ Ἰησοῦς τοῖς σάββασιν διὰ τῶν σπορίμων· οἱ δὲ μαθηταὶ αὐτοῦ ἐπείνασαν καὶ ἤρξαντο τίλλειν στάχυας καὶ ἐσθίειν. οἱ δὲ Φαρισαῖοι ἰδόντες εἶπαν αὐτῷ· Ἰδοὺ οἱ μαθηταί σου ποιοῦσιν ὃ οὐκ ἔξεστιν ποιεῖν ἐν σαββάτῳ. ὁ δὲ εἶπεν αὐτοῖς· Οὐκ ἀνέγνωτε τί ἐποίησεν Δαυὶδ ὅτε ⸀ἐπείνασεν καὶ οἱ μετʼ αὐτοῦ;,mark_used_matthew,Matthew,Mark,Matt 12:1–Matt 12:15,Mark 2:23–Mark 3:7,length_neutral; mark_omissions; tempo_intensification; mark_nonuse_of_matt_gap,,"Span lengths are close (223 vs 240); neither direction is decided by block length alone. | Within the span Mark lacks 2 relative Matthean verses, which requires omission or stronger compression. | Mark has more tempo markers (1 vs 0); Matthew→Mark implies intensification or vividization. | Before this block Mark lacks a Matthean interval of 93 verses (Matt 9:18–Matt 11:30); Matthew→Mark requires omission or non-use of that material.",Matthew has large source material that Mark must omit or ignore; cumulative omission burden is high.,Markan epitome/abbreviation with action-narrative focus and deliberate non-use of Matthean discourse expansions.
Mark↔Matthew,8,Mark Mark 3:21–Mark 3:29 / Matt Matt 12:23–Matt 12:32,7,0.313823,9,10,2,3,147,200,13,7,source_material_omitted_or_compressed_by_target,Mark 3:21–Mark 3:29,Matt 12:23–Matt 12:32,Mark 3:21~Matt 12:23; Mark 3:22~Matt 12:24; Mark 3:25~Matt 12:25; Mark 3:26~Matt 12:26; Mark 3:27~Matt 12:29,"καὶ ἀκούσαντες οἱ παρʼ αὐτοῦ ἐξῆλθον κρατῆσαι αὐτόν, ἔλεγον γὰρ ὅτι ἐξέστη. καὶ οἱ γραμματεῖς οἱ ἀπὸ Ἱεροσολύμων καταβάντες ἔλεγον ὅτι Βεελζεβοὺλ ἔχει καὶ ὅτι ἐν τῷ ἄρχοντι τῶν δαιμονίων ἐκβάλλει τὰ δαιμόνια. καὶ προσκαλεσάμενος αὐτοὺς ἐν παραβολαῖς ἔλεγεν αὐτοῖς· Πῶς δύναται Σατανᾶς Σατανᾶν ἐκβάλλειν;","καὶ ἐξίσταντο πάντες οἱ ὄχλοι καὶ ἔλεγον· Μήτι οὗτός ἐστιν ὁ υἱὸς Δαυίδ; οἱ δὲ Φαρισαῖοι ἀκούσαντες εἶπον· Οὗτος οὐκ ἐκβάλλει τὰ δαιμόνια εἰ μὴ ἐν τῷ Βεελζεβοὺλ ἄρχοντι τῶν δαιμονίων. εἰδὼς ⸀δὲ τὰς ἐνθυμήσεις αὐτῶν εἶπεν αὐτοῖς· Πᾶσα βασιλεία μερισθεῖσα καθʼ ἑαυτῆς ἐρημοῦται, καὶ πᾶσα πόλις ἢ οἰκία μερισθεῖσα καθʼ ἑαυτῆς οὐ σταθήσεται.",matthew_used_mark,Mark,Matthew,Mark 3:21–Mark 3:29,Matt 12:23–Matt 12:32,expansion; matt_additions; matt_nonuse_of_mark_gap,,"Matthew span is longer (200 tokens vs 147); this requires expansion, insertion, or fuller retelling. | Within the span Matthew has more unmatched verses (3 vs Mark 2), which fits added material or redistribution into the Matthean span. | Before this block Mark has an unmatched interval of 13 verses (Mark 3:8–Mark 3:20) compared with 7 in Matthew.",Matthew has large additions/interpositions in adjacent gaps; low-score/reordered pairs require strong Matthean redaction model.,Matthean expansion/discourse clustering/fulfillment framing around Mark-like sequence.
Mark↔Matthew,8,Mark Mark 3:21–Mark 3:29 / Matt Matt 12:23–Matt 12:32,7,0.313823,9,10,2,3,147,200,13,7,source_material_omitted_or_compressed_by_target,Mark 3:21–Mark 3:29,Matt 12:23–Matt 12:32,Mark 3:21~Matt 12:23; Mark 3:22~Matt 12:24; Mark 3:25~Matt 12:25; Mark 3:26~Matt 12:26; Mark 3:27~Matt 12:29,"καὶ ἀκούσαντες οἱ παρʼ αὐτοῦ ἐξῆλθον κρατῆσαι αὐτόν, ἔλεγον γὰρ ὅτι ἐξέστη. καὶ οἱ γραμματεῖς οἱ ἀπὸ Ἱεροσολύμων καταβάντες ἔλεγον ὅτι Βεελζεβοὺλ ἔχει καὶ ὅτι ἐν τῷ ἄρχοντι τῶν δαιμονίων ἐκβάλλει τὰ δαιμόνια. καὶ προσκαλεσάμενος αὐτοὺς ἐν παραβολαῖς ἔλεγεν αὐτοῖς· Πῶς δύναται Σατανᾶς Σατανᾶν ἐκβάλλειν;","καὶ ἐξίσταντο πάντες οἱ ὄχλοι καὶ ἔλεγον· Μήτι οὗτός ἐστιν ὁ υἱὸς Δαυίδ; οἱ δὲ Φαρισαῖοι ἀκούσαντες εἶπον· Οὗτος οὐκ ἐκβάλλει τὰ δαιμόνια εἰ μὴ ἐν τῷ Βεελζεβοὺλ ἄρχοντι τῶν δαιμονίων. εἰδὼς ⸀δὲ τὰς ἐνθυμήσεις αὐτῶν εἶπεν αὐτοῖς· Πᾶσα βασιλεία μερισθεῖσα καθʼ ἑαυτῆς ἐρημοῦται, καὶ πᾶσα πόλις ἢ οἰκία μερισθεῖσα καθʼ ἑαυτῆς οὐ σταθήσεται.",mark_used_matthew,Matthew,Mark,Matt 12:23–Matt 12:32,Mark 3:21–Mark 3:29,abbreviation; mark_omissions; mark_preserves_extra_material,,"Mark span is shorter (147 vs 200); this requires abbreviation, omission, or condensation. | Within the span Mark lacks 1 relative Matthean verses, which requires omission or stronger compression. | Before this block Matthew lacks a Markan interval of 13 verses (Mark 3:8–Mark 3:20); Matthew→Mark fits Markan expansion, preservation, or non-Matthean material.",Markan roughness/vividness and shorter discourse structure remain counter-pressure.,Markan epitome/abbreviation with action-narrative focus and deliberate non-use of Matthean discourse expansions.
Mark↔Matthew,9,Mark Mark 3:31–Mark 4:11 / Matt Matt 12:46–Matt 13:11,15,0.531866,16,16,1,1,267,253,1,13,target_addition_or_interposition,Mark 3:31–Mark 4:11,Matt 12:46–Matt 13:11,Mark 3:31~Matt 12:46; Mark 3:32~Matt 12:47; Mark 3:33~Matt 12:48; Mark 3:34~Matt 12:49; Mark 3:35~Matt 12:50,"⸂Καὶ ἔρχονται⸃ ⸂ἡ μήτηρ αὐτοῦ καὶ οἱ ἀδελφοὶ αὐτοῦ⸃ καὶ ἔξω ⸀στήκοντες ἀπέστειλαν πρὸς αὐτὸν ⸀καλοῦντες αὐτόν. καὶ ἐκάθητο ⸂περὶ αὐτὸν ὄχλος⸃, ⸂καὶ λέγουσιν⸃ αὐτῷ· Ἰδοὺ ἡ μήτηρ σου καὶ οἱ ἀδελφοί ⸀σου ἔξω ζητοῦσίν σε. καὶ ⸂ἀποκριθεὶς αὐτοῖς λέγει⸃· Τίς ἐστιν ἡ μήτηρ μου ⸀ἢ οἱ ἀδελφοί ⸀μου;","Ἔτι ⸀δὲ αὐτοῦ λαλοῦντος τοῖς ὄχλοις ἰδοὺ ἡ μήτηρ καὶ οἱ ἀδελφοὶ αὐτοῦ εἱστήκεισαν ἔξω ζητοῦντες αὐτῷ λαλῆσαι. ⸂εἶπεν δέ τις αὐτῷ· Ἰδοὺ ἡ μήτηρ σου καὶ οἱ ἀδελφοί σου ἔξω ἑστήκασιν, ζητοῦντές σοι λαλῆσαι.⸃ ὁ δὲ ἀποκριθεὶς εἶπεν τῷ ⸀λέγοντι αὐτῷ· Τίς ἐστιν ἡ μήτηρ μου, καὶ τίνες εἰσὶν οἱ ἀδελφοί μου;",matthew_used_mark,Mark,Matthew,Mark 3:31–Mark 4:11,Matt 12:46–Matt 13:11,length_neutral; terminology_shift; verbal_smoothing; matt_interposition,,Span lengths are close (267 vs 253); neither direction is decided by block length alone. | Mark uses βασιλεία τοῦ θεοῦ (1) while Matthew uses βασιλεία τῶν οὐρανῶν (1); Mark→Matthew implies terminology substitution. | Mark has a higher present-indicative ratio in the span (0.2564 vs 0.1333); Mark→Matthew fits verbal smoothing away from present-tense vividness. | Before this block Matthew has an inserted/repositioned interval of 13 verses (Matt 12:33–Matt 12:45) compared with 1 in Mark.,Matthew has large additions/interpositions in adjacent gaps; low-score/reordered pairs require strong Matthean redaction model.,Matthean expansion/discourse clustering/fulfillment framing around Mark-like sequence.
Mark↔Matthew,9,Mark Mark 3:31–Mark 4:11 / Matt Matt 12:46–Matt 13:11,15,0.531866,16,16,1,1,267,253,1,13,target_addition_or_interposition,Mark 3:31–Mark 4:11,Matt 12:46–Matt 13:11,Mark 3:31~Matt 12:46; Mark 3:32~Matt 12:47; Mark 3:33~Matt 12:48; Mark 3:34~Matt 12:49; Mark 3:35~Matt 12:50,"⸂Καὶ ἔρχονται⸃ ⸂ἡ μήτηρ αὐτοῦ καὶ οἱ ἀδελφοὶ αὐτοῦ⸃ καὶ ἔξω ⸀στήκοντες ἀπέστειλαν πρὸς αὐτὸν ⸀καλοῦντες αὐτόν. καὶ ἐκάθητο ⸂περὶ αὐτὸν ὄχλος⸃, ⸂καὶ λέγουσιν⸃ αὐτῷ· Ἰδοὺ ἡ μήτηρ σου καὶ οἱ ἀδελφοί ⸀σου ἔξω ζητοῦσίν σε. καὶ ⸂ἀποκριθεὶς αὐτοῖς λέγει⸃· Τίς ἐστιν ἡ μήτηρ μου ⸀ἢ οἱ ἀδελφοί ⸀μου;","Ἔτι ⸀δὲ αὐτοῦ λαλοῦντος τοῖς ὄχλοις ἰδοὺ ἡ μήτηρ καὶ οἱ ἀδελφοὶ αὐτοῦ εἱστήκεισαν ἔξω ζητοῦντες αὐτῷ λαλῆσαι. ⸂εἶπεν δέ τις αὐτῷ· Ἰδοὺ ἡ μήτηρ σου καὶ οἱ ἀδελφοί σου ἔξω ἑστήκασιν, ζητοῦντές σοι λαλῆσαι.⸃ ὁ δὲ ἀποκριθεὶς εἶπεν τῷ ⸀λέγοντι αὐτῷ· Τίς ἐστιν ἡ μήτηρ μου, καὶ τίνες εἰσὶν οἱ ἀδελφοί μου;",mark_used_matthew,Matthew,Mark,Matt 12:46–Matt 13:11,Mark 3:31–Mark 4:11,length_neutral; terminology_shift; verbal_vividization; mark_nonuse_of_matt_gap,,Span lengths are close (267 vs 253); neither direction is decided by block length alone. | The same contrast requires Matthew→Mark to replace βασιλεία τῶν οὐρανῶν with βασιλεία τοῦ θεοῦ. | Matthew→Mark would require present-tense vividization (0.1333→0.2564). | Before this block Mark lacks a Matthean interval of 13 verses (Matt 12:33–Matt 12:45); Matthew→Mark requires omission or non-use of that material.,Matthew has large source material that Mark must omit or ignore; cumulative omission burden is high.,Markan epitome/abbreviation with action-narrative focus and deliberate non-use of Matthean discourse expansions.
Mark↔Matthew,10,Mark Mark 4:14–Mark 4:20 / Matt Matt 13:18–Matt 13:23,6,0.489696,7,6,1,0,132,129,2,6,minor_gap_or_local_relocation,Mark 4:14–Mark 4:20,Matt 13:18–Matt 13:23,Mark 4:14~Matt 13:18; Mark 4:15~Matt 13:19; Mark 4:16~Matt 13:20; Mark 4:17~Matt 13:21; Mark 4:19~Matt 13:22,"ὁ σπείρων τὸν λόγον σπείρει. οὗτοι δέ εἰσιν οἱ παρὰ τὴν ὁδὸν ὅπου σπείρεται ὁ λόγος, καὶ ὅταν ἀκούσωσιν ⸀εὐθὺς ἔρχεται ὁ Σατανᾶς καὶ αἴρει τὸν λόγον τὸν ἐσπαρμένον ⸂εἰς αὐτούς⸃. καὶ οὗτοί εἰσιν ⸀ὁμοίως οἱ ἐπὶ τὰ πετρώδη σπειρόμενοι, οἳ ὅταν ἀκούσωσιν τὸν λόγον ⸀εὐθὺς μετὰ χαρᾶς λαμβάνουσιν αὐτόν,","Ὑμεῖς οὖν ἀκούσατε τὴν παραβολὴν τοῦ ⸀σπείραντος. παντὸς ἀκούοντος τὸν λόγον τῆς βασιλείας καὶ μὴ συνιέντος, ἔρχεται ὁ πονηρὸς καὶ ἁρπάζει τὸ ἐσπαρμένον ἐν τῇ καρδίᾳ αὐτοῦ· οὗτός ἐστιν ὁ παρὰ τὴν ὁδὸν σπαρείς. ὁ δὲ ἐπὶ τὰ πετρώδη σπαρείς, οὗτός ἐστιν ὁ τὸν λόγον ἀκούων καὶ εὐθὺς μετὰ χαρᾶς λαμβάνων αὐτόν,",matthew_used_mark,Mark,Matthew,Mark 4:14–Mark 4:20,Matt 13:18–Matt 13:23,length_neutral; matt_omissions; tempo_smoothing,,"Span lengths are close (132 vs 129); neither direction is decided by block length alone. | Within the span Mark has more unmatched verses (1 vs Matthew 0), which requires Matthew to compress, omit, or redistribute more material. | Mark has more tempo markers εὐθύς/εὐθέως in this span (3 vs 2); Mark→Matthew implies tempo smoothing or de-intensification.",Local changes still require redactional explanation.,Matthean expansion/discourse clustering/fulfillment framing around Mark-like sequence.
Mark↔Matthew,10,Mark Mark 4:14–Mark 4:20 / Matt Matt 13:18–Matt 13:23,6,0.489696,7,6,1,0,132,129,2,6,minor_gap_or_local_relocation,Mark 4:14–Mark 4:20,Matt 13:18–Matt 13:23,Mark 4:14~Matt 13:18; Mark 4:15~Matt 13:19; Mark 4:16~Matt 13:20; Mark 4:17~Matt 13:21; Mark 4:19~Matt 13:22,"ὁ σπείρων τὸν λόγον σπείρει. οὗτοι δέ εἰσιν οἱ παρὰ τὴν ὁδὸν ὅπου σπείρεται ὁ λόγος, καὶ ὅταν ἀκούσωσιν ⸀εὐθὺς ἔρχεται ὁ Σατανᾶς καὶ αἴρει τὸν λόγον τὸν ἐσπαρμένον ⸂εἰς αὐτούς⸃. καὶ οὗτοί εἰσιν ⸀ὁμοίως οἱ ἐπὶ τὰ πετρώδη σπειρόμενοι, οἳ ὅταν ἀκούσωσιν τὸν λόγον ⸀εὐθὺς μετὰ χαρᾶς λαμβάνουσιν αὐτόν,","Ὑμεῖς οὖν ἀκούσατε τὴν παραβολὴν τοῦ ⸀σπείραντος. παντὸς ἀκούοντος τὸν λόγον τῆς βασιλείας καὶ μὴ συνιέντος, ἔρχεται ὁ πονηρὸς καὶ ἁρπάζει τὸ ἐσπαρμένον ἐν τῇ καρδίᾳ αὐτοῦ· οὗτός ἐστιν ὁ παρὰ τὴν ὁδὸν σπαρείς. ὁ δὲ ἐπὶ τὰ πετρώδη σπαρείς, οὗτός ἐστιν ὁ τὸν λόγον ἀκούων καὶ εὐθὺς μετὰ χαρᾶς λαμβάνων αὐτόν,",mark_used_matthew,Matthew,Mark,Matt 13:18–Matt 13:23,Mark 4:14–Mark 4:20,length_neutral; mark_additions; tempo_intensification,,"Span lengths are close (132 vs 129); neither direction is decided by block length alone. | Within the span Mark preserves more unmatched material (1 vs 0), which fits Markan expansion, retention, or de-grouping. | Mark has more tempo markers (3 vs 2); Matthew→Mark implies intensification or vividization.",Markan roughness/vividness and shorter discourse structure remain counter-pressure.,Markan epitome/abbreviation with action-narrative focus and deliberate non-use of Matthean discourse expansions.
Mark↔Matthew,11,Mark Mark 4:31–Mark 4:34 / Matt Matt 13:31–Matt 13:34,3,0.242945,4,4,1,1,68,88,10,7,minor_gap_or_local_relocation,Mark 4:31–Mark 4:34,Matt 13:31–Matt 13:34,Mark 4:31~Matt 13:31; Mark 4:32~Matt 13:32; Mark 4:34~Matt 13:34,"ὡς ⸀κόκκῳ σινάπεως, ὃς ὅταν σπαρῇ ἐπὶ τῆς γῆς, ⸂μικρότερον ὂν⸃ πάντων τῶν ⸀σπερμάτων τῶν ἐπὶ τῆς γῆς— καὶ ὅταν σπαρῇ, ἀναβαίνει καὶ γίνεται ⸂μεῖζον πάντων τῶν λαχάνων⸃ καὶ ποιεῖ κλάδους μεγάλους, ὥστε δύνασθαι ὑπὸ τὴν σκιὰν αὐτοῦ τὰ πετεινὰ τοῦ οὐρανοῦ κατασκηνοῦν. Καὶ τοιαύταις παραβολαῖς πολλαῖς ἐλάλει αὐτοῖς τὸν λόγον, καθὼς ἠδύναντο ἀκούειν·","Ἄλλην παραβολὴν παρέθηκεν αὐτοῖς λέγων· Ὁμοία ἐστὶν ἡ βασιλεία τῶν οὐρανῶν κόκκῳ σινάπεως, ὃν λαβὼν ἄνθρωπος ἔσπειρεν ἐν τῷ ἀγρῷ αὐτοῦ· ὃ μικρότερον μέν ἐστιν πάντων τῶν σπερμάτων, ὅταν δὲ αὐξηθῇ μεῖζον τῶν λαχάνων ἐστὶν καὶ γίνεται δένδρον, ὥστε ἐλθεῖν τὰ πετεινὰ τοῦ οὐρανοῦ καὶ κατασκηνοῦν ἐν τοῖς κλάδοις αὐτοῦ. Ἄλλην παραβολὴν ἐλάλησεν αὐτοῖς· Ὁμοία ἐστὶν ἡ βασιλεία τῶν οὐρανῶν ζύμῃ, ἣν λαβοῦσα γυνὴ ⸀ἐνέκρυψεν εἰς ἀλεύρου σάτα τρία ἕως οὗ ἐζυμώθη ὅλον.",matthew_used_mark,Mark,Matthew,Mark 4:31–Mark 4:34,Matt 13:31–Matt 13:34,expansion; redistribution,,"Matthew span is longer (88 tokens vs 68); this requires expansion, insertion, or fuller retelling. | Alignment confidence is low; either direction would require more thematic redistribution or partial reuse assumptions.",Matthew has large additions/interpositions in adjacent gaps; low-score/reordered pairs require strong Matthean redaction model.,Matthean expansion/discourse clustering/fulfillment framing around Mark-like sequence.
Mark↔Matthew,11,Mark Mark 4:31–Mark 4:34 / Matt Matt 13:31–Matt 13:34,3,0.242945,4,4,1,1,68,88,10,7,minor_gap_or_local_relocation,Mark 4:31–Mark 4:34,Matt 13:31–Matt 13:34,Mark 4:31~Matt 13:31; Mark 4:32~Matt 13:32; Mark 4:34~Matt 13:34,"ὡς ⸀κόκκῳ σινάπεως, ὃς ὅταν σπαρῇ ἐπὶ τῆς γῆς, ⸂μικρότερον ὂν⸃ πάντων τῶν ⸀σπερμάτων τῶν ἐπὶ τῆς γῆς— καὶ ὅταν σπαρῇ, ἀναβαίνει καὶ γίνεται ⸂μεῖζον πάντων τῶν λαχάνων⸃ καὶ ποιεῖ κλάδους μεγάλους, ὥστε δύνασθαι ὑπὸ τὴν σκιὰν αὐτοῦ τὰ πετεινὰ τοῦ οὐρανοῦ κατασκηνοῦν. Καὶ τοιαύταις παραβολαῖς πολλαῖς ἐλάλει αὐτοῖς τὸν λόγον, καθὼς ἠδύναντο ἀκούειν·","Ἄλλην παραβολὴν παρέθηκεν αὐτοῖς λέγων· Ὁμοία ἐστὶν ἡ βασιλεία τῶν οὐρανῶν κόκκῳ σινάπεως, ὃν λαβὼν ἄνθρωπος ἔσπειρεν ἐν τῷ ἀγρῷ αὐτοῦ· ὃ μικρότερον μέν ἐστιν πάντων τῶν σπερμάτων, ὅταν δὲ αὐξηθῇ μεῖζον τῶν λαχάνων ἐστὶν καὶ γίνεται δένδρον, ὥστε ἐλθεῖν τὰ πετεινὰ τοῦ οὐρανοῦ καὶ κατασκηνοῦν ἐν τοῖς κλάδοις αὐτοῦ. Ἄλλην παραβολὴν ἐλάλησεν αὐτοῖς· Ὁμοία ἐστὶν ἡ βασιλεία τῶν οὐρανῶν ζύμῃ, ἣν λαβοῦσα γυνὴ ⸀ἐνέκρυψεν εἰς ἀλεύρου σάτα τρία ἕως οὗ ἐζυμώθη ὅλον.",mark_used_matthew,Matthew,Mark,Matt 13:31–Matt 13:34,Mark 4:31–Mark 4:34,abbreviation; redistribution,,"Mark span is shorter (68 vs 88); this requires abbreviation, omission, or condensation. | Alignment confidence is low; either direction would require more thematic redistribution or partial reuse assumptions.",Markan roughness/vividness and shorter discourse structure remain counter-pressure.,Markan epitome/abbreviation with action-narrative focus and deliberate non-use of Matthean discourse expansions.
Mark↔Matthew,12,Mark Mark 6:2–Mark 6:5 / Matt Matt 13:54–Matt 13:58,4,0.414693,4,5,0,1,105,96,51,19,source_material_omitted_or_compressed_by_target,Mark 6:2–Mark 6:5,Matt 13:54–Matt 13:58,Mark 6:2~Matt 13:54; Mark 6:3~Matt 13:55; Mark 6:4~Matt 13:57; Mark 6:5~Matt 13:58,"καὶ γενομένου σαββάτου ἤρξατο ⸂διδάσκειν ἐν τῇ συναγωγῇ⸃· καὶ ⸀οἱ πολλοὶ ἀκούοντες ἐξεπλήσσοντο λέγοντες· Πόθεν τούτῳ ταῦτα, καὶ τίς ἡ σοφία ἡ δοθεῖσα ⸀τούτῳ, καὶ ⸀αἱ δυνάμεις τοιαῦται διὰ τῶν χειρῶν αὐτοῦ ⸀γινόμεναι; οὐχ οὗτός ἐστιν ὁ τέκτων, ὁ υἱὸς ⸀τῆς Μαρίας ⸂καὶ ἀδελφὸς⸃ Ἰακώβου καὶ ⸀Ἰωσῆτος καὶ Ἰούδα καὶ Σίμωνος; καὶ οὐκ εἰσὶν αἱ ἀδελφαὶ αὐτοῦ ὧδε πρὸς ἡμᾶς; καὶ ἐσκανδαλίζοντο ἐν αὐτῷ. ⸂καὶ ἔλεγεν⸃ αὐτοῖς ὁ Ἰησοῦς ὅτι Οὐκ ἔστιν προφήτης ἄτιμος εἰ μὴ ἐν τῇ πατρίδι αὐτοῦ καὶ ἐν τοῖς ⸂συγγενε …","καὶ ἐλθὼν εἰς τὴν πατρίδα αὐτοῦ ἐδίδασκεν αὐτοὺς ἐν τῇ συναγωγῇ αὐτῶν, ὥστε ἐκπλήσσεσθαι αὐτοὺς καὶ λέγειν· Πόθεν τούτῳ ἡ σοφία αὕτη καὶ αἱ δυνάμεις; οὐχ οὗτός ἐστιν ὁ τοῦ τέκτονος υἱός; ⸀οὐχ ἡ μήτηρ αὐτοῦ λέγεται Μαριὰμ καὶ οἱ ἀδελφοὶ αὐτοῦ Ἰάκωβος καὶ ⸀Ἰωσὴφ καὶ Σίμων καὶ Ἰούδας; καὶ αἱ ἀδελφαὶ αὐτοῦ οὐχὶ πᾶσαι πρὸς ἡμᾶς εἰσιν; πόθεν οὖν τούτῳ ταῦτα πάντα;",matthew_used_mark,Mark,Matthew,Mark 6:2–Mark 6:5,Matt 13:54–Matt 13:58,length_neutral; matt_additions; verbal_vividization; matt_nonuse_of_mark_gap,,"Span lengths are close (105 vs 96); neither direction is decided by block length alone. | Within the span Matthew has more unmatched verses (1 vs Mark 0), which fits added material or redistribution into the Matthean span. | Matthew has a higher present-indicative ratio in the span (0.5 vs 0.3333); Mark→Matthew would require added present-tense vividness. | Before this block Mark has an unmatched interval of 51 verses (Mark 4:35–Mark 6:1) compared with 19 in Matthew.",Local changes still require redactional explanation.,Matthean expansion/discourse clustering/fulfillment framing around Mark-like sequence.
Mark↔Matthew,12,Mark Mark 6:2–Mark 6:5 / Matt Matt 13:54–Matt 13:58,4,0.414693,4,5,0,1,105,96,51,19,source_material_omitted_or_compressed_by_target,Mark 6:2–Mark 6:5,Matt 13:54–Matt 13:58,Mark 6:2~Matt 13:54; Mark 6:3~Matt 13:55; Mark 6:4~Matt 13:57; Mark 6:5~Matt 13:58,"καὶ γενομένου σαββάτου ἤρξατο ⸂διδάσκειν ἐν τῇ συναγωγῇ⸃· καὶ ⸀οἱ πολλοὶ ἀκούοντες ἐξεπλήσσοντο λέγοντες· Πόθεν τούτῳ ταῦτα, καὶ τίς ἡ σοφία ἡ δοθεῖσα ⸀τούτῳ, καὶ ⸀αἱ δυνάμεις τοιαῦται διὰ τῶν χειρῶν αὐτοῦ ⸀γινόμεναι; οὐχ οὗτός ἐστιν ὁ τέκτων, ὁ υἱὸς ⸀τῆς Μαρίας ⸂καὶ ἀδελφὸς⸃ Ἰακώβου καὶ ⸀Ἰωσῆτος καὶ Ἰούδα καὶ Σίμωνος; καὶ οὐκ εἰσὶν αἱ ἀδελφαὶ αὐτοῦ ὧδε πρὸς ἡμᾶς; καὶ ἐσκανδαλίζοντο ἐν αὐτῷ. ⸂καὶ ἔλεγεν⸃ αὐτοῖς ὁ Ἰησοῦς ὅτι Οὐκ ἔστιν προφήτης ἄτιμος εἰ μὴ ἐν τῇ πατρίδι αὐτοῦ καὶ ἐν τοῖς ⸂συγγενε …","καὶ ἐλθὼν εἰς τὴν πατρίδα αὐτοῦ ἐδίδασκεν αὐτοὺς ἐν τῇ συναγωγῇ αὐτῶν, ὥστε ἐκπλήσσεσθαι αὐτοὺς καὶ λέγειν· Πόθεν τούτῳ ἡ σοφία αὕτη καὶ αἱ δυνάμεις; οὐχ οὗτός ἐστιν ὁ τοῦ τέκτονος υἱός; ⸀οὐχ ἡ μήτηρ αὐτοῦ λέγεται Μαριὰμ καὶ οἱ ἀδελφοὶ αὐτοῦ Ἰάκωβος καὶ ⸀Ἰωσὴφ καὶ Σίμων καὶ Ἰούδας; καὶ αἱ ἀδελφαὶ αὐτοῦ οὐχὶ πᾶσαι πρὸς ἡμᾶς εἰσιν; πόθεν οὖν τούτῳ ταῦτα πάντα;",mark_used_matthew,Matthew,Mark,Matt 13:54–Matt 13:58,Mark 6:2–Mark 6:5,length_neutral; mark_omissions; verbal_smoothing; mark_preserves_extra_material,,"Span lengths are close (105 vs 96); neither direction is decided by block length alone. | Within the span Mark lacks 1 relative Matthean verses, which requires omission or stronger compression. | Matthew→Mark would fit smoothing away from present-tense vividness (0.5→0.3333). | Before this block Matthew lacks a Markan interval of 51 verses (Mark 4:35–Mark 6:1); Matthew→Mark fits Markan expansion, preservation, or non-Matthean material.",Markan roughness/vividness and shorter discourse structure remain counter-pressure.,Markan epitome/abbreviation with action-narrative focus and deliberate non-use of Matthean discourse expansions.
Mark↔Matthew,13,Mark Mark 6:14–Mark 7:3 / Matt Matt 14:2–Matt 15:2,30,0.376474,46,37,16,7,799,577,8,1,source_material_omitted_or_compressed_by_target,Mark 6:14–Mark 7:3,Matt 14:2–Matt 15:2,Mark 6:14~Matt 14:2; Mark 6:17~Matt 14:3; Mark 6:18~Matt 14:4; Mark 6:19~Matt 14:5; Mark 6:22~Matt 14:6,"Καὶ ἤκουσεν ὁ βασιλεὺς Ἡρῴδης, φανερὸν γὰρ ἐγένετο τὸ ὄνομα αὐτοῦ, καὶ ⸀ἔλεγον ὅτι Ἰωάννης ὁ βαπτίζων ⸂ἐγήγερται ἐκ νεκρῶν⸃, καὶ διὰ τοῦτο ἐνεργοῦσιν αἱ δυνάμεις ἐν αὐτῷ· ἄλλοι ⸀δὲ ἔλεγον ὅτι Ἠλίας ἐστίν· ἄλλοι δὲ ἔλεγον ὅτι ⸀προφήτης ὡς εἷς τῶν προφητῶν. ἀκούσας δὲ ⸀ὁ Ἡρῴδης ⸀ἔλεγεν· Ὃν ἐγὼ ἀπεκεφάλισα Ἰωάννην, οὗτος ⸀ἠγέρθη.","καὶ εἶπεν τοῖς παισὶν αὐτοῦ· Οὗτός ἐστιν Ἰωάννης ὁ βαπτιστής· αὐτὸς ἠγέρθη ἀπὸ τῶν νεκρῶν, καὶ διὰ τοῦτο αἱ δυνάμεις ἐνεργοῦσιν ἐν αὐτῷ. Ὁ γὰρ Ἡρῴδης κρατήσας τὸν Ἰωάννην ἔδησεν ⸀αὐτὸν καὶ ⸂ἐν φυλακῇ ἀπέθετο⸃ διὰ Ἡρῳδιάδα τὴν γυναῖκα Φιλίππου τοῦ ἀδελφοῦ αὐτοῦ, ἔλεγεν γὰρ ⸂αὐτῷ ὁ Ἰωάννης⸃· Οὐκ ἔξεστίν σοι ἔχειν αὐτήν·",matthew_used_mark,Mark,Matthew,Mark 6:14–Mark 7:3,Matt 14:2–Matt 15:2,abbreviation; matt_omissions; tempo_smoothing; matt_nonuse_of_mark_gap,,"Matthew span is shorter (577 vs 799); this requires abbreviation, omission, or simplification. | Within the span Mark has more unmatched verses (16 vs Matthew 7), which requires Matthew to compress, omit, or redistribute more material. | Mark has more tempo markers εὐθύς/εὐθέως in this span (5 vs 3); Mark→Matthew implies tempo smoothing or de-intensification. | Before this block Mark has an unmatched interval of 8 verses (Mark 6:6–Mark 6:13) compared with 1 in Matthew.",Matthew has large additions/interpositions in adjacent gaps; low-score/reordered pairs require strong Matthean redaction model.,Matthean expansion/discourse clustering/fulfillment framing around Mark-like sequence.
Mark↔Matthew,13,Mark Mark 6:14–Mark 7:3 / Matt Matt 14:2–Matt 15:2,30,0.376474,46,37,16,7,799,577,8,1,source_material_omitted_or_compressed_by_target,Mark 6:14–Mark 7:3,Matt 14:2–Matt 15:2,Mark 6:14~Matt 14:2; Mark 6:17~Matt 14:3; Mark 6:18~Matt 14:4; Mark 6:19~Matt 14:5; Mark 6:22~Matt 14:6,"Καὶ ἤκουσεν ὁ βασιλεὺς Ἡρῴδης, φανερὸν γὰρ ἐγένετο τὸ ὄνομα αὐτοῦ, καὶ ⸀ἔλεγον ὅτι Ἰωάννης ὁ βαπτίζων ⸂ἐγήγερται ἐκ νεκρῶν⸃, καὶ διὰ τοῦτο ἐνεργοῦσιν αἱ δυνάμεις ἐν αὐτῷ· ἄλλοι ⸀δὲ ἔλεγον ὅτι Ἠλίας ἐστίν· ἄλλοι δὲ ἔλεγον ὅτι ⸀προφήτης ὡς εἷς τῶν προφητῶν. ἀκούσας δὲ ⸀ὁ Ἡρῴδης ⸀ἔλεγεν· Ὃν ἐγὼ ἀπεκεφάλισα Ἰωάννην, οὗτος ⸀ἠγέρθη.","καὶ εἶπεν τοῖς παισὶν αὐτοῦ· Οὗτός ἐστιν Ἰωάννης ὁ βαπτιστής· αὐτὸς ἠγέρθη ἀπὸ τῶν νεκρῶν, καὶ διὰ τοῦτο αἱ δυνάμεις ἐνεργοῦσιν ἐν αὐτῷ. Ὁ γὰρ Ἡρῴδης κρατήσας τὸν Ἰωάννην ἔδησεν ⸀αὐτὸν καὶ ⸂ἐν φυλακῇ ἀπέθετο⸃ διὰ Ἡρῳδιάδα τὴν γυναῖκα Φιλίππου τοῦ ἀδελφοῦ αὐτοῦ, ἔλεγεν γὰρ ⸂αὐτῷ ὁ Ἰωάννης⸃· Οὐκ ἔξεστίν σοι ἔχειν αὐτήν·",mark_used_matthew,Matthew,Mark,Matt 14:2–Matt 15:2,Mark 6:14–Mark 7:3,expansion; mark_additions; tempo_intensification; mark_preserves_extra_material,,"Mark span is longer (799 vs 577); this requires expansion, vividization, or added detail. | Within the span Mark preserves more unmatched material (16 vs 7), which fits Markan expansion, retention, or de-grouping. | Mark has more tempo markers (5 vs 3); Matthew→Mark implies intensification or vividization. | Before this block Matthew lacks a Markan interval of 8 verses (Mark 6:6–Mark 6:13); Matthew→Mark fits Markan expansion, preservation, or non-Matthean material.",Markan roughness/vividness and shorter discourse structure remain counter-pressure.,Markan epitome/abbreviation with action-narrative focus and deliberate non-use of Matthean discourse expansions.
Mark↔Matthew,14,Mark Mark 7:9–Mark 7:29 / Matt Matt 15:3–Matt 15:28,15,0.384772,20,26,5,11,329,388,5,0,minor_gap_or_local_relocation,Mark 7:9–Mark 7:29,Matt 15:3–Matt 15:28,Mark 7:9~Matt 15:3; Mark 7:10~Matt 15:4; Mark 7:11~Matt 15:5; Mark 7:13~Matt 15:6; Mark 7:14~Matt 15:10,"Καὶ ἔλεγεν αὐτοῖς· Καλῶς ἀθετεῖτε τὴν ἐντολὴν τοῦ θεοῦ, ἵνα τὴν παράδοσιν ὑμῶν ⸀τηρήσητε· Μωϋσῆς γὰρ εἶπεν· Τίμα τὸν πατέρα σου καὶ τὴν μητέρα σου, καί· Ὁ κακολογῶν πατέρα ἢ μητέρα θανάτῳ τελευτάτω· ὑμεῖς δὲ λέγετε· Ἐὰν εἴπῃ ἄνθρωπος τῷ πατρὶ ἢ τῇ μητρί· Κορβᾶν, ὅ ἐστιν Δῶρον, ὃ ἐὰν ἐξ ἐμοῦ ὠφεληθῇς,","ὁ δὲ ἀποκριθεὶς εἶπεν αὐτοῖς· Διὰ τί καὶ ὑμεῖς παραβαίνετε τὴν ἐντολὴν τοῦ θεοῦ διὰ τὴν παράδοσιν ὑμῶν; ὁ γὰρ θεὸς ⸀εἶπεν· Τίμα τὸν πατέρα καὶ τὴν μητέρα, καί· Ὁ κακολογῶν πατέρα ἢ μητέρα θανάτῳ τελευτάτω· ὑμεῖς δὲ λέγετε· Ὃς ἂν εἴπῃ τῷ πατρὶ ἢ τῇ μητρί· Δῶρον ὃ ἐὰν ἐξ ἐμοῦ ὠφεληθῇς,",matthew_used_mark,Mark,Matthew,Mark 7:9–Mark 7:29,Matt 15:3–Matt 15:28,expansion; matt_additions; tempo_smoothing; matt_nonuse_of_mark_gap,,"Matthew span is longer (388 tokens vs 329); this requires expansion, insertion, or fuller retelling. | Within the span Matthew has more unmatched verses (11 vs Mark 5), which fits added material or redistribution into the Matthean span. | Mark has more tempo markers εὐθύς/εὐθέως in this span (1 vs 0); Mark→Matthew implies tempo smoothing or de-intensification. | Before this block Mark has an unmatched interval of 5 verses (Mark 7:4–Mark 7:8) compared with 0 in Matthew.",Matthew has large additions/interpositions in adjacent gaps; low-score/reordered pairs require strong Matthean redaction model.,Matthean expansion/discourse clustering/fulfillment framing around Mark-like sequence.
Mark↔Matthew,14,Mark Mark 7:9–Mark 7:29 / Matt Matt 15:3–Matt 15:28,15,0.384772,20,26,5,11,329,388,5,0,minor_gap_or_local_relocation,Mark 7:9–Mark 7:29,Matt 15:3–Matt 15:28,Mark 7:9~Matt 15:3; Mark 7:10~Matt 15:4; Mark 7:11~Matt 15:5; Mark 7:13~Matt 15:6; Mark 7:14~Matt 15:10,"Καὶ ἔλεγεν αὐτοῖς· Καλῶς ἀθετεῖτε τὴν ἐντολὴν τοῦ θεοῦ, ἵνα τὴν παράδοσιν ὑμῶν ⸀τηρήσητε· Μωϋσῆς γὰρ εἶπεν· Τίμα τὸν πατέρα σου καὶ τὴν μητέρα σου, καί· Ὁ κακολογῶν πατέρα ἢ μητέρα θανάτῳ τελευτάτω· ὑμεῖς δὲ λέγετε· Ἐὰν εἴπῃ ἄνθρωπος τῷ πατρὶ ἢ τῇ μητρί· Κορβᾶν, ὅ ἐστιν Δῶρον, ὃ ἐὰν ἐξ ἐμοῦ ὠφεληθῇς,","ὁ δὲ ἀποκριθεὶς εἶπεν αὐτοῖς· Διὰ τί καὶ ὑμεῖς παραβαίνετε τὴν ἐντολὴν τοῦ θεοῦ διὰ τὴν παράδοσιν ὑμῶν; ὁ γὰρ θεὸς ⸀εἶπεν· Τίμα τὸν πατέρα καὶ τὴν μητέρα, καί· Ὁ κακολογῶν πατέρα ἢ μητέρα θανάτῳ τελευτάτω· ὑμεῖς δὲ λέγετε· Ὃς ἂν εἴπῃ τῷ πατρὶ ἢ τῇ μητρί· Δῶρον ὃ ἐὰν ἐξ ἐμοῦ ὠφεληθῇς,",mark_used_matthew,Matthew,Mark,Matt 15:3–Matt 15:28,Mark 7:9–Mark 7:29,abbreviation; mark_omissions; tempo_intensification; mark_preserves_extra_material,,"Mark span is shorter (329 vs 388); this requires abbreviation, omission, or condensation. | Within the span Mark lacks 6 relative Matthean verses, which requires omission or stronger compression. | Mark has more tempo markers (1 vs 0); Matthew→Mark implies intensification or vividization. | Before this block Matthew lacks a Markan interval of 5 verses (Mark 7:4–Mark 7:8); Matthew→Mark fits Markan expansion, preservation, or non-Matthean material.",Markan roughness/vividness and shorter discourse structure remain counter-pressure.,Markan epitome/abbreviation with action-narrative focus and deliberate non-use of Matthean discourse expansions.
Mark↔Matthew,15,Mark Mark 8:2–Mark 8:20 / Matt Matt 15:32–Matt 16:10,15,0.341707,19,18,4,3,277,272,9,3,source_material_omitted_or_compressed_by_target,Mark 8:2–Mark 8:20,Matt 15:32–Matt 16:10,Mark 8:2~Matt 15:32; Mark 8:4~Matt 15:33; Mark 8:5~Matt 15:34; Mark 8:6~Matt 15:36; Mark 8:8~Matt 15:37,"Σπλαγχνίζομαι ἐπὶ τὸν ὄχλον ὅτι ἤδη ἡμέραι τρεῖς προσμένουσίν μοι καὶ οὐκ ἔχουσιν τί φάγωσιν· καὶ ἐὰν ἀπολύσω αὐτοὺς νήστεις εἰς οἶκον αὐτῶν, ἐκλυθήσονται ἐν τῇ ὁδῷ· ⸂καί τινες⸃ αὐτῶν ⸀ἀπὸ μακρόθεν ⸀ἥκασιν. καὶ ἀπεκρίθησαν αὐτῷ οἱ μαθηταὶ αὐτοῦ ⸀ὅτι Πόθεν τούτους δυνήσεταί τις ὧδε χορτάσαι ἄρτων ἐπʼ ἐρημίας;","Ὁ δὲ Ἰησοῦς προσκαλεσάμενος τοὺς μαθητὰς αὐτοῦ εἶπεν· Σπλαγχνίζομαι ἐπὶ τὸν ὄχλον, ὅτι ἤδη ἡμέραι τρεῖς προσμένουσίν μοι καὶ οὐκ ἔχουσιν τί φάγωσιν· καὶ ἀπολῦσαι αὐτοὺς νήστεις οὐ θέλω, μήποτε ἐκλυθῶσιν ἐν τῇ ὁδῷ. καὶ λέγουσιν αὐτῷ οἱ ⸀μαθηταί· Πόθεν ἡμῖν ἐν ἐρημίᾳ ἄρτοι τοσοῦτοι ὥστε χορτάσαι ὄχλον τοσοῦτον; καὶ λέγει αὐτοῖς ὁ Ἰησοῦς· Πόσους ἄρτους ἔχετε; οἱ δὲ εἶπαν· Ἑπτά, καὶ ὀλίγα ἰχθύδια.",matthew_used_mark,Mark,Matthew,Mark 8:2–Mark 8:20,Matt 15:32–Matt 16:10,length_neutral; matt_omissions; tempo_smoothing; matt_nonuse_of_mark_gap,,"Span lengths are close (277 vs 272); neither direction is decided by block length alone. | Within the span Mark has more unmatched verses (4 vs Matthew 3), which requires Matthew to compress, omit, or redistribute more material. | Mark has more tempo markers εὐθύς/εὐθέως in this span (1 vs 0); Mark→Matthew implies tempo smoothing or de-intensification. | Before this block Mark has an unmatched interval of 9 verses (Mark 7:30–Mark 8:1) compared with 3 in Matthew.",Matthew has large additions/interpositions in adjacent gaps; low-score/reordered pairs require strong Matthean redaction model.,Matthean expansion/discourse clustering/fulfillment framing around Mark-like sequence.
Mark↔Matthew,15,Mark Mark 8:2–Mark 8:20 / Matt Matt 15:32–Matt 16:10,15,0.341707,19,18,4,3,277,272,9,3,source_material_omitted_or_compressed_by_target,Mark 8:2–Mark 8:20,Matt 15:32–Matt 16:10,Mark 8:2~Matt 15:32; Mark 8:4~Matt 15:33; Mark 8:5~Matt 15:34; Mark 8:6~Matt 15:36; Mark 8:8~Matt 15:37,"Σπλαγχνίζομαι ἐπὶ τὸν ὄχλον ὅτι ἤδη ἡμέραι τρεῖς προσμένουσίν μοι καὶ οὐκ ἔχουσιν τί φάγωσιν· καὶ ἐὰν ἀπολύσω αὐτοὺς νήστεις εἰς οἶκον αὐτῶν, ἐκλυθήσονται ἐν τῇ ὁδῷ· ⸂καί τινες⸃ αὐτῶν ⸀ἀπὸ μακρόθεν ⸀ἥκασιν. καὶ ἀπεκρίθησαν αὐτῷ οἱ μαθηταὶ αὐτοῦ ⸀ὅτι Πόθεν τούτους δυνήσεταί τις ὧδε χορτάσαι ἄρτων ἐπʼ ἐρημίας;","Ὁ δὲ Ἰησοῦς προσκαλεσάμενος τοὺς μαθητὰς αὐτοῦ εἶπεν· Σπλαγχνίζομαι ἐπὶ τὸν ὄχλον, ὅτι ἤδη ἡμέραι τρεῖς προσμένουσίν μοι καὶ οὐκ ἔχουσιν τί φάγωσιν· καὶ ἀπολῦσαι αὐτοὺς νήστεις οὐ θέλω, μήποτε ἐκλυθῶσιν ἐν τῇ ὁδῷ. καὶ λέγουσιν αὐτῷ οἱ ⸀μαθηταί· Πόθεν ἡμῖν ἐν ἐρημίᾳ ἄρτοι τοσοῦτοι ὥστε χορτάσαι ὄχλον τοσοῦτον; καὶ λέγει αὐτοῖς ὁ Ἰησοῦς· Πόσους ἄρτους ἔχετε; οἱ δὲ εἶπαν· Ἑπτά, καὶ ὀλίγα ἰχθύδια.",mark_used_matthew,Matthew,Mark,Matt 15:32–Matt 16:10,Mark 8:2–Mark 8:20,length_neutral; mark_additions; tempo_intensification; mark_preserves_extra_material,,"Span lengths are close (277 vs 272); neither direction is decided by block length alone. | Within the span Mark preserves more unmatched material (4 vs 3), which fits Markan expansion, retention, or de-grouping. | Mark has more tempo markers (1 vs 0); Matthew→Mark implies intensification or vividization. | Before this block Matthew lacks a Markan interval of 9 verses (Mark 7:30–Mark 8:1); Matthew→Mark fits Markan expansion, preservation, or non-Matthean material.",Markan roughness/vividness and shorter discourse structure remain counter-pressure.,Markan epitome/abbreviation with action-narrative focus and deliberate non-use of Matthean discourse expansions.
Mark↔Matthew,16,Mark Mark 8:27–Mark 9:19 / Matt Matt 16:13–Matt 17:17,25,0.450842,31,33,6,8,585,645,6,2,minor_gap_or_local_relocation,Mark 8:27–Mark 9:19,Matt 16:13–Matt 17:17,Mark 8:27~Matt 16:13; Mark 8:28~Matt 16:14; Mark 8:29~Matt 16:16; Mark 8:30~Matt 16:20; Mark 8:31~Matt 16:21,"Καὶ ἐξῆλθεν ὁ Ἰησοῦς καὶ οἱ μαθηταὶ αὐτοῦ εἰς τὰς κώμας Καισαρείας τῆς Φιλίππου· καὶ ἐν τῇ ὁδῷ ἐπηρώτα τοὺς μαθητὰς αὐτοῦ λέγων αὐτοῖς· Τίνα με λέγουσιν οἱ ἄνθρωποι εἶναι; οἱ δὲ ⸂εἶπαν αὐτῷ λέγοντες⸃ ⸀ὅτι Ἰωάννην τὸν βαπτιστήν, καὶ ἄλλοι Ἠλίαν, ἄλλοι δὲ ⸂ὅτι εἷς⸃ τῶν προφητῶν. καὶ αὐτὸς ⸂ἐπηρώτα αὐτούς⸃· Ὑμεῖς δὲ τίνα με λέγετε εἶναι; ⸀ἀποκριθεὶς ὁ Πέτρος λέγει αὐτῷ· Σὺ εἶ ὁ χριστός.","Ἐλθὼν δὲ ὁ Ἰησοῦς εἰς τὰ μέρη Καισαρείας τῆς Φιλίππου ἠρώτα τοὺς μαθητὰς αὐτοῦ λέγων· ⸀Τίνα λέγουσιν οἱ ἄνθρωποι εἶναι τὸν υἱὸν τοῦ ἀνθρώπου; οἱ δὲ εἶπαν· Οἱ μὲν Ἰωάννην τὸν βαπτιστήν, ἄλλοι δὲ Ἠλίαν, ἕτεροι δὲ Ἰερεμίαν ἢ ἕνα τῶν προφητῶν. λέγει αὐτοῖς· Ὑμεῖς δὲ τίνα με λέγετε εἶναι;",matthew_used_mark,Mark,Matthew,Mark 8:27–Mark 9:19,Matt 16:13–Matt 17:17,length_neutral; matt_additions; tempo_smoothing; terminology_shift; descripturalization,,"Span lengths are close (585 vs 645); neither direction is decided by block length alone. | Within the span Matthew has more unmatched verses (8 vs Mark 6), which fits added material or redistribution into the Matthean span. | Mark has more tempo markers εὐθύς/εὐθέως in this span (1 vs 0); Mark→Matthew implies tempo smoothing or de-intensification. | Mark uses βασιλεία τοῦ θεοῦ (1) while Matthew uses βασιλεία τῶν οὐρανῶν (1); Mark→Matthew implies terminology substitution. | Mark has more scriptural markers in-span (2 vs 0); Mark→Matthew would require their reduction.",Local changes still require redactional explanation.,Matthean expansion/discourse clustering/fulfillment framing around Mark-like sequence.
Mark↔Matthew,16,Mark Mark 8:27–Mark 9:19 / Matt Matt 16:13–Matt 17:17,25,0.450842,31,33,6,8,585,645,6,2,minor_gap_or_local_relocation,Mark 8:27–Mark 9:19,Matt 16:13–Matt 17:17,Mark 8:27~Matt 16:13; Mark 8:28~Matt 16:14; Mark 8:29~Matt 16:16; Mark 8:30~Matt 16:20; Mark 8:31~Matt 16:21,"Καὶ ἐξῆλθεν ὁ Ἰησοῦς καὶ οἱ μαθηταὶ αὐτοῦ εἰς τὰς κώμας Καισαρείας τῆς Φιλίππου· καὶ ἐν τῇ ὁδῷ ἐπηρώτα τοὺς μαθητὰς αὐτοῦ λέγων αὐτοῖς· Τίνα με λέγουσιν οἱ ἄνθρωποι εἶναι; οἱ δὲ ⸂εἶπαν αὐτῷ λέγοντες⸃ ⸀ὅτι Ἰωάννην τὸν βαπτιστήν, καὶ ἄλλοι Ἠλίαν, ἄλλοι δὲ ⸂ὅτι εἷς⸃ τῶν προφητῶν. καὶ αὐτὸς ⸂ἐπηρώτα αὐτούς⸃· Ὑμεῖς δὲ τίνα με λέγετε εἶναι; ⸀ἀποκριθεὶς ὁ Πέτρος λέγει αὐτῷ· Σὺ εἶ ὁ χριστός.","Ἐλθὼν δὲ ὁ Ἰησοῦς εἰς τὰ μέρη Καισαρείας τῆς Φιλίππου ἠρώτα τοὺς μαθητὰς αὐτοῦ λέγων· ⸀Τίνα λέγουσιν οἱ ἄνθρωποι εἶναι τὸν υἱὸν τοῦ ἀνθρώπου; οἱ δὲ εἶπαν· Οἱ μὲν Ἰωάννην τὸν βαπτιστήν, ἄλλοι δὲ Ἠλίαν, ἕτεροι δὲ Ἰερεμίαν ἢ ἕνα τῶν προφητῶν. λέγει αὐτοῖς· Ὑμεῖς δὲ τίνα με λέγετε εἶναι;",mark_used_matthew,Matthew,Mark,Matt 16:13–Matt 17:17,Mark 8:27–Mark 9:19,length_neutral; mark_omissions; tempo_intensification; terminology_shift; scripturalization,,"Span lengths are close (585 vs 645); neither direction is decided by block length alone. | Within the span Mark lacks 2 relative Matthean verses, which requires omission or stronger compression. | Mark has more tempo markers (1 vs 0); Matthew→Mark implies intensification or vividization. | The same contrast requires Matthew→Mark to replace βασιλεία τῶν οὐρανῶν with βασιλεία τοῦ θεοῦ. | Matthew→Mark would require added explicit citation markers (0→2).",Markan roughness/vividness and shorter discourse structure remain counter-pressure.,Markan epitome/abbreviation with action-narrative focus and deliberate non-use of Matthean discourse expansions.
Mark↔Matthew,17,Mark Mark 9:42–Mark 9:47 / Matt Matt 18:6–Matt 18:9,3,0.509813,4,4,1,1,113,120,22,14,source_material_omitted_or_compressed_by_target,Mark 9:42–Mark 9:47,Matt 18:6–Matt 18:9,Mark 9:42~Matt 18:6; Mark 9:45~Matt 18:8; Mark 9:47~Matt 18:9,"Καὶ ὃς ⸀ἂν σκανδαλίσῃ ἕνα τῶν μικρῶν ⸀τούτων τῶν πιστευόντων ⸂εἰς ἐμέ⸃, καλόν ἐστιν αὐτῷ μᾶλλον εἰ περίκειται ⸂μύλος ὀνικὸς⸃ περὶ τὸν τράχηλον αὐτοῦ καὶ βέβληται εἰς τὴν θάλασσαν. Καὶ ἐὰν ⸀σκανδαλίζῃ σε ἡ χείρ σου, ἀπόκοψον αὐτήν· καλόν ⸂ἐστίν σε⸃ κυλλὸν ⸂εἰσελθεῖν εἰς τὴν ζωὴν⸃ ἢ τὰς δύο χεῖρας ἔχοντα ἀπελθεῖν εἰς τὴν γέενναν, εἰς τὸ πῦρ τὸ ⸀ἄσβεστον. καὶ ἐὰν ὁ πούς σου σκανδαλίζῃ σε, ἀπόκοψον αὐτόν· καλόν ἐστίν ⸀σε εἰσελθεῖν εἰς τὴν ζωὴν χωλὸν ἢ τοὺς δύο πόδας ἔχοντα βληθῆναι εἰς τὴν ⸀γέενναν.","Ὃς δʼ ἂν σκανδαλίσῃ ἕνα τῶν μικρῶν τούτων τῶν πιστευόντων εἰς ἐμέ, συμφέρει αὐτῷ ἵνα κρεμασθῇ μύλος ὀνικὸς ⸀εἰς τὸν τράχηλον αὐτοῦ καὶ καταποντισθῇ ἐν τῷ πελάγει τῆς θαλάσσης. οὐαὶ τῷ κόσμῳ ἀπὸ τῶν σκανδάλων· ἀνάγκη ⸀γὰρ ἐλθεῖν τὰ σκάνδαλα, πλὴν οὐαὶ τῷ ⸀ἀνθρώπῳ διʼ οὗ τὸ σκάνδαλον ἔρχεται. Εἰ δὲ ἡ χείρ σου ἢ ὁ πούς σου σκανδαλίζει σε, ἔκκοψον ⸀αὐτὸν καὶ βάλε ἀπὸ σοῦ· καλόν σοί ἐστιν εἰσελθεῖν εἰς τὴν ζωὴν ⸂κυλλὸν ἢ χωλόν⸃, ἢ δύο χεῖρας ἢ δύο πόδας ἔχοντα βληθῆναι εἰς τὸ πῦρ τὸ αἰώνιον.",matthew_used_mark,Mark,Matthew,Mark 9:42–Mark 9:47,Matt 18:6–Matt 18:9,length_neutral; verbal_vividization; matt_nonuse_of_mark_gap,,Span lengths are close (113 vs 120); neither direction is decided by block length alone. | Matthew has a higher present-indicative ratio in the span (1.0 vs 0.8333); Mark→Matthew would require added present-tense vividness. | Before this block Mark has an unmatched interval of 22 verses (Mark 9:20–Mark 9:41) compared with 14 in Matthew.,Local changes still require redactional explanation.,Matthean expansion/discourse clustering/fulfillment framing around Mark-like sequence.
Mark↔Matthew,17,Mark Mark 9:42–Mark 9:47 / Matt Matt 18:6–Matt 18:9,3,0.509813,4,4,1,1,113,120,22,14,source_material_omitted_or_compressed_by_target,Mark 9:42–Mark 9:47,Matt 18:6–Matt 18:9,Mark 9:42~Matt 18:6; Mark 9:45~Matt 18:8; Mark 9:47~Matt 18:9,"Καὶ ὃς ⸀ἂν σκανδαλίσῃ ἕνα τῶν μικρῶν ⸀τούτων τῶν πιστευόντων ⸂εἰς ἐμέ⸃, καλόν ἐστιν αὐτῷ μᾶλλον εἰ περίκειται ⸂μύλος ὀνικὸς⸃ περὶ τὸν τράχηλον αὐτοῦ καὶ βέβληται εἰς τὴν θάλασσαν. Καὶ ἐὰν ⸀σκανδαλίζῃ σε ἡ χείρ σου, ἀπόκοψον αὐτήν· καλόν ⸂ἐστίν σε⸃ κυλλὸν ⸂εἰσελθεῖν εἰς τὴν ζωὴν⸃ ἢ τὰς δύο χεῖρας ἔχοντα ἀπελθεῖν εἰς τὴν γέενναν, εἰς τὸ πῦρ τὸ ⸀ἄσβεστον. καὶ ἐὰν ὁ πούς σου σκανδαλίζῃ σε, ἀπόκοψον αὐτόν· καλόν ἐστίν ⸀σε εἰσελθεῖν εἰς τὴν ζωὴν χωλὸν ἢ τοὺς δύο πόδας ἔχοντα βληθῆναι εἰς τὴν ⸀γέενναν.","Ὃς δʼ ἂν σκανδαλίσῃ ἕνα τῶν μικρῶν τούτων τῶν πιστευόντων εἰς ἐμέ, συμφέρει αὐτῷ ἵνα κρεμασθῇ μύλος ὀνικὸς ⸀εἰς τὸν τράχηλον αὐτοῦ καὶ καταποντισθῇ ἐν τῷ πελάγει τῆς θαλάσσης. οὐαὶ τῷ κόσμῳ ἀπὸ τῶν σκανδάλων· ἀνάγκη ⸀γὰρ ἐλθεῖν τὰ σκάνδαλα, πλὴν οὐαὶ τῷ ⸀ἀνθρώπῳ διʼ οὗ τὸ σκάνδαλον ἔρχεται. Εἰ δὲ ἡ χείρ σου ἢ ὁ πούς σου σκανδαλίζει σε, ἔκκοψον ⸀αὐτὸν καὶ βάλε ἀπὸ σοῦ· καλόν σοί ἐστιν εἰσελθεῖν εἰς τὴν ζωὴν ⸂κυλλὸν ἢ χωλόν⸃, ἢ δύο χεῖρας ἢ δύο πόδας ἔχοντα βληθῆναι εἰς τὸ πῦρ τὸ αἰώνιον.",mark_used_matthew,Matthew,Mark,Matt 18:6–Matt 18:9,Mark 9:42–Mark 9:47,length_neutral; verbal_smoothing; mark_preserves_extra_material,,"Span lengths are close (113 vs 120); neither direction is decided by block length alone. | Matthew→Mark would fit smoothing away from present-tense vividness (1.0→0.8333). | Before this block Matthew lacks a Markan interval of 22 verses (Mark 9:20–Mark 9:41); Matthew→Mark fits Markan expansion, preservation, or non-Matthean material.",Markan roughness/vividness and shorter discourse structure remain counter-pressure.,Markan epitome/abbreviation with action-narrative focus and deliberate non-use of Matthean discourse expansions.
Mark↔Matthew,18,Mark Mark 10:6–Mark 10:31 / Matt Matt 19:4–Matt 19:30,20,0.461435,26,27,6,7,428,486,8,28,target_addition_or_interposition,Mark 10:6–Mark 10:31,Matt 19:4–Matt 19:30,Mark 10:6~Matt 19:4; Mark 10:7~Matt 19:5; Mark 10:9~Matt 19:6; Mark 10:11~Matt 19:9; Mark 10:13~Matt 19:13,"ἀπὸ δὲ ἀρχῆς κτίσεως ἄρσεν καὶ θῆλυ ἐποίησεν ⸀αὐτούς· ἕνεκεν τούτου καταλείψει ἄνθρωπος τὸν πατέρα αὐτοῦ καὶ τὴν μητέρα ⸂καὶ προσκολληθήσεται πρὸς τὴν γυναῖκα αὐτοῦ⸃, καὶ ἔσονται οἱ δύο εἰς σάρκα μίαν· ὥστε οὐκέτι εἰσὶν δύο ἀλλὰ μία σάρξ·","ὁ δὲ ἀποκριθεὶς ⸀εἶπεν· Οὐκ ἀνέγνωτε ὅτι ὁ ⸀κτίσας ἀπʼ ἀρχῆς ἄρσεν καὶ θῆλυ ἐποίησεν αὐτοὺς καὶ εἶπεν· ⸀Ἕνεκα τούτου καταλείψει ἄνθρωπος τὸν πατέρα καὶ τὴν μητέρα καὶ ⸀κολληθήσεται τῇ γυναικὶ αὐτοῦ, καὶ ἔσονται οἱ δύο εἰς σάρκα μίαν; ὥστε οὐκέτι εἰσὶν δύο ἀλλὰ σὰρξ μία. ὃ οὖν ὁ θεὸς συνέζευξεν ἄνθρωπος μὴ χωριζέτω.",matthew_used_mark,Mark,Matthew,Mark 10:6–Mark 10:31,Matt 19:4–Matt 19:30,length_neutral; matt_additions; terminology_shift; matt_interposition,,"Span lengths are close (428 vs 486); neither direction is decided by block length alone. | Within the span Matthew has more unmatched verses (7 vs Mark 6), which fits added material or redistribution into the Matthean span. | Mark uses βασιλεία τοῦ θεοῦ (5) while Matthew uses βασιλεία τῶν οὐρανῶν (3); Mark→Matthew implies terminology substitution. | Before this block Matthew has an inserted/repositioned interval of 28 verses (Matt 18:10–Matt 19:3) compared with 8 in Mark.",Matthew has large additions/interpositions in adjacent gaps; low-score/reordered pairs require strong Matthean redaction model.,Matthean expansion/discourse clustering/fulfillment framing around Mark-like sequence.
Mark↔Matthew,18,Mark Mark 10:6–Mark 10:31 / Matt Matt 19:4–Matt 19:30,20,0.461435,26,27,6,7,428,486,8,28,target_addition_or_interposition,Mark 10:6–Mark 10:31,Matt 19:4–Matt 19:30,Mark 10:6~Matt 19:4; Mark 10:7~Matt 19:5; Mark 10:9~Matt 19:6; Mark 10:11~Matt 19:9; Mark 10:13~Matt 19:13,"ἀπὸ δὲ ἀρχῆς κτίσεως ἄρσεν καὶ θῆλυ ἐποίησεν ⸀αὐτούς· ἕνεκεν τούτου καταλείψει ἄνθρωπος τὸν πατέρα αὐτοῦ καὶ τὴν μητέρα ⸂καὶ προσκολληθήσεται πρὸς τὴν γυναῖκα αὐτοῦ⸃, καὶ ἔσονται οἱ δύο εἰς σάρκα μίαν· ὥστε οὐκέτι εἰσὶν δύο ἀλλὰ μία σάρξ·","ὁ δὲ ἀποκριθεὶς ⸀εἶπεν· Οὐκ ἀνέγνωτε ὅτι ὁ ⸀κτίσας ἀπʼ ἀρχῆς ἄρσεν καὶ θῆλυ ἐποίησεν αὐτοὺς καὶ εἶπεν· ⸀Ἕνεκα τούτου καταλείψει ἄνθρωπος τὸν πατέρα καὶ τὴν μητέρα καὶ ⸀κολληθήσεται τῇ γυναικὶ αὐτοῦ, καὶ ἔσονται οἱ δύο εἰς σάρκα μίαν; ὥστε οὐκέτι εἰσὶν δύο ἀλλὰ σὰρξ μία. ὃ οὖν ὁ θεὸς συνέζευξεν ἄνθρωπος μὴ χωριζέτω.",mark_used_matthew,Matthew,Mark,Matt 19:4–Matt 19:30,Mark 10:6–Mark 10:31,length_neutral; mark_omissions; terminology_shift; mark_nonuse_of_matt_gap,,"Span lengths are close (428 vs 486); neither direction is decided by block length alone. | Within the span Mark lacks 1 relative Matthean verses, which requires omission or stronger compression. | The same contrast requires Matthew→Mark to replace βασιλεία τῶν οὐρανῶν with βασιλεία τοῦ θεοῦ. | Before this block Mark lacks a Matthean interval of 28 verses (Matt 18:10–Matt 19:3); Matthew→Mark requires omission or non-use of that material.",Matthew has large source material that Mark must omit or ignore; cumulative omission burden is high.,Markan epitome/abbreviation with action-narrative focus and deliberate non-use of Matthean discourse expansions.
Mark↔Matthew,19,Mark Mark 10:32–Mark 11:17 / Matt Matt 20:17–Matt 21:13,28,0.453304,38,31,10,3,691,534,0,16,target_addition_or_interposition,Mark 10:32–Mark 11:17,Matt 20:17–Matt 21:13,Mark 10:32~Matt 20:17; Mark 10:33~Matt 20:18; Mark 10:34~Matt 20:19; Mark 10:35~Matt 20:20; Mark 10:37~Matt 20:21,"Ἦσαν δὲ ἐν τῇ ὁδῷ ἀναβαίνοντες εἰς Ἱεροσόλυμα, καὶ ἦν προάγων αὐτοὺς ὁ Ἰησοῦς, καὶ ἐθαμβοῦντο, ⸂οἱ δὲ⸃ ἀκολουθοῦντες ἐφοβοῦντο. καὶ παραλαβὼν πάλιν τοὺς δώδεκα ἤρξατο αὐτοῖς λέγειν τὰ μέλλοντα αὐτῷ συμβαίνειν ὅτι Ἰδοὺ ἀναβαίνομεν εἰς Ἱεροσόλυμα, καὶ ὁ υἱὸς τοῦ ἀνθρώπου παραδοθήσεται τοῖς ἀρχιερεῦσιν καὶ ⸀τοῖς γραμματεῦσιν, καὶ κατακρινοῦσιν αὐτὸν θανάτῳ καὶ παραδώσουσιν αὐτὸν τοῖς ἔθνεσιν καὶ ἐμπαίξουσιν αὐτῷ καὶ ⸂ἐμπτύσουσιν αὐτῷ καὶ μαστιγώσουσιν αὐτὸν⸃ καὶ ⸀ἀποκτενοῦσιν, καὶ ⸂μετὰ τρεῖς ἡμέρα …","⸂Καὶ ἀναβαίνων ὁ⸃ Ἰησοῦς εἰς Ἱεροσόλυμα παρέλαβεν τοὺς δώδεκα ⸀μαθητὰς κατʼ ἰδίαν, ⸂καὶ ἐν τῇ ὁδῷ⸃ εἶπεν αὐτοῖς· Ἰδοὺ ἀναβαίνομεν εἰς Ἱεροσόλυμα, καὶ ὁ υἱὸς τοῦ ἀνθρώπου παραδοθήσεται τοῖς ἀρχιερεῦσιν καὶ γραμματεῦσιν, καὶ κατακρινοῦσιν αὐτὸν θανάτῳ, καὶ παραδώσουσιν αὐτὸν τοῖς ἔθνεσιν εἰς τὸ ἐμπαῖξαι καὶ μαστιγῶσαι καὶ σταυρῶσαι, καὶ τῇ τρίτῃ ἡμέρᾳ ⸀ἐγερθήσεται.",matthew_used_mark,Mark,Matthew,Mark 10:32–Mark 11:17,Matt 20:17–Matt 21:13,abbreviation; matt_omissions; scripturalization; matt_interposition,,"Matthew span is shorter (534 vs 691); this requires abbreviation, omission, or simplification. | Within the span Mark has more unmatched verses (10 vs Matthew 3), which requires Matthew to compress, omit, or redistribute more material. | Matthew has more explicit scriptural markers in-span (2 vs 1); Mark→Matthew implies scripturalization or explicit citation. | Before this block Matthew has an inserted/repositioned interval of 16 verses (Matt 20:1–Matt 20:16) compared with 0 in Mark.",Matthew has large additions/interpositions in adjacent gaps; low-score/reordered pairs require strong Matthean redaction model.,Matthean expansion/discourse clustering/fulfillment framing around Mark-like sequence.
Mark↔Matthew,19,Mark Mark 10:32–Mark 11:17 / Matt Matt 20:17–Matt 21:13,28,0.453304,38,31,10,3,691,534,0,16,target_addition_or_interposition,Mark 10:32–Mark 11:17,Matt 20:17–Matt 21:13,Mark 10:32~Matt 20:17; Mark 10:33~Matt 20:18; Mark 10:34~Matt 20:19; Mark 10:35~Matt 20:20; Mark 10:37~Matt 20:21,"Ἦσαν δὲ ἐν τῇ ὁδῷ ἀναβαίνοντες εἰς Ἱεροσόλυμα, καὶ ἦν προάγων αὐτοὺς ὁ Ἰησοῦς, καὶ ἐθαμβοῦντο, ⸂οἱ δὲ⸃ ἀκολουθοῦντες ἐφοβοῦντο. καὶ παραλαβὼν πάλιν τοὺς δώδεκα ἤρξατο αὐτοῖς λέγειν τὰ μέλλοντα αὐτῷ συμβαίνειν ὅτι Ἰδοὺ ἀναβαίνομεν εἰς Ἱεροσόλυμα, καὶ ὁ υἱὸς τοῦ ἀνθρώπου παραδοθήσεται τοῖς ἀρχιερεῦσιν καὶ ⸀τοῖς γραμματεῦσιν, καὶ κατακρινοῦσιν αὐτὸν θανάτῳ καὶ παραδώσουσιν αὐτὸν τοῖς ἔθνεσιν καὶ ἐμπαίξουσιν αὐτῷ καὶ ⸂ἐμπτύσουσιν αὐτῷ καὶ μαστιγώσουσιν αὐτὸν⸃ καὶ ⸀ἀποκτενοῦσιν, καὶ ⸂μετὰ τρεῖς ἡμέρα …","⸂Καὶ ἀναβαίνων ὁ⸃ Ἰησοῦς εἰς Ἱεροσόλυμα παρέλαβεν τοὺς δώδεκα ⸀μαθητὰς κατʼ ἰδίαν, ⸂καὶ ἐν τῇ ὁδῷ⸃ εἶπεν αὐτοῖς· Ἰδοὺ ἀναβαίνομεν εἰς Ἱεροσόλυμα, καὶ ὁ υἱὸς τοῦ ἀνθρώπου παραδοθήσεται τοῖς ἀρχιερεῦσιν καὶ γραμματεῦσιν, καὶ κατακρινοῦσιν αὐτὸν θανάτῳ, καὶ παραδώσουσιν αὐτὸν τοῖς ἔθνεσιν εἰς τὸ ἐμπαῖξαι καὶ μαστιγῶσαι καὶ σταυρῶσαι, καὶ τῇ τρίτῃ ἡμέρᾳ ⸀ἐγερθήσεται.",mark_used_matthew,Matthew,Mark,Matt 20:17–Matt 21:13,Mark 10:32–Mark 11:17,expansion; mark_additions; descripturalization; mark_nonuse_of_matt_gap,,"Mark span is longer (691 vs 534); this requires expansion, vividization, or added detail. | Within the span Mark preserves more unmatched material (10 vs 3), which fits Markan expansion, retention, or de-grouping. | Matthew→Mark would require de-scripturalization or removal of explicit citation markers (2→1). | Before this block Mark lacks a Matthean interval of 16 verses (Matt 20:1–Matt 20:16); Matthew→Mark requires omission or non-use of that material.",Matthew has large source material that Mark must omit or ignore; cumulative omission burden is high.,Markan epitome/abbreviation with action-narrative focus and deliberate non-use of Matthean discourse expansions.
Mark↔Matthew,20,Mark Mark 11:21–Mark 12:10 / Matt Matt 21:20–Matt 21:42,17,0.468388,22,23,5,6,370,453,3,6,minor_gap_or_local_relocation,Mark 11:21–Mark 12:10,Matt 21:20–Matt 21:42,Mark 11:21~Matt 21:20; Mark 11:23~Matt 21:21; Mark 11:24~Matt 21:22; Mark 11:28~Matt 21:23; Mark 11:29~Matt 21:24,"καὶ ἀναμνησθεὶς ὁ Πέτρος λέγει αὐτῷ· Ῥαββί, ἴδε ἡ συκῆ ἣν κατηράσω ἐξήρανται. καὶ ἀποκριθεὶς ὁ Ἰησοῦς λέγει αὐτοῖς· Ἔχετε πίστιν θεοῦ· ⸀ἀμὴν λέγω ὑμῖν ὅτι ὃς ἂν εἴπῃ τῷ ὄρει τούτῳ· Ἄρθητι καὶ βλήθητι εἰς τὴν θάλασσαν, καὶ μὴ διακριθῇ ἐν τῇ καρδίᾳ αὐτοῦ ἀλλὰ ⸀πιστεύῃ ὅτι ⸂ὃ λαλεῖ γίνεται, ἔσται αὐτῷ⸃.","καὶ ἰδόντες οἱ μαθηταὶ ἐθαύμασαν λέγοντες· Πῶς παραχρῆμα ἐξηράνθη ἡ συκῆ; ἀποκριθεὶς δὲ ὁ Ἰησοῦς εἶπεν αὐτοῖς· Ἀμὴν λέγω ὑμῖν, ἐὰν ἔχητε πίστιν καὶ μὴ διακριθῆτε, οὐ μόνον τὸ τῆς συκῆς ποιήσετε, ἀλλὰ κἂν τῷ ὄρει τούτῳ εἴπητε· Ἄρθητι καὶ βλήθητι εἰς τὴν θάλασσαν, γενήσεται· καὶ πάντα ὅσα ⸀ἂν αἰτήσητε ἐν τῇ προσευχῇ πιστεύοντες λήμψεσθε.",matthew_used_mark,Mark,Matthew,Mark 11:21–Mark 12:10,Matt 21:20–Matt 21:42,expansion; matt_additions,,"Matthew span is longer (453 tokens vs 370); this requires expansion, insertion, or fuller retelling. | Within the span Matthew has more unmatched verses (6 vs Mark 5), which fits added material or redistribution into the Matthean span.",Local changes still require redactional explanation.,Matthean expansion/discourse clustering/fulfillment framing around Mark-like sequence.
Mark↔Matthew,20,Mark Mark 11:21–Mark 12:10 / Matt Matt 21:20–Matt 21:42,17,0.468388,22,23,5,6,370,453,3,6,minor_gap_or_local_relocation,Mark 11:21–Mark 12:10,Matt 21:20–Matt 21:42,Mark 11:21~Matt 21:20; Mark 11:23~Matt 21:21; Mark 11:24~Matt 21:22; Mark 11:28~Matt 21:23; Mark 11:29~Matt 21:24,"καὶ ἀναμνησθεὶς ὁ Πέτρος λέγει αὐτῷ· Ῥαββί, ἴδε ἡ συκῆ ἣν κατηράσω ἐξήρανται. καὶ ἀποκριθεὶς ὁ Ἰησοῦς λέγει αὐτοῖς· Ἔχετε πίστιν θεοῦ· ⸀ἀμὴν λέγω ὑμῖν ὅτι ὃς ἂν εἴπῃ τῷ ὄρει τούτῳ· Ἄρθητι καὶ βλήθητι εἰς τὴν θάλασσαν, καὶ μὴ διακριθῇ ἐν τῇ καρδίᾳ αὐτοῦ ἀλλὰ ⸀πιστεύῃ ὅτι ⸂ὃ λαλεῖ γίνεται, ἔσται αὐτῷ⸃.","καὶ ἰδόντες οἱ μαθηταὶ ἐθαύμασαν λέγοντες· Πῶς παραχρῆμα ἐξηράνθη ἡ συκῆ; ἀποκριθεὶς δὲ ὁ Ἰησοῦς εἶπεν αὐτοῖς· Ἀμὴν λέγω ὑμῖν, ἐὰν ἔχητε πίστιν καὶ μὴ διακριθῆτε, οὐ μόνον τὸ τῆς συκῆς ποιήσετε, ἀλλὰ κἂν τῷ ὄρει τούτῳ εἴπητε· Ἄρθητι καὶ βλήθητι εἰς τὴν θάλασσαν, γενήσεται· καὶ πάντα ὅσα ⸀ἂν αἰτήσητε ἐν τῇ προσευχῇ πιστεύοντες λήμψεσθε.",mark_used_matthew,Matthew,Mark,Matt 21:20–Matt 21:42,Mark 11:21–Mark 12:10,abbreviation; mark_omissions,,"Mark span is shorter (370 vs 453); this requires abbreviation, omission, or condensation. | Within the span Mark lacks 1 relative Matthean verses, which requires omission or stronger compression.",Markan roughness/vividness and shorter discourse structure remain counter-pressure.,Markan epitome/abbreviation with action-narrative focus and deliberate non-use of Matthean discourse expansions.
Mark↔Matthew,21,Mark Mark 12:13–Mark 12:37 / Matt Matt 22:15–Matt 22:45,20,0.411023,25,31,5,11,493,423,2,18,target_addition_or_interposition,Mark 12:13–Mark 12:37,Matt 22:15–Matt 22:45,Mark 12:13~Matt 22:15; Mark 12:14~Matt 22:16; Mark 12:15~Matt 22:18; Mark 12:16~Matt 22:20; Mark 12:17~Matt 22:21,"Καὶ ἀποστέλλουσιν πρὸς αὐτόν τινας τῶν Φαρισαίων καὶ τῶν Ἡρῳδιανῶν ἵνα αὐτὸν ἀγρεύσωσιν λόγῳ. ⸀καὶ ἐλθόντες λέγουσιν αὐτῷ· Διδάσκαλε, οἴδαμεν ὅτι ἀληθὴς εἶ καὶ οὐ μέλει σοι περὶ οὐδενός, οὐ γὰρ βλέπεις εἰς πρόσωπον ἀνθρώπων, ἀλλʼ ἐπʼ ἀληθείας τὴν ὁδὸν τοῦ θεοῦ διδάσκεις· ἔξεστιν ⸂δοῦναι κῆνσον Καίσαρι⸃ ἢ οὔ; δῶμεν ἢ μὴ δῶμεν; ὁ δὲ εἰδὼς αὐτῶν τὴν ὑπόκρισιν εἶπεν αὐτοῖς· Τί με πειράζετε; φέρετέ μοι δηνάριον ἵνα ἴδω.","Τότε πορευθέντες οἱ Φαρισαῖοι συμβούλιον ἔλαβον ὅπως αὐτὸν παγιδεύσωσιν ἐν λόγῳ. καὶ ἀποστέλλουσιν αὐτῷ τοὺς μαθητὰς αὐτῶν μετὰ τῶν Ἡρῳδιανῶν ⸀λέγοντες· Διδάσκαλε, οἴδαμεν ὅτι ἀληθὴς εἶ καὶ τὴν ὁδὸν τοῦ θεοῦ ἐν ἀληθείᾳ διδάσκεις, καὶ οὐ μέλει σοι περὶ οὐδενός, οὐ γὰρ βλέπεις εἰς πρόσωπον ἀνθρώπων· εἰπὸν οὖν ἡμῖν τί σοι δοκεῖ· ἔξεστιν δοῦναι κῆνσον Καίσαρι ἢ οὔ;",matthew_used_mark,Mark,Matthew,Mark 12:13–Mark 12:37,Matt 22:15–Matt 22:45,abbreviation; matt_additions; descripturalization; matt_interposition,,"Matthew span is shorter (423 vs 493); this requires abbreviation, omission, or simplification. | Within the span Matthew has more unmatched verses (11 vs Mark 5), which fits added material or redistribution into the Matthean span. | Mark has more scriptural markers in-span (1 vs 0); Mark→Matthew would require their reduction. | Before this block Matthew has an inserted/repositioned interval of 18 verses (Matt 21:43–Matt 22:14) compared with 2 in Mark.",Matthew has large additions/interpositions in adjacent gaps; low-score/reordered pairs require strong Matthean redaction model.,Matthean expansion/discourse clustering/fulfillment framing around Mark-like sequence.
Mark↔Matthew,21,Mark Mark 12:13–Mark 12:37 / Matt Matt 22:15–Matt 22:45,20,0.411023,25,31,5,11,493,423,2,18,target_addition_or_interposition,Mark 12:13–Mark 12:37,Matt 22:15–Matt 22:45,Mark 12:13~Matt 22:15; Mark 12:14~Matt 22:16; Mark 12:15~Matt 22:18; Mark 12:16~Matt 22:20; Mark 12:17~Matt 22:21,"Καὶ ἀποστέλλουσιν πρὸς αὐτόν τινας τῶν Φαρισαίων καὶ τῶν Ἡρῳδιανῶν ἵνα αὐτὸν ἀγρεύσωσιν λόγῳ. ⸀καὶ ἐλθόντες λέγουσιν αὐτῷ· Διδάσκαλε, οἴδαμεν ὅτι ἀληθὴς εἶ καὶ οὐ μέλει σοι περὶ οὐδενός, οὐ γὰρ βλέπεις εἰς πρόσωπον ἀνθρώπων, ἀλλʼ ἐπʼ ἀληθείας τὴν ὁδὸν τοῦ θεοῦ διδάσκεις· ἔξεστιν ⸂δοῦναι κῆνσον Καίσαρι⸃ ἢ οὔ; δῶμεν ἢ μὴ δῶμεν; ὁ δὲ εἰδὼς αὐτῶν τὴν ὑπόκρισιν εἶπεν αὐτοῖς· Τί με πειράζετε; φέρετέ μοι δηνάριον ἵνα ἴδω.","Τότε πορευθέντες οἱ Φαρισαῖοι συμβούλιον ἔλαβον ὅπως αὐτὸν παγιδεύσωσιν ἐν λόγῳ. καὶ ἀποστέλλουσιν αὐτῷ τοὺς μαθητὰς αὐτῶν μετὰ τῶν Ἡρῳδιανῶν ⸀λέγοντες· Διδάσκαλε, οἴδαμεν ὅτι ἀληθὴς εἶ καὶ τὴν ὁδὸν τοῦ θεοῦ ἐν ἀληθείᾳ διδάσκεις, καὶ οὐ μέλει σοι περὶ οὐδενός, οὐ γὰρ βλέπεις εἰς πρόσωπον ἀνθρώπων· εἰπὸν οὖν ἡμῖν τί σοι δοκεῖ· ἔξεστιν δοῦναι κῆνσον Καίσαρι ἢ οὔ;",mark_used_matthew,Matthew,Mark,Matt 22:15–Matt 22:45,Mark 12:13–Mark 12:37,expansion; mark_omissions; scripturalization; mark_nonuse_of_matt_gap,,"Mark span is longer (493 vs 423); this requires expansion, vividization, or added detail. | Within the span Mark lacks 6 relative Matthean verses, which requires omission or stronger compression. | Matthew→Mark would require added explicit citation markers (0→1). | Before this block Mark lacks a Matthean interval of 18 verses (Matt 21:43–Matt 22:14); Matthew→Mark requires omission or non-use of that material.",Matthew has large source material that Mark must omit or ignore; cumulative omission burden is high.,Markan epitome/abbreviation with action-narrative focus and deliberate non-use of Matthean discourse expansions.
Mark↔Matthew,22,Mark Mark 13:1–Mark 13:32 / Matt Matt 24:1–Matt 24:36,27,0.629637,32,36,5,9,539,585,7,39,target_addition_or_interposition,Mark 13:1–Mark 13:32,Matt 24:1–Matt 24:36,Mark 13:1~Matt 24:1; Mark 13:2~Matt 24:2; Mark 13:4~Matt 24:3; Mark 13:5~Matt 24:4; Mark 13:6~Matt 24:5,"Καὶ ἐκπορευομένου αὐτοῦ ἐκ τοῦ ἱεροῦ λέγει αὐτῷ εἷς τῶν μαθητῶν αὐτοῦ· Διδάσκαλε, ἴδε ποταποὶ λίθοι καὶ ποταπαὶ οἰκοδομαί. καὶ ὁ ⸀Ἰησοῦς εἶπεν αὐτῷ· Βλέπεις ταύτας τὰς μεγάλας οἰκοδομάς; οὐ μὴ ἀφεθῇ ⸀ὧδε λίθος ἐπὶ ⸀λίθον ὃς οὐ μὴ καταλυθῇ. Καὶ καθημένου αὐτοῦ εἰς τὸ Ὄρος τῶν Ἐλαιῶν κατέναντι τοῦ ἱεροῦ ⸀ἐπηρώτα αὐτὸν κατʼ ἰδίαν Πέτρος καὶ Ἰάκωβος καὶ Ἰωάννης καὶ Ἀνδρέας·","Καὶ ἐξελθὼν ὁ Ἰησοῦς ⸂ἀπὸ τοῦ ἱεροῦ ἐπορεύετο⸃, καὶ προσῆλθον οἱ μαθηταὶ αὐτοῦ ἐπιδεῖξαι αὐτῷ τὰς οἰκοδομὰς τοῦ ἱεροῦ· ὁ δὲ ⸀ἀποκριθεὶς εἶπεν αὐτοῖς· Οὐ βλέπετε ⸂ταῦτα πάντα⸃; ἀμὴν λέγω ὑμῖν, οὐ μὴ ἀφεθῇ ὧδε λίθος ἐπὶ λίθον ὃς οὐ καταλυθήσεται. Καθημένου δὲ αὐτοῦ ἐπὶ τοῦ Ὄρους τῶν Ἐλαιῶν προσῆλθον αὐτῷ οἱ μαθηταὶ κατʼ ἰδίαν λέγοντες· Εἰπὸν ἡμῖν πότε ταῦτα ἔσται, καὶ τί τὸ σημεῖον τῆς σῆς παρουσίας ⸀καὶ συντελείας τοῦ αἰῶνος.",matthew_used_mark,Mark,Matthew,Mark 13:1–Mark 13:32,Matt 24:1–Matt 24:36,length_neutral; matt_additions; tempo_intensification; matt_interposition,,"Span lengths are close (539 vs 585); neither direction is decided by block length alone. | Within the span Matthew has more unmatched verses (9 vs Mark 5), which fits added material or redistribution into the Matthean span. | Matthew has more tempo markers (1 vs 0); Mark→Matthew implies added pacing markers. | Before this block Matthew has an inserted/repositioned interval of 39 verses (Matt 22:46–Matt 23:39) compared with 7 in Mark.",Matthew has large additions/interpositions in adjacent gaps; low-score/reordered pairs require strong Matthean redaction model.,Matthean expansion/discourse clustering/fulfillment framing around Mark-like sequence.
Mark↔Matthew,22,Mark Mark 13:1–Mark 13:32 / Matt Matt 24:1–Matt 24:36,27,0.629637,32,36,5,9,539,585,7,39,target_addition_or_interposition,Mark 13:1–Mark 13:32,Matt 24:1–Matt 24:36,Mark 13:1~Matt 24:1; Mark 13:2~Matt 24:2; Mark 13:4~Matt 24:3; Mark 13:5~Matt 24:4; Mark 13:6~Matt 24:5,"Καὶ ἐκπορευομένου αὐτοῦ ἐκ τοῦ ἱεροῦ λέγει αὐτῷ εἷς τῶν μαθητῶν αὐτοῦ· Διδάσκαλε, ἴδε ποταποὶ λίθοι καὶ ποταπαὶ οἰκοδομαί. καὶ ὁ ⸀Ἰησοῦς εἶπεν αὐτῷ· Βλέπεις ταύτας τὰς μεγάλας οἰκοδομάς; οὐ μὴ ἀφεθῇ ⸀ὧδε λίθος ἐπὶ ⸀λίθον ὃς οὐ μὴ καταλυθῇ. Καὶ καθημένου αὐτοῦ εἰς τὸ Ὄρος τῶν Ἐλαιῶν κατέναντι τοῦ ἱεροῦ ⸀ἐπηρώτα αὐτὸν κατʼ ἰδίαν Πέτρος καὶ Ἰάκωβος καὶ Ἰωάννης καὶ Ἀνδρέας·","Καὶ ἐξελθὼν ὁ Ἰησοῦς ⸂ἀπὸ τοῦ ἱεροῦ ἐπορεύετο⸃, καὶ προσῆλθον οἱ μαθηταὶ αὐτοῦ ἐπιδεῖξαι αὐτῷ τὰς οἰκοδομὰς τοῦ ἱεροῦ· ὁ δὲ ⸀ἀποκριθεὶς εἶπεν αὐτοῖς· Οὐ βλέπετε ⸂ταῦτα πάντα⸃; ἀμὴν λέγω ὑμῖν, οὐ μὴ ἀφεθῇ ὧδε λίθος ἐπὶ λίθον ὃς οὐ καταλυθήσεται. Καθημένου δὲ αὐτοῦ ἐπὶ τοῦ Ὄρους τῶν Ἐλαιῶν προσῆλθον αὐτῷ οἱ μαθηταὶ κατʼ ἰδίαν λέγοντες· Εἰπὸν ἡμῖν πότε ταῦτα ἔσται, καὶ τί τὸ σημεῖον τῆς σῆς παρουσίας ⸀καὶ συντελείας τοῦ αἰῶνος.",mark_used_matthew,Matthew,Mark,Matt 24:1–Matt 24:36,Mark 13:1–Mark 13:32,length_neutral; mark_omissions; tempo_smoothing; mark_nonuse_of_matt_gap,,"Span lengths are close (539 vs 585); neither direction is decided by block length alone. | Within the span Mark lacks 4 relative Matthean verses, which requires omission or stronger compression. | Matthew has more tempo markers (1 vs 0); Matthew→Mark implies smoothing or removal of pacing markers. | Before this block Mark lacks a Matthean interval of 39 verses (Matt 22:46–Matt 23:39); Matthew→Mark requires omission or non-use of that material.",Matthew has large source material that Mark must omit or ignore; cumulative omission burden is high.,Markan epitome/abbreviation with action-narrative focus and deliberate non-use of Matthean discourse expansions.
Mark↔Matthew,23,Mark Mark 14:1–Mark 15:1 / Matt Matt 26:4–Matt 27:1,64,0.449605,73,73,9,9,1223,1211,5,64,target_addition_or_interposition,Mark 14:1–Mark 15:1,Matt 26:4–Matt 27:1,Mark 14:1~Matt 26:4; Mark 14:2~Matt 26:5; Mark 14:3~Matt 26:6; Mark 14:4~Matt 26:8; Mark 14:5~Matt 26:9,"Ἦν δὲ τὸ πάσχα καὶ τὰ ἄζυμα μετὰ δύο ἡμέρας. καὶ ἐζήτουν οἱ ἀρχιερεῖς καὶ οἱ γραμματεῖς πῶς αὐτὸν ἐν δόλῳ κρατήσαντες ἀποκτείνωσιν, ἔλεγον ⸀γάρ· Μὴ ἐν τῇ ἑορτῇ, μήποτε ⸂ἔσται θόρυβος⸃ τοῦ λαοῦ. Καὶ ὄντος αὐτοῦ ἐν Βηθανίᾳ ἐν τῇ οἰκίᾳ Σίμωνος τοῦ λεπροῦ κατακειμένου αὐτοῦ ἦλθεν γυνὴ ἔχουσα ἀλάβαστρον μύρου νάρδου πιστικῆς πολυτελοῦς· ⸀συντρίψασα ⸀τὴν ἀλάβαστρον κατέχεεν ⸀αὐτοῦ τῆς κεφαλῆς.","καὶ συνεβουλεύσαντο ἵνα τὸν Ἰησοῦν δόλῳ κρατήσωσιν καὶ ἀποκτείνωσιν· ἔλεγον δέ· Μὴ ἐν τῇ ἑορτῇ, ἵνα μὴ θόρυβος γένηται ἐν τῷ λαῷ. Τοῦ δὲ Ἰησοῦ γενομένου ἐν Βηθανίᾳ ἐν οἰκίᾳ Σίμωνος τοῦ λεπροῦ,",matthew_used_mark,Mark,Matthew,Mark 14:1–Mark 15:1,Matt 26:4–Matt 27:1,length_neutral; tempo_smoothing; scripturalization; matt_interposition,,Span lengths are close (1223 vs 1211); neither direction is decided by block length alone. | Mark has more tempo markers εὐθύς/εὐθέως in this span (4 vs 2); Mark→Matthew implies tempo smoothing or de-intensification. | Matthew has more explicit scriptural markers in-span (4 vs 3); Mark→Matthew implies scripturalization or explicit citation. | Before this block Matthew has an inserted/repositioned interval of 64 verses (Matt 24:37–Matt 26:3) compared with 5 in Mark.,Matthew has large additions/interpositions in adjacent gaps; low-score/reordered pairs require strong Matthean redaction model.,Matthean expansion/discourse clustering/fulfillment framing around Mark-like sequence.
Mark↔Matthew,23,Mark Mark 14:1–Mark 15:1 / Matt Matt 26:4–Matt 27:1,64,0.449605,73,73,9,9,1223,1211,5,64,target_addition_or_interposition,Mark 14:1–Mark 15:1,Matt 26:4–Matt 27:1,Mark 14:1~Matt 26:4; Mark 14:2~Matt 26:5; Mark 14:3~Matt 26:6; Mark 14:4~Matt 26:8; Mark 14:5~Matt 26:9,"Ἦν δὲ τὸ πάσχα καὶ τὰ ἄζυμα μετὰ δύο ἡμέρας. καὶ ἐζήτουν οἱ ἀρχιερεῖς καὶ οἱ γραμματεῖς πῶς αὐτὸν ἐν δόλῳ κρατήσαντες ἀποκτείνωσιν, ἔλεγον ⸀γάρ· Μὴ ἐν τῇ ἑορτῇ, μήποτε ⸂ἔσται θόρυβος⸃ τοῦ λαοῦ. Καὶ ὄντος αὐτοῦ ἐν Βηθανίᾳ ἐν τῇ οἰκίᾳ Σίμωνος τοῦ λεπροῦ κατακειμένου αὐτοῦ ἦλθεν γυνὴ ἔχουσα ἀλάβαστρον μύρου νάρδου πιστικῆς πολυτελοῦς· ⸀συντρίψασα ⸀τὴν ἀλάβαστρον κατέχεεν ⸀αὐτοῦ τῆς κεφαλῆς.","καὶ συνεβουλεύσαντο ἵνα τὸν Ἰησοῦν δόλῳ κρατήσωσιν καὶ ἀποκτείνωσιν· ἔλεγον δέ· Μὴ ἐν τῇ ἑορτῇ, ἵνα μὴ θόρυβος γένηται ἐν τῷ λαῷ. Τοῦ δὲ Ἰησοῦ γενομένου ἐν Βηθανίᾳ ἐν οἰκίᾳ Σίμωνος τοῦ λεπροῦ,",mark_used_matthew,Matthew,Mark,Matt 26:4–Matt 27:1,Mark 14:1–Mark 15:1,length_neutral; tempo_intensification; descripturalization; mark_nonuse_of_matt_gap,,Span lengths are close (1223 vs 1211); neither direction is decided by block length alone. | Mark has more tempo markers (4 vs 2); Matthew→Mark implies intensification or vividization. | Matthew→Mark would require de-scripturalization or removal of explicit citation markers (4→3). | Before this block Mark lacks a Matthean interval of 64 verses (Matt 24:37–Matt 26:3); Matthew→Mark requires omission or non-use of that material.,Matthew has large source material that Mark must omit or ignore; cumulative omission burden is high.,Markan epitome/abbreviation with action-narrative focus and deliberate non-use of Matthean discourse expansions.
Mark↔Matthew,24,Mark Mark 15:2–Mark 15:47 / Matt Matt 27:11–Matt 27:61,37,0.363253,45,51,8,14,646,776,0,9,target_addition_or_interposition,Mark 15:2–Mark 15:47,Matt 27:11–Matt 27:61,Mark 15:2~Matt 27:11; Mark 15:3~Matt 27:12; Mark 15:4~Matt 27:13; Mark 15:5~Matt 27:14; Mark 15:6~Matt 27:15,καὶ ἐπηρώτησεν αὐτὸν ὁ Πιλᾶτος· Σὺ εἶ ὁ βασιλεὺς τῶν Ἰουδαίων; ὁ δὲ ἀποκριθεὶς ⸂αὐτῷ λέγει⸃· Σὺ λέγεις. καὶ κατηγόρουν αὐτοῦ οἱ ἀρχιερεῖς πολλά. ὁ δὲ Πιλᾶτος πάλιν ⸀ἐπηρώτα αὐτὸν λέγων· Οὐκ ἀποκρίνῃ οὐδέν; ἴδε πόσα σου ⸀κατηγοροῦσιν.,Ὁ δὲ Ἰησοῦς ⸀ἐστάθη ἔμπροσθεν τοῦ ἡγεμόνος· καὶ ἐπηρώτησεν αὐτὸν ὁ ἡγεμὼν λέγων· Σὺ εἶ ὁ βασιλεὺς τῶν Ἰουδαίων; ὁ δὲ Ἰησοῦς ⸀ἔφη· Σὺ λέγεις. καὶ ἐν τῷ κατηγορεῖσθαι αὐτὸν ὑπὸ τῶν ἀρχιερέων ⸀καὶ πρεσβυτέρων οὐδὲν ἀπεκρίνατο. τότε λέγει αὐτῷ ὁ Πιλᾶτος· Οὐκ ἀκούεις πόσα σου καταμαρτυροῦσιν;,matthew_used_mark,Mark,Matthew,Mark 15:2–Mark 15:47,Matt 27:11–Matt 27:61,expansion; matt_additions; tempo_intensification; scripturalization; matt_interposition,,"Matthew span is longer (776 tokens vs 646); this requires expansion, insertion, or fuller retelling. | Within the span Matthew has more unmatched verses (14 vs Mark 8), which fits added material or redistribution into the Matthean span. | Matthew has more tempo markers (1 vs 0); Mark→Matthew implies added pacing markers. | Matthew has more explicit scriptural markers in-span (1 vs 0); Mark→Matthew implies scripturalization or explicit citation. | Before this block Matthew has an inserted/repositioned interval of 9 verses (Matt 27:2–Matt 27:10) compared with 0 in Mark.",Matthew has large additions/interpositions in adjacent gaps; low-score/reordered pairs require strong Matthean redaction model.,Matthean expansion/discourse clustering/fulfillment framing around Mark-like sequence.
Mark↔Matthew,24,Mark Mark 15:2–Mark 15:47 / Matt Matt 27:11–Matt 27:61,37,0.363253,45,51,8,14,646,776,0,9,target_addition_or_interposition,Mark 15:2–Mark 15:47,Matt 27:11–Matt 27:61,Mark 15:2~Matt 27:11; Mark 15:3~Matt 27:12; Mark 15:4~Matt 27:13; Mark 15:5~Matt 27:14; Mark 15:6~Matt 27:15,καὶ ἐπηρώτησεν αὐτὸν ὁ Πιλᾶτος· Σὺ εἶ ὁ βασιλεὺς τῶν Ἰουδαίων; ὁ δὲ ἀποκριθεὶς ⸂αὐτῷ λέγει⸃· Σὺ λέγεις. καὶ κατηγόρουν αὐτοῦ οἱ ἀρχιερεῖς πολλά. ὁ δὲ Πιλᾶτος πάλιν ⸀ἐπηρώτα αὐτὸν λέγων· Οὐκ ἀποκρίνῃ οὐδέν; ἴδε πόσα σου ⸀κατηγοροῦσιν.,Ὁ δὲ Ἰησοῦς ⸀ἐστάθη ἔμπροσθεν τοῦ ἡγεμόνος· καὶ ἐπηρώτησεν αὐτὸν ὁ ἡγεμὼν λέγων· Σὺ εἶ ὁ βασιλεὺς τῶν Ἰουδαίων; ὁ δὲ Ἰησοῦς ⸀ἔφη· Σὺ λέγεις. καὶ ἐν τῷ κατηγορεῖσθαι αὐτὸν ὑπὸ τῶν ἀρχιερέων ⸀καὶ πρεσβυτέρων οὐδὲν ἀπεκρίνατο. τότε λέγει αὐτῷ ὁ Πιλᾶτος· Οὐκ ἀκούεις πόσα σου καταμαρτυροῦσιν;,mark_used_matthew,Matthew,Mark,Matt 27:11–Matt 27:61,Mark 15:2–Mark 15:47,abbreviation; mark_omissions; tempo_smoothing; descripturalization; mark_nonuse_of_matt_gap,,"Mark span is shorter (646 vs 776); this requires abbreviation, omission, or condensation. | Within the span Mark lacks 6 relative Matthean verses, which requires omission or stronger compression. | Matthew has more tempo markers (1 vs 0); Matthew→Mark implies smoothing or removal of pacing markers. | Matthew→Mark would require de-scripturalization or removal of explicit citation markers (1→0). | Before this block Mark lacks a Matthean interval of 9 verses (Matt 27:2–Matt 27:10); Matthew→Mark requires omission or non-use of that material.",Matthew has large source material that Mark must omit or ignore; cumulative omission burden is high.,Markan epitome/abbreviation with action-narrative focus and deliberate non-use of Matthean discourse expansions.
Mark↔Matthew,25,Mark Mark 16:6–Mark 16:7 / Matt Matt 28:6–Matt 28:7,2,0.386416,2,2,0,0,43,38,5,10,minor_gap_or_local_relocation,Mark 16:6–Mark 16:7,Matt 28:6–Matt 28:7,Mark 16:6~Matt 28:6; Mark 16:7~Matt 28:7,"ὁ δὲ λέγει αὐταῖς· Μὴ ἐκθαμβεῖσθε· Ἰησοῦν ζητεῖτε τὸν Ναζαρηνὸν τὸν ἐσταυρωμένον· ἠγέρθη, οὐκ ἔστιν ὧδε· ἴδε ὁ τόπος ὅπου ἔθηκαν αὐτόν· ἀλλὰ ὑπάγετε εἴπατε τοῖς μαθηταῖς αὐτοῦ καὶ τῷ Πέτρῳ ὅτι Προάγει ὑμᾶς εἰς τὴν Γαλιλαίαν· ἐκεῖ αὐτὸν ὄψεσθε, καθὼς εἶπεν ὑμῖν.","οὐκ ἔστιν ὧδε, ἠγέρθη γὰρ καθὼς εἶπεν· δεῦτε ἴδετε τὸν τόπον ὅπου ⸀ἔκειτο· καὶ ταχὺ πορευθεῖσαι εἴπατε τοῖς μαθηταῖς αὐτοῦ ὅτι Ἠγέρθη ἀπὸ τῶν νεκρῶν, καὶ ἰδοὺ προάγει ὑμᾶς εἰς τὴν Γαλιλαίαν, ἐκεῖ αὐτὸν ὄψεσθε· ἰδοὺ εἶπον ὑμῖν.",matthew_used_mark,Mark,Matthew,Mark 16:6–Mark 16:7,Matt 28:6–Matt 28:7,length_neutral; verbal_smoothing,,Span lengths are close (43 vs 38); neither direction is decided by block length alone. | Mark has a higher present-indicative ratio in the span (0.5 vs 0.25); Mark→Matthew fits verbal smoothing away from present-tense vividness.,Matthew has large additions/interpositions in adjacent gaps; low-score/reordered pairs require strong Matthean redaction model.,Matthean expansion/discourse clustering/fulfillment framing around Mark-like sequence.
Mark↔Matthew,25,Mark Mark 16:6–Mark 16:7 / Matt Matt 28:6–Matt 28:7,2,0.386416,2,2,0,0,43,38,5,10,minor_gap_or_local_relocation,Mark 16:6–Mark 16:7,Matt 28:6–Matt 28:7,Mark 16:6~Matt 28:6; Mark 16:7~Matt 28:7,"ὁ δὲ λέγει αὐταῖς· Μὴ ἐκθαμβεῖσθε· Ἰησοῦν ζητεῖτε τὸν Ναζαρηνὸν τὸν ἐσταυρωμένον· ἠγέρθη, οὐκ ἔστιν ὧδε· ἴδε ὁ τόπος ὅπου ἔθηκαν αὐτόν· ἀλλὰ ὑπάγετε εἴπατε τοῖς μαθηταῖς αὐτοῦ καὶ τῷ Πέτρῳ ὅτι Προάγει ὑμᾶς εἰς τὴν Γαλιλαίαν· ἐκεῖ αὐτὸν ὄψεσθε, καθὼς εἶπεν ὑμῖν.","οὐκ ἔστιν ὧδε, ἠγέρθη γὰρ καθὼς εἶπεν· δεῦτε ἴδετε τὸν τόπον ὅπου ⸀ἔκειτο· καὶ ταχὺ πορευθεῖσαι εἴπατε τοῖς μαθηταῖς αὐτοῦ ὅτι Ἠγέρθη ἀπὸ τῶν νεκρῶν, καὶ ἰδοὺ προάγει ὑμᾶς εἰς τὴν Γαλιλαίαν, ἐκεῖ αὐτὸν ὄψεσθε· ἰδοὺ εἶπον ὑμῖν.",mark_used_matthew,Matthew,Mark,Matt 28:6–Matt 28:7,Mark 16:6–Mark 16:7,length_neutral; verbal_vividization,,Span lengths are close (43 vs 38); neither direction is decided by block length alone. | Matthew→Mark would require present-tense vividization (0.25→0.5).,Markan roughness/vividness and shorter discourse structure remain counter-pressure.,Markan epitome/abbreviation with action-narrative focus and deliberate non-use of Matthean discourse expansions.
