pair,block_id,block_label,pair_count,avg_score,matt_span_verse_count,luke_span_verse_count,matt_range,luke_range,representative_primary_pairs,source_text_preview,target_text_preview,direction_id,source,target,source_range,target_range,operations,burden_score,required_explanations,contrary_evidence,plausible_response_model
Matthew↔Luke,1,Matt 1:21–Matt 1:21 / Luke 1:13–Luke 1:13,1,0.181643,1,1,Matt 1:21–Matt 1:21,Luke 1:13–Luke 1:13,,"τέξεται δὲ υἱὸν καὶ καλέσεις τὸ ὄνομα αὐτοῦ Ἰησοῦν, αὐτὸς γὰρ σώσει τὸν λαὸν αὐτοῦ ἀπὸ τῶν ἁμαρτιῶν αὐτῶν.","εἶπεν δὲ πρὸς αὐτὸν ὁ ἄγγελος· Μὴ φοβοῦ, Ζαχαρία, διότι εἰσηκούσθη ἡ δέησίς σου, καὶ ἡ γυνή σου Ἐλισάβετ γεννήσει υἱόν σοι, καὶ καλέσεις τὸ ὄνομα αὐτοῦ Ἰωάννην·",luke_used_matthew,Matthew,Luke,Matt 1:21–Matt 1:21,Luke 1:13–Luke 1:13,expansion,0.898,Luke later would need to expand or clarify some material (0 Luke-only vs 0 Matt-only verses in-block).,"After Markan masking, common sayings/tradition has lower burden; direct use requires explaining Lukan redistribution of Matthean clusters.","Luke deliberately disperses, abbreviates, and de-Mattheanizes Matthean sayings into Lukan narrative/travel contexts."
Matthew↔Luke,1,Matt 1:21–Matt 1:21 / Luke 1:13–Luke 1:13,1,0.181643,1,1,Matt 1:21–Matt 1:21,Luke 1:13–Luke 1:13,,"τέξεται δὲ υἱὸν καὶ καλέσεις τὸ ὄνομα αὐτοῦ Ἰησοῦν, αὐτὸς γὰρ σώσει τὸν λαὸν αὐτοῦ ἀπὸ τῶν ἁμαρτιῶν αὐτῶν.","εἶπεν δὲ πρὸς αὐτὸν ὁ ἄγγελος· Μὴ φοβοῦ, Ζαχαρία, διότι εἰσηκούσθη ἡ δέησίς σου, καὶ ἡ γυνή σου Ἐλισάβετ γεννήσει υἱόν σοι, καὶ καλέσεις τὸ ὄνομα αὐτοῦ Ἰωάννην·",matthew_used_luke,Luke,Matthew,Luke 1:13–Luke 1:13,Matt 1:21–Matt 1:21,expansion,1.148,Matthew span is longer here (19 vs 28 tokens) and/or leaves more Lukan span material unmatched (0 Luke-only vs 0 Matt-only verses).,"After Markan masking, common sayings/tradition has lower burden; direct use requires explaining Matthean clustering/fulfillment additions.",Matthew relocates Lukan/Luke-like sayings into large discourses and overlays Matthean fulfillment/Jewish-teaching structure.
Matthew↔Luke,2,Matt 1:23–Matt 1:25 / Luke 1:27–Luke 1:31,2,0.376184,3,5,Matt 1:23–Matt 1:25,Luke 1:27–Luke 1:31,,"Ἰδοὺ ἡ παρθένος ἐν γαστρὶ ἕξει καὶ τέξεται υἱόν, καὶ καλέσουσιν τὸ ὄνομα αὐτοῦ Ἐμμανουήλ· ὅ ἐστιν μεθερμηνευόμενον Μεθʼ ἡμῶν ὁ θεός. ⸀ἐγερθεὶς δὲ ὁ Ἰωσὴφ ἀπὸ τοῦ ὕπνου ἐποίησεν ὡς προσέταξεν αὐτῷ ὁ ἄγγελος κυρίου καὶ παρέλαβεν τὴν γυναῖκα αὐτοῦ· καὶ οὐκ ἐγίνωσκεν αὐτὴν ἕως οὗ ἔτεκεν ⸀υἱόν· καὶ ἐκάλεσεν τὸ ὄνομα αὐτοῦ Ἰησοῦν.","πρὸς παρθένον ⸀ἐμνηστευμένην ἀνδρὶ ᾧ ὄνομα Ἰωσὴφ ἐξ οἴκου Δαυίδ, καὶ τὸ ὄνομα τῆς παρθένου Μαριάμ. καὶ ⸀εἰσελθὼν πρὸς αὐτὴν εἶπεν· Χαῖρε, κεχαριτωμένη, ὁ κύριος μετὰ ⸀σοῦ. ἡ δὲ ⸂ἐπὶ τῷ λόγῳ διεταράχθη⸃ καὶ διελογίζετο ποταπὸς εἴη ὁ ἀσπασμὸς οὗτος.",luke_used_matthew,Matthew,Luke,Matt 1:23–Matt 1:25,Luke 1:27–Luke 1:31,expansion; lexical_paraphrase; reordering_or_redistribution,0.584,"Luke later would need to expand or clarify some material (3 Luke-only vs 1 Matt-only verses in-block). | The matched pairs carry 7 lemma-level replacements, so direct dependence would require substantial lexical rewriting. | This block is under order pressure: 1 primary pairs show local reordering and 7 secondary echoes touch the block.","After Markan masking, common sayings/tradition has lower burden; direct use requires explaining Lukan redistribution of Matthean clusters.","Luke deliberately disperses, abbreviates, and de-Mattheanizes Matthean sayings into Lukan narrative/travel contexts."
Matthew↔Luke,2,Matt 1:23–Matt 1:25 / Luke 1:27–Luke 1:31,2,0.376184,3,5,Matt 1:23–Matt 1:25,Luke 1:27–Luke 1:31,,"Ἰδοὺ ἡ παρθένος ἐν γαστρὶ ἕξει καὶ τέξεται υἱόν, καὶ καλέσουσιν τὸ ὄνομα αὐτοῦ Ἐμμανουήλ· ὅ ἐστιν μεθερμηνευόμενον Μεθʼ ἡμῶν ὁ θεός. ⸀ἐγερθεὶς δὲ ὁ Ἰωσὴφ ἀπὸ τοῦ ὕπνου ἐποίησεν ὡς προσέταξεν αὐτῷ ὁ ἄγγελος κυρίου καὶ παρέλαβεν τὴν γυναῖκα αὐτοῦ· καὶ οὐκ ἐγίνωσκεν αὐτὴν ἕως οὗ ἔτεκεν ⸀υἱόν· καὶ ἐκάλεσεν τὸ ὄνομα αὐτοῦ Ἰησοῦν.","πρὸς παρθένον ⸀ἐμνηστευμένην ἀνδρὶ ᾧ ὄνομα Ἰωσὴφ ἐξ οἴκου Δαυίδ, καὶ τὸ ὄνομα τῆς παρθένου Μαριάμ. καὶ ⸀εἰσελθὼν πρὸς αὐτὴν εἶπεν· Χαῖρε, κεχαριτωμένη, ὁ κύριος μετὰ ⸀σοῦ. ἡ δὲ ⸂ἐπὶ τῷ λόγῳ διεταράχθη⸃ καὶ διελογίζετο ποταπὸς εἴη ὁ ἀσπασμὸς οὗτος.",matthew_used_luke,Luke,Matthew,Luke 1:27–Luke 1:31,Matt 1:23–Matt 1:25,expansion; lexical_paraphrase; reordering_or_redistribution,1.111,"Matthew span is longer here (55 vs 68 tokens) and/or leaves more Lukan span material unmatched (3 Luke-only vs 1 Matt-only verses). | The matched pairs carry 7 lemma-level replacements, so direct dependence would require substantial lexical rewriting. | This block is under order pressure: 1 primary pairs show local reordering and 7 secondary echoes touch the block.","After Markan masking, common sayings/tradition has lower burden; direct use requires explaining Matthean clustering/fulfillment additions.",Matthew relocates Lukan/Luke-like sayings into large discourses and overlays Matthean fulfillment/Jewish-teaching structure.
Matthew↔Luke,3,Matt 2:10–Matt 2:10 / Luke 2:10–Luke 2:10,1,0.180106,1,1,Matt 2:10–Matt 2:10,Luke 2:10–Luke 2:10,,ἰδόντες δὲ τὸν ἀστέρα ἐχάρησαν χαρὰν μεγάλην σφόδρα.,"καὶ εἶπεν αὐτοῖς ὁ ἄγγελος· Μὴ φοβεῖσθε, ἰδοὺ γὰρ εὐαγγελίζομαι ὑμῖν χαρὰν μεγάλην ἥτις ἔσται παντὶ τῷ λαῷ,",luke_used_matthew,Matthew,Luke,Matt 2:10–Matt 2:10,Luke 2:10–Luke 2:10,expansion,0.836,Luke later would need to expand or clarify some material (0 Luke-only vs 0 Matt-only verses in-block).,"After Markan masking, common sayings/tradition has lower burden; direct use requires explaining Lukan redistribution of Matthean clusters.","Luke deliberately disperses, abbreviates, and de-Mattheanizes Matthean sayings into Lukan narrative/travel contexts."
Matthew↔Luke,3,Matt 2:10–Matt 2:10 / Luke 2:10–Luke 2:10,1,0.180106,1,1,Matt 2:10–Matt 2:10,Luke 2:10–Luke 2:10,,ἰδόντες δὲ τὸν ἀστέρα ἐχάρησαν χαρὰν μεγάλην σφόδρα.,"καὶ εἶπεν αὐτοῖς ὁ ἄγγελος· Μὴ φοβεῖσθε, ἰδοὺ γὰρ εὐαγγελίζομαι ὑμῖν χαρὰν μεγάλην ἥτις ἔσται παντὶ τῷ λαῷ,",matthew_used_luke,Luke,Matthew,Luke 2:10–Luke 2:10,Matt 2:10–Matt 2:10,expansion,1.113,Matthew span is longer here (8 vs 18 tokens) and/or leaves more Lukan span material unmatched (0 Luke-only vs 0 Matt-only verses).,"After Markan masking, common sayings/tradition has lower burden; direct use requires explaining Matthean clustering/fulfillment additions.",Matthew relocates Lukan/Luke-like sayings into large discourses and overlays Matthean fulfillment/Jewish-teaching structure.
Matthew↔Luke,4,Matt 3:3–Matt 3:17 / Luke 3:4–Luke 3:22,8,0.609856,15,19,Matt 3:3–Matt 3:17,Luke 3:4–Luke 3:22,,"οὗτος γάρ ἐστιν ὁ ῥηθεὶς ⸀διὰ Ἠσαΐου τοῦ προφήτου λέγοντος· Φωνὴ βοῶντος ἐν τῇ ἐρήμῳ· Ἑτοιμάσατε τὴν ὁδὸν κυρίου, εὐθείας ποιεῖτε τὰς τρίβους αὐτοῦ. αὐτὸς δὲ ὁ Ἰωάννης εἶχεν τὸ ἔνδυμα αὐτοῦ ἀπὸ τριχῶν καμήλου καὶ ζώνην δερματίνην περὶ τὴν ὀσφὺν αὐτοῦ, ἡ δὲ τροφὴ ⸂ἦν αὐτοῦ⸃ ἀκρίδες καὶ μέλι ἄγριον. τότε ἐξεπορεύετο πρὸς αὐτὸν Ἱεροσόλυμα καὶ πᾶσα ἡ Ἰουδαία καὶ πᾶσα ἡ περίχωρος τοῦ Ἰορδάνου,","ὡς γέγραπται ἐν βίβλῳ λόγων Ἠσαΐου τοῦ ⸀προφήτου· Φωνὴ βοῶντος ἐν τῇ ἐρήμῳ· Ἑτοιμάσατε τὴν ὁδὸν κυρίου, εὐθείας ποιεῖτε τὰς τρίβους αὐτοῦ. πᾶσα φάραγξ πληρωθήσεται καὶ πᾶν ὄρος καὶ βουνὸς ταπεινωθήσεται, καὶ ἔσται τὰ σκολιὰ εἰς ⸀εὐθείαν καὶ αἱ τραχεῖαι εἰς ὁδοὺς λείας· καὶ ὄψεται πᾶσα σὰρξ τὸ σωτήριον τοῦ θεοῦ.",luke_used_matthew,Matthew,Luke,Matt 3:3–Matt 3:17,Luke 3:4–Luke 3:22,expansion; lexical_paraphrase; reordering_or_redistribution; matthean_diction_reduced,1.548,"Luke later would need to expand or clarify some material (11 Luke-only vs 7 Matt-only verses in-block). | The matched pairs carry 23 lemma-level replacements, so direct dependence would require substantial lexical rewriting. | This block is under order pressure: 1 primary pairs show local reordering and 32 secondary echoes touch the block. | Matthew-specific diction is heavier in this block, so Luke later would be reducing some Matthean phrasing if direct dependence is assumed.","After Markan masking, common sayings/tradition has lower burden; direct use requires explaining Lukan redistribution of Matthean clusters.","Luke deliberately disperses, abbreviates, and de-Mattheanizes Matthean sayings into Lukan narrative/travel contexts."
Matthew↔Luke,4,Matt 3:3–Matt 3:17 / Luke 3:4–Luke 3:22,8,0.609856,15,19,Matt 3:3–Matt 3:17,Luke 3:4–Luke 3:22,,"οὗτος γάρ ἐστιν ὁ ῥηθεὶς ⸀διὰ Ἠσαΐου τοῦ προφήτου λέγοντος· Φωνὴ βοῶντος ἐν τῇ ἐρήμῳ· Ἑτοιμάσατε τὴν ὁδὸν κυρίου, εὐθείας ποιεῖτε τὰς τρίβους αὐτοῦ. αὐτὸς δὲ ὁ Ἰωάννης εἶχεν τὸ ἔνδυμα αὐτοῦ ἀπὸ τριχῶν καμήλου καὶ ζώνην δερματίνην περὶ τὴν ὀσφὺν αὐτοῦ, ἡ δὲ τροφὴ ⸂ἦν αὐτοῦ⸃ ἀκρίδες καὶ μέλι ἄγριον. τότε ἐξεπορεύετο πρὸς αὐτὸν Ἱεροσόλυμα καὶ πᾶσα ἡ Ἰουδαία καὶ πᾶσα ἡ περίχωρος τοῦ Ἰορδάνου,","ὡς γέγραπται ἐν βίβλῳ λόγων Ἠσαΐου τοῦ ⸀προφήτου· Φωνὴ βοῶντος ἐν τῇ ἐρήμῳ· Ἑτοιμάσατε τὴν ὁδὸν κυρίου, εὐθείας ποιεῖτε τὰς τρίβους αὐτοῦ. πᾶσα φάραγξ πληρωθήσεται καὶ πᾶν ὄρος καὶ βουνὸς ταπεινωθήσεται, καὶ ἔσται τὰ σκολιὰ εἰς ⸀εὐθείαν καὶ αἱ τραχεῖαι εἰς ὁδοὺς λείας· καὶ ὄψεται πᾶσα σὰρξ τὸ σωτήριον τοῦ θεοῦ.",matthew_used_luke,Luke,Matthew,Luke 3:4–Luke 3:22,Matt 3:3–Matt 3:17,expansion; lexical_paraphrase; reordering_or_redistribution,3.326,"Matthew span is longer here (307 vs 359 tokens) and/or leaves more Lukan span material unmatched (11 Luke-only vs 7 Matt-only verses). | The matched pairs carry 23 lemma-level replacements, so direct dependence would require substantial lexical rewriting. | This block is under order pressure: 1 primary pairs show local reordering and 32 secondary echoes touch the block.","After Markan masking, common sayings/tradition has lower burden; direct use requires explaining Matthean clustering/fulfillment additions.",Matthew relocates Lukan/Luke-like sayings into large discourses and overlays Matthean fulfillment/Jewish-teaching structure.
Matthew↔Luke,5,Matt 4:1–Matt 4:7 / Luke 4:1–Luke 4:12,7,0.404949,7,12,Matt 4:1–Matt 4:7,Luke 4:1–Luke 4:12,,"Τότε ὁ Ἰησοῦς ἀνήχθη εἰς τὴν ἔρημον ὑπὸ τοῦ πνεύματος, πειρασθῆναι ὑπὸ τοῦ διαβόλου. καὶ νηστεύσας ἡμέρας τεσσεράκοντα καὶ νύκτας τεσσεράκοντα ὕστερον ἐπείνασεν. καὶ προσελθὼν ⸂ὁ πειράζων εἶπεν αὐτῷ⸃· Εἰ υἱὸς εἶ τοῦ θεοῦ, εἰπὲ ἵνα οἱ λίθοι οὗτοι ἄρτοι γένωνται.","Ἰησοῦς δὲ ⸂πλήρης πνεύματος ἁγίου⸃ ὑπέστρεψεν ἀπὸ τοῦ Ἰορδάνου, καὶ ἤγετο ἐν τῷ πνεύματι ⸂ἐν τῇ ἐρήμῳ⸃ ἡμέρας τεσσεράκοντα πειραζόμενος ὑπὸ τοῦ διαβόλου. καὶ οὐκ ἔφαγεν οὐδὲν ἐν ταῖς ἡμέραις ἐκείναις, καὶ συντελεσθεισῶν ⸀αὐτῶν ἐπείνασεν. ⸂εἶπεν δὲ⸃ αὐτῷ ὁ διάβολος· Εἰ υἱὸς εἶ τοῦ θεοῦ, εἰπὲ τῷ λίθῳ τούτῳ ἵνα γένηται ἄρτος.",luke_used_matthew,Matthew,Luke,Matt 4:1–Matt 4:7,Luke 4:1–Luke 4:12,expansion; lexical_paraphrase; reordering_or_redistribution; matthean_diction_reduced,1.253,"Luke later would need to expand or clarify some material (5 Luke-only vs 0 Matt-only verses in-block). | The matched pairs carry 17 lemma-level replacements, so direct dependence would require substantial lexical rewriting. | This block is under order pressure: 2 primary pairs show local reordering and 21 secondary echoes touch the block. | Matthew-specific diction is heavier in this block, so Luke later would be reducing some Matthean phrasing if direct dependence is assumed.","After Markan masking, common sayings/tradition has lower burden; direct use requires explaining Lukan redistribution of Matthean clusters.","Luke deliberately disperses, abbreviates, and de-Mattheanizes Matthean sayings into Lukan narrative/travel contexts."
Matthew↔Luke,5,Matt 4:1–Matt 4:7 / Luke 4:1–Luke 4:12,7,0.404949,7,12,Matt 4:1–Matt 4:7,Luke 4:1–Luke 4:12,,"Τότε ὁ Ἰησοῦς ἀνήχθη εἰς τὴν ἔρημον ὑπὸ τοῦ πνεύματος, πειρασθῆναι ὑπὸ τοῦ διαβόλου. καὶ νηστεύσας ἡμέρας τεσσεράκοντα καὶ νύκτας τεσσεράκοντα ὕστερον ἐπείνασεν. καὶ προσελθὼν ⸂ὁ πειράζων εἶπεν αὐτῷ⸃· Εἰ υἱὸς εἶ τοῦ θεοῦ, εἰπὲ ἵνα οἱ λίθοι οὗτοι ἄρτοι γένωνται.","Ἰησοῦς δὲ ⸂πλήρης πνεύματος ἁγίου⸃ ὑπέστρεψεν ἀπὸ τοῦ Ἰορδάνου, καὶ ἤγετο ἐν τῷ πνεύματι ⸂ἐν τῇ ἐρήμῳ⸃ ἡμέρας τεσσεράκοντα πειραζόμενος ὑπὸ τοῦ διαβόλου. καὶ οὐκ ἔφαγεν οὐδὲν ἐν ταῖς ἡμέραις ἐκείναις, καὶ συντελεσθεισῶν ⸀αὐτῶν ἐπείνασεν. ⸂εἶπεν δὲ⸃ αὐτῷ ὁ διάβολος· Εἰ υἱὸς εἶ τοῦ θεοῦ, εἰπὲ τῷ λίθῳ τούτῳ ἵνα γένηται ἄρτος.",matthew_used_luke,Luke,Matthew,Luke 4:1–Luke 4:12,Matt 4:1–Matt 4:7,expansion; lexical_paraphrase; reordering_or_redistribution,3.614,"Matthew span is longer here (122 vs 192 tokens) and/or leaves more Lukan span material unmatched (5 Luke-only vs 0 Matt-only verses). | The matched pairs carry 17 lemma-level replacements, so direct dependence would require substantial lexical rewriting. | This block is under order pressure: 2 primary pairs show local reordering and 21 secondary echoes touch the block.","After Markan masking, common sayings/tradition has lower burden; direct use requires explaining Matthean clustering/fulfillment additions.",Matthew relocates Lukan/Luke-like sayings into large discourses and overlays Matthean fulfillment/Jewish-teaching structure.
Matthew↔Luke,6,Matt 4:23–Matt 4:23 / Luke 4:15–Luke 4:15,1,0.237035,1,1,Matt 4:23–Matt 4:23,Luke 4:15–Luke 4:15,,"Καὶ περιῆγεν ⸂ἐν ὅλῃ τῇ Γαλιλαίᾳ⸃, διδάσκων ἐν ταῖς συναγωγαῖς αὐτῶν καὶ κηρύσσων τὸ εὐαγγέλιον τῆς βασιλείας καὶ θεραπεύων πᾶσαν νόσον καὶ πᾶσαν μαλακίαν ἐν τῷ λαῷ.","καὶ αὐτὸς ἐδίδασκεν ἐν ταῖς συναγωγαῖς αὐτῶν, δοξαζόμενος ὑπὸ πάντων.",luke_used_matthew,Matthew,Luke,Matt 4:23–Matt 4:23,Luke 4:15–Luke 4:15,compression,1.133,Luke span is shorter here (10 vs 27 tokens) and/or leaves more Matthean span material unmatched (0 Matt-only vs 0 Luke-only verses).,"After Markan masking, common sayings/tradition has lower burden; direct use requires explaining Lukan redistribution of Matthean clusters.","Luke deliberately disperses, abbreviates, and de-Mattheanizes Matthean sayings into Lukan narrative/travel contexts."
Matthew↔Luke,6,Matt 4:23–Matt 4:23 / Luke 4:15–Luke 4:15,1,0.237035,1,1,Matt 4:23–Matt 4:23,Luke 4:15–Luke 4:15,,"Καὶ περιῆγεν ⸂ἐν ὅλῃ τῇ Γαλιλαίᾳ⸃, διδάσκων ἐν ταῖς συναγωγαῖς αὐτῶν καὶ κηρύσσων τὸ εὐαγγέλιον τῆς βασιλείας καὶ θεραπεύων πᾶσαν νόσον καὶ πᾶσαν μαλακίαν ἐν τῷ λαῷ.","καὶ αὐτὸς ἐδίδασκεν ἐν ταῖς συναγωγαῖς αὐτῶν, δοξαζόμενος ὑπὸ πάντων.",matthew_used_luke,Luke,Matthew,Luke 4:15–Luke 4:15,Matt 4:23–Matt 4:23,compression,0.661,Matthew later would need to compress some material (0 Matt-only vs 0 Luke-only verses in-block).,"After Markan masking, common sayings/tradition has lower burden; direct use requires explaining Matthean clustering/fulfillment additions.",Matthew relocates Lukan/Luke-like sayings into large discourses and overlays Matthean fulfillment/Jewish-teaching structure.
Matthew↔Luke,7,Matt 7:28–Matt 7:28 / Luke 4:32–Luke 4:32,1,0.276903,1,1,Matt 7:28–Matt 7:28,Luke 4:32–Luke 4:32,,"Καὶ ἐγένετο ὅτε ⸀ἐτέλεσεν ὁ Ἰησοῦς τοὺς λόγους τούτους, ἐξεπλήσσοντο οἱ ὄχλοι ἐπὶ τῇ διδαχῇ αὐτοῦ·","καὶ ἐξεπλήσσοντο ἐπὶ τῇ διδαχῇ αὐτοῦ, ὅτι ἐν ἐξουσίᾳ ἦν ὁ λόγος αὐτοῦ.",luke_used_matthew,Matthew,Luke,Matt 7:28–Matt 7:28,Luke 4:32–Luke 4:32,,0.592,,"After Markan masking, common sayings/tradition has lower burden; direct use requires explaining Lukan redistribution of Matthean clusters.","Luke deliberately disperses, abbreviates, and de-Mattheanizes Matthean sayings into Lukan narrative/travel contexts."
Matthew↔Luke,7,Matt 7:28–Matt 7:28 / Luke 4:32–Luke 4:32,1,0.276903,1,1,Matt 7:28–Matt 7:28,Luke 4:32–Luke 4:32,,"Καὶ ἐγένετο ὅτε ⸀ἐτέλεσεν ὁ Ἰησοῦς τοὺς λόγους τούτους, ἐξεπλήσσοντο οἱ ὄχλοι ἐπὶ τῇ διδαχῇ αὐτοῦ·","καὶ ἐξεπλήσσοντο ἐπὶ τῇ διδαχῇ αὐτοῦ, ὅτι ἐν ἐξουσίᾳ ἦν ὁ λόγος αὐτοῦ.",matthew_used_luke,Luke,Matthew,Luke 4:32–Luke 4:32,Matt 7:28–Matt 7:28,,0.508,,"After Markan masking, common sayings/tradition has lower burden; direct use requires explaining Matthean clustering/fulfillment additions.",Matthew relocates Lukan/Luke-like sayings into large discourses and overlays Matthean fulfillment/Jewish-teaching structure.
Matthew↔Luke,8,Matt 8:2–Matt 8:4 / Luke 5:12–Luke 5:14,3,0.566925,3,3,Matt 8:2–Matt 8:4,Luke 5:12–Luke 5:14,,"καὶ ἰδοὺ λεπρὸς ⸀προσελθὼν προσεκύνει αὐτῷ λέγων· Κύριε, ἐὰν θέλῃς δύνασαί με καθαρίσαι. καὶ ἐκτείνας τὴν χεῖρα ἥψατο ⸀αὐτοῦ λέγων· Θέλω, καθαρίσθητι· καὶ εὐθέως ἐκαθαρίσθη αὐτοῦ ἡ λέπρα. καὶ λέγει αὐτῷ ὁ Ἰησοῦς· Ὅρα μηδενὶ εἴπῃς, ἀλλὰ ὕπαγε σεαυτὸν δεῖξον τῷ ἱερεῖ, καὶ προσένεγκον τὸ δῶρον ὃ προσέταξεν Μωϋσῆς εἰς μαρτύριον αὐτοῖς.","Καὶ ἐγένετο ἐν τῷ εἶναι αὐτὸν ἐν μιᾷ τῶν πόλεων καὶ ἰδοὺ ἀνὴρ πλήρης λέπρας· ⸂καὶ ἰδὼν⸃ τὸν Ἰησοῦν πεσὼν ἐπὶ πρόσωπον ἐδεήθη αὐτοῦ λέγων· Κύριε, ἐὰν θέλῃς δύνασαί με καθαρίσαι. καὶ ἐκτείνας τὴν χεῖρα ἥψατο αὐτοῦ ⸀εἰπών· Θέλω, καθαρίσθητι· καὶ εὐθέως ἡ λέπρα ἀπῆλθεν ἀπʼ αὐτοῦ. καὶ αὐτὸς παρήγγειλεν αὐτῷ μηδενὶ εἰπεῖν, ἀλλὰ ἀπελθὼν δεῖξον σεαυτὸν τῷ ἱερεῖ, καὶ προσένεγκε περὶ τοῦ καθαρισμοῦ σου καθὼς προσέταξεν Μωϋσῆς εἰς μαρτύριον αὐτοῖς.",luke_used_matthew,Matthew,Luke,Matt 8:2–Matt 8:4,Luke 5:12–Luke 5:14,expansion; lexical_paraphrase; reordering_or_redistribution,0.315,"Luke later would need to expand or clarify some material (0 Luke-only vs 0 Matt-only verses in-block). | The matched pairs carry 8 lemma-level replacements, so direct dependence would require substantial lexical rewriting. | This block is under order pressure: 0 primary pairs show local reordering and 5 secondary echoes touch the block.","After Markan masking, common sayings/tradition has lower burden; direct use requires explaining Lukan redistribution of Matthean clusters.","Luke deliberately disperses, abbreviates, and de-Mattheanizes Matthean sayings into Lukan narrative/travel contexts."
Matthew↔Luke,8,Matt 8:2–Matt 8:4 / Luke 5:12–Luke 5:14,3,0.566925,3,3,Matt 8:2–Matt 8:4,Luke 5:12–Luke 5:14,,"καὶ ἰδοὺ λεπρὸς ⸀προσελθὼν προσεκύνει αὐτῷ λέγων· Κύριε, ἐὰν θέλῃς δύνασαί με καθαρίσαι. καὶ ἐκτείνας τὴν χεῖρα ἥψατο ⸀αὐτοῦ λέγων· Θέλω, καθαρίσθητι· καὶ εὐθέως ἐκαθαρίσθη αὐτοῦ ἡ λέπρα. καὶ λέγει αὐτῷ ὁ Ἰησοῦς· Ὅρα μηδενὶ εἴπῃς, ἀλλὰ ὕπαγε σεαυτὸν δεῖξον τῷ ἱερεῖ, καὶ προσένεγκον τὸ δῶρον ὃ προσέταξεν Μωϋσῆς εἰς μαρτύριον αὐτοῖς.","Καὶ ἐγένετο ἐν τῷ εἶναι αὐτὸν ἐν μιᾷ τῶν πόλεων καὶ ἰδοὺ ἀνὴρ πλήρης λέπρας· ⸂καὶ ἰδὼν⸃ τὸν Ἰησοῦν πεσὼν ἐπὶ πρόσωπον ἐδεήθη αὐτοῦ λέγων· Κύριε, ἐὰν θέλῃς δύνασαί με καθαρίσαι. καὶ ἐκτείνας τὴν χεῖρα ἥψατο αὐτοῦ ⸀εἰπών· Θέλω, καθαρίσθητι· καὶ εὐθέως ἡ λέπρα ἀπῆλθεν ἀπʼ αὐτοῦ. καὶ αὐτὸς παρήγγειλεν αὐτῷ μηδενὶ εἰπεῖν, ἀλλὰ ἀπελθὼν δεῖξον σεαυτὸν τῷ ἱερεῖ, καὶ προσένεγκε περὶ τοῦ καθαρισμοῦ σου καθὼς προσέταξεν Μωϋσῆς εἰς μαρτύριον αὐτοῖς.",matthew_used_luke,Luke,Matthew,Luke 5:12–Luke 5:14,Matt 8:2–Matt 8:4,expansion; lexical_paraphrase; reordering_or_redistribution,0.843,"Matthew span is longer here (52 vs 71 tokens) and/or leaves more Lukan span material unmatched (0 Luke-only vs 0 Matt-only verses). | The matched pairs carry 8 lemma-level replacements, so direct dependence would require substantial lexical rewriting. | This block is under order pressure: 0 primary pairs show local reordering and 5 secondary echoes touch the block.","After Markan masking, common sayings/tradition has lower burden; direct use requires explaining Matthean clustering/fulfillment additions.",Matthew relocates Lukan/Luke-like sayings into large discourses and overlays Matthean fulfillment/Jewish-teaching structure.
Matthew↔Luke,9,Matt 9:2–Matt 9:17 / Luke 5:20–Luke 5:37,15,0.395373,16,18,Matt 9:2–Matt 9:17,Luke 5:20–Luke 5:37,,"Καὶ ἰδοὺ προσέφερον αὐτῷ παραλυτικὸν ἐπὶ κλίνης βεβλημένον. καὶ ἰδὼν ὁ Ἰησοῦς τὴν πίστιν αὐτῶν εἶπεν τῷ παραλυτικῷ· Θάρσει, τέκνον· ⸀ἀφίενταί ⸂σου αἱ ἁμαρτίαι⸃. καὶ ἰδού τινες τῶν γραμματέων εἶπαν ἐν ἑαυτοῖς· Οὗτος βλασφημεῖ. καὶ ⸀εἰδὼς ὁ Ἰησοῦς τὰς ἐνθυμήσεις αὐτῶν εἶπεν· ⸀Ἱνατί ἐνθυμεῖσθε πονηρὰ ἐν ταῖς καρδίαις ὑμῶν;","καὶ ἰδὼν τὴν πίστιν αὐτῶν ⸀εἶπεν· Ἄνθρωπε, ἀφέωνταί σοι αἱ ἁμαρτίαι σου. καὶ ἤρξαντο διαλογίζεσθαι οἱ γραμματεῖς καὶ οἱ Φαρισαῖοι λέγοντες· Τίς ἐστιν οὗτος ὃς λαλεῖ βλασφημίας; τίς δύναται ⸂ἁμαρτίας ἀφεῖναι⸃ εἰ μὴ μόνος ὁ θεός; ἐπιγνοὺς δὲ ὁ Ἰησοῦς τοὺς διαλογισμοὺς αὐτῶν ἀποκριθεὶς εἶπεν πρὸς αὐτούς· Τί διαλογίζεσθε ἐν ταῖς καρδίαις ὑμῶν;",luke_used_matthew,Matthew,Luke,Matt 9:2–Matt 9:17,Luke 5:20–Luke 5:37,expansion; lexical_paraphrase; reordering_or_redistribution; matthean_diction_reduced,2.384,"Luke later would need to expand or clarify some material (3 Luke-only vs 1 Matt-only verses in-block). | The matched pairs carry 57 lemma-level replacements, so direct dependence would require substantial lexical rewriting. | This block is under order pressure: 1 primary pairs show local reordering and 34 secondary echoes touch the block. | Matthew-specific diction is heavier in this block, so Luke later would be reducing some Matthean phrasing if direct dependence is assumed.","After Markan masking, common sayings/tradition has lower burden; direct use requires explaining Lukan redistribution of Matthean clusters.","Luke deliberately disperses, abbreviates, and de-Mattheanizes Matthean sayings into Lukan narrative/travel contexts."
Matthew↔Luke,9,Matt 9:2–Matt 9:17 / Luke 5:20–Luke 5:37,15,0.395373,16,18,Matt 9:2–Matt 9:17,Luke 5:20–Luke 5:37,,"Καὶ ἰδοὺ προσέφερον αὐτῷ παραλυτικὸν ἐπὶ κλίνης βεβλημένον. καὶ ἰδὼν ὁ Ἰησοῦς τὴν πίστιν αὐτῶν εἶπεν τῷ παραλυτικῷ· Θάρσει, τέκνον· ⸀ἀφίενταί ⸂σου αἱ ἁμαρτίαι⸃. καὶ ἰδού τινες τῶν γραμματέων εἶπαν ἐν ἑαυτοῖς· Οὗτος βλασφημεῖ. καὶ ⸀εἰδὼς ὁ Ἰησοῦς τὰς ἐνθυμήσεις αὐτῶν εἶπεν· ⸀Ἱνατί ἐνθυμεῖσθε πονηρὰ ἐν ταῖς καρδίαις ὑμῶν;","καὶ ἰδὼν τὴν πίστιν αὐτῶν ⸀εἶπεν· Ἄνθρωπε, ἀφέωνταί σοι αἱ ἁμαρτίαι σου. καὶ ἤρξαντο διαλογίζεσθαι οἱ γραμματεῖς καὶ οἱ Φαρισαῖοι λέγοντες· Τίς ἐστιν οὗτος ὃς λαλεῖ βλασφημίας; τίς δύναται ⸂ἁμαρτίας ἀφεῖναι⸃ εἰ μὴ μόνος ὁ θεός; ἐπιγνοὺς δὲ ὁ Ἰησοῦς τοὺς διαλογισμοὺς αὐτῶν ἀποκριθεὶς εἶπεν πρὸς αὐτούς· Τί διαλογίζεσθε ἐν ταῖς καρδίαις ὑμῶν;",matthew_used_luke,Luke,Matthew,Luke 5:20–Luke 5:37,Matt 9:2–Matt 9:17,expansion; lexical_paraphrase; reordering_or_redistribution; lukan_diction_reworked,3.44,"Matthew span is longer here (313 vs 345 tokens) and/or leaves more Lukan span material unmatched (3 Luke-only vs 1 Matt-only verses). | The matched pairs carry 57 lemma-level replacements, so direct dependence would require substantial lexical rewriting. | This block is under order pressure: 1 primary pairs show local reordering and 34 secondary echoes touch the block. | Luke-specific diction is heavier in this block, so Matthew later would be reworking some Lukan phrasing if direct dependence is assumed.","After Markan masking, common sayings/tradition has lower burden; direct use requires explaining Matthean clustering/fulfillment additions.",Matthew relocates Lukan/Luke-like sayings into large discourses and overlays Matthean fulfillment/Jewish-teaching structure.
Matthew↔Luke,10,Matt 9:34–Matt 10:4 / Luke 6:2–Luke 6:16,4,0.252561,9,15,Matt 9:34–Matt 10:4,Luke 6:2–Luke 6:16,,"οἱ δὲ Φαρισαῖοι ἔλεγον· Ἐν τῷ ἄρχοντι τῶν δαιμονίων ἐκβάλλει τὰ δαιμόνια. Καὶ περιῆγεν ὁ Ἰησοῦς τὰς πόλεις πάσας καὶ τὰς κώμας, διδάσκων ἐν ταῖς συναγωγαῖς αὐτῶν καὶ κηρύσσων τὸ εὐαγγέλιον τῆς βασιλείας καὶ θεραπεύων πᾶσαν νόσον καὶ πᾶσαν ⸀μαλακίαν. Ἰδὼν δὲ τοὺς ὄχλους ἐσπλαγχνίσθη περὶ αὐτῶν ὅτι ἦσαν ἐσκυλμένοι καὶ ἐρριμμένοι ⸀ὡσεὶ πρόβατα μὴ ἔχοντα ποιμένα.","τινὲς δὲ τῶν Φαρισαίων ⸀εἶπαν· Τί ποιεῖτε ὃ οὐκ ⸀ἔξεστιν τοῖς σάββασιν; καὶ ἀποκριθεὶς πρὸς αὐτοὺς εἶπεν ὁ Ἰησοῦς· Οὐδὲ τοῦτο ἀνέγνωτε ὃ ἐποίησεν Δαυὶδ ⸀ὁπότε ἐπείνασεν αὐτὸς καὶ οἱ μετʼ αὐτοῦ ⸀ὄντες; ⸀ὡς εἰσῆλθεν εἰς τὸν οἶκον τοῦ θεοῦ καὶ τοὺς ἄρτους τῆς προθέσεως ⸀λαβὼν ἔφαγεν καὶ ⸀ἔδωκεν τοῖς μετʼ αὐτοῦ, οὓς οὐκ ἔξεστιν φαγεῖν εἰ μὴ μόνους τοὺς ἱερεῖς;",luke_used_matthew,Matthew,Luke,Matt 9:34–Matt 10:4,Luke 6:2–Luke 6:16,expansion; lexical_paraphrase; reordering_or_redistribution; matthean_diction_reduced,2.17,"Luke later would need to expand or clarify some material (11 Luke-only vs 5 Matt-only verses in-block). | The matched pairs carry 12 lemma-level replacements, so direct dependence would require substantial lexical rewriting. | This block is under order pressure: 1 primary pairs show local reordering and 42 secondary echoes touch the block. | Matthew-specific diction is heavier in this block, so Luke later would be reducing some Matthean phrasing if direct dependence is assumed.","After Markan masking, common sayings/tradition has lower burden; direct use requires explaining Lukan redistribution of Matthean clusters.","Luke deliberately disperses, abbreviates, and de-Mattheanizes Matthean sayings into Lukan narrative/travel contexts."
Matthew↔Luke,10,Matt 9:34–Matt 10:4 / Luke 6:2–Luke 6:16,4,0.252561,9,15,Matt 9:34–Matt 10:4,Luke 6:2–Luke 6:16,,"οἱ δὲ Φαρισαῖοι ἔλεγον· Ἐν τῷ ἄρχοντι τῶν δαιμονίων ἐκβάλλει τὰ δαιμόνια. Καὶ περιῆγεν ὁ Ἰησοῦς τὰς πόλεις πάσας καὶ τὰς κώμας, διδάσκων ἐν ταῖς συναγωγαῖς αὐτῶν καὶ κηρύσσων τὸ εὐαγγέλιον τῆς βασιλείας καὶ θεραπεύων πᾶσαν νόσον καὶ πᾶσαν ⸀μαλακίαν. Ἰδὼν δὲ τοὺς ὄχλους ἐσπλαγχνίσθη περὶ αὐτῶν ὅτι ἦσαν ἐσκυλμένοι καὶ ἐρριμμένοι ⸀ὡσεὶ πρόβατα μὴ ἔχοντα ποιμένα.","τινὲς δὲ τῶν Φαρισαίων ⸀εἶπαν· Τί ποιεῖτε ὃ οὐκ ⸀ἔξεστιν τοῖς σάββασιν; καὶ ἀποκριθεὶς πρὸς αὐτοὺς εἶπεν ὁ Ἰησοῦς· Οὐδὲ τοῦτο ἀνέγνωτε ὃ ἐποίησεν Δαυὶδ ⸀ὁπότε ἐπείνασεν αὐτὸς καὶ οἱ μετʼ αὐτοῦ ⸀ὄντες; ⸀ὡς εἰσῆλθεν εἰς τὸν οἶκον τοῦ θεοῦ καὶ τοὺς ἄρτους τῆς προθέσεως ⸀λαβὼν ἔφαγεν καὶ ⸀ἔδωκεν τοῖς μετʼ αὐτοῦ, οὓς οὐκ ἔξεστιν φαγεῖν εἰ μὴ μόνους τοὺς ἱερεῖς;",matthew_used_luke,Luke,Matthew,Luke 6:2–Luke 6:16,Matt 9:34–Matt 10:4,expansion; lexical_paraphrase; reordering_or_redistribution,5.615,"Matthew span is longer here (156 vs 262 tokens) and/or leaves more Lukan span material unmatched (11 Luke-only vs 5 Matt-only verses). | The matched pairs carry 12 lemma-level replacements, so direct dependence would require substantial lexical rewriting. | This block is under order pressure: 1 primary pairs show local reordering and 42 secondary echoes touch the block.","After Markan masking, common sayings/tradition has lower burden; direct use requires explaining Matthean clustering/fulfillment additions.",Matthew relocates Lukan/Luke-like sayings into large discourses and overlays Matthean fulfillment/Jewish-teaching structure.
Matthew↔Luke,11,Matt 10:22–Matt 10:22 / Luke 6:22–Luke 6:22,1,0.139921,1,1,Matt 10:22–Matt 10:22,Luke 6:22–Luke 6:22,,καὶ ἔσεσθε μισούμενοι ὑπὸ πάντων διὰ τὸ ὄνομά μου· ὁ δὲ ὑπομείνας εἰς τέλος οὗτος σωθήσεται.,"Μακάριοί ἐστε ὅταν μισήσωσιν ὑμᾶς οἱ ἄνθρωποι, καὶ ὅταν ἀφορίσωσιν ὑμᾶς καὶ ὀνειδίσωσιν καὶ ἐκβάλωσιν τὸ ὄνομα ὑμῶν ὡς πονηρὸν ἕνεκα τοῦ υἱοῦ τοῦ ἀνθρώπου·",luke_used_matthew,Matthew,Luke,Matt 10:22–Matt 10:22,Luke 6:22–Luke 6:22,expansion; lexical_paraphrase,1.119,"Luke later would need to expand or clarify some material (0 Luke-only vs 0 Matt-only verses in-block). | The matched pairs carry 9 lemma-level replacements, so direct dependence would require substantial lexical rewriting.","After Markan masking, common sayings/tradition has lower burden; direct use requires explaining Lukan redistribution of Matthean clusters.","Luke deliberately disperses, abbreviates, and de-Mattheanizes Matthean sayings into Lukan narrative/travel contexts."
Matthew↔Luke,11,Matt 10:22–Matt 10:22 / Luke 6:22–Luke 6:22,1,0.139921,1,1,Matt 10:22–Matt 10:22,Luke 6:22–Luke 6:22,,καὶ ἔσεσθε μισούμενοι ὑπὸ πάντων διὰ τὸ ὄνομά μου· ὁ δὲ ὑπομείνας εἰς τέλος οὗτος σωθήσεται.,"Μακάριοί ἐστε ὅταν μισήσωσιν ὑμᾶς οἱ ἄνθρωποι, καὶ ὅταν ἀφορίσωσιν ὑμᾶς καὶ ὀνειδίσωσιν καὶ ἐκβάλωσιν τὸ ὄνομα ὑμῶν ὡς πονηρὸν ἕνεκα τοῦ υἱοῦ τοῦ ἀνθρώπου·",matthew_used_luke,Luke,Matthew,Luke 6:22–Luke 6:22,Matt 10:22–Matt 10:22,expansion; lexical_paraphrase,1.369,"Matthew span is longer here (16 vs 25 tokens) and/or leaves more Lukan span material unmatched (0 Luke-only vs 0 Matt-only verses). | The matched pairs carry 9 lemma-level replacements, so direct dependence would require substantial lexical rewriting.","After Markan masking, common sayings/tradition has lower burden; direct use requires explaining Matthean clustering/fulfillment additions.",Matthew relocates Lukan/Luke-like sayings into large discourses and overlays Matthean fulfillment/Jewish-teaching structure.
Matthew↔Luke,12,Matt 10:24–Matt 10:24 / Luke 6:40–Luke 6:40,1,0.508187,1,1,Matt 10:24–Matt 10:24,Luke 6:40–Luke 6:40,,Οὐκ ἔστιν μαθητὴς ὑπὲρ τὸν διδάσκαλον οὐδὲ δοῦλος ὑπὲρ τὸν κύριον αὐτοῦ.,"οὐκ ἔστιν μαθητὴς ὑπὲρ τὸν ⸀διδάσκαλον, κατηρτισμένος δὲ πᾶς ἔσται ὡς ὁ διδάσκαλος αὐτοῦ.",luke_used_matthew,Matthew,Luke,Matt 10:24–Matt 10:24,Luke 6:40–Luke 6:40,,0.107,,"After Markan masking, common sayings/tradition has lower burden; direct use requires explaining Lukan redistribution of Matthean clusters.","Luke deliberately disperses, abbreviates, and de-Mattheanizes Matthean sayings into Lukan narrative/travel contexts."
Matthew↔Luke,12,Matt 10:24–Matt 10:24 / Luke 6:40–Luke 6:40,1,0.508187,1,1,Matt 10:24–Matt 10:24,Luke 6:40–Luke 6:40,,Οὐκ ἔστιν μαθητὴς ὑπὲρ τὸν διδάσκαλον οὐδὲ δοῦλος ὑπὲρ τὸν κύριον αὐτοῦ.,"οὐκ ἔστιν μαθητὴς ὑπὲρ τὸν ⸀διδάσκαλον, κατηρτισμένος δὲ πᾶς ἔσται ὡς ὁ διδάσκαλος αὐτοῦ.",matthew_used_luke,Luke,Matthew,Luke 6:40–Luke 6:40,Matt 10:24–Matt 10:24,,0.163,,"After Markan masking, common sayings/tradition has lower burden; direct use requires explaining Matthean clustering/fulfillment additions.",Matthew relocates Lukan/Luke-like sayings into large discourses and overlays Matthean fulfillment/Jewish-teaching structure.
Matthew↔Luke,13,Matt 11:2–Matt 11:19 / Luke 7:18–Luke 7:34,13,0.572213,18,17,Matt 11:2–Matt 11:19,Luke 7:18–Luke 7:34,,Ὁ δὲ Ἰωάννης ἀκούσας ἐν τῷ δεσμωτηρίῳ τὰ ἔργα τοῦ χριστοῦ πέμψας ⸀διὰ τῶν μαθητῶν αὐτοῦ εἶπεν αὐτῷ· Σὺ εἶ ὁ ἐρχόμενος ἢ ἕτερον προσδοκῶμεν; καὶ ἀποκριθεὶς ὁ Ἰησοῦς εἶπεν αὐτοῖς· Πορευθέντες ἀπαγγείλατε Ἰωάννῃ ἃ ἀκούετε καὶ βλέπετε·,Καὶ ἀπήγγειλαν Ἰωάννῃ οἱ μαθηταὶ αὐτοῦ περὶ πάντων τούτων. καὶ προσκαλεσάμενος δύο τινὰς τῶν μαθητῶν αὐτοῦ ὁ Ἰωάννης ἔπεμψεν πρὸς τὸν ⸀κύριον λέγων· Σὺ εἶ ὁ ἐρχόμενος ἢ ⸀ἄλλον προσδοκῶμεν; παραγενόμενοι δὲ πρὸς αὐτὸν οἱ ἄνδρες εἶπαν· Ἰωάννης ὁ βαπτιστὴς ⸀ἀπέστειλεν ἡμᾶς πρὸς σὲ λέγων· Σὺ εἶ ὁ ἐρχόμενος ἢ ἄλλον προσδοκῶμεν;,luke_used_matthew,Matthew,Luke,Matt 11:2–Matt 11:19,Luke 7:18–Luke 7:34,expansion; lexical_paraphrase; reordering_or_redistribution; matthean_diction_reduced,1.524,"Luke later would need to expand or clarify some material (4 Luke-only vs 5 Matt-only verses in-block). | The matched pairs carry 16 lemma-level replacements, so direct dependence would require substantial lexical rewriting. | This block is under order pressure: 2 primary pairs show local reordering and 31 secondary echoes touch the block. | Matthew-specific diction is heavier in this block, so Luke later would be reducing some Matthean phrasing if direct dependence is assumed.","After Markan masking, common sayings/tradition has lower burden; direct use requires explaining Lukan redistribution of Matthean clusters.","Luke deliberately disperses, abbreviates, and de-Mattheanizes Matthean sayings into Lukan narrative/travel contexts."
Matthew↔Luke,13,Matt 11:2–Matt 11:19 / Luke 7:18–Luke 7:34,13,0.572213,18,17,Matt 11:2–Matt 11:19,Luke 7:18–Luke 7:34,,Ὁ δὲ Ἰωάννης ἀκούσας ἐν τῷ δεσμωτηρίῳ τὰ ἔργα τοῦ χριστοῦ πέμψας ⸀διὰ τῶν μαθητῶν αὐτοῦ εἶπεν αὐτῷ· Σὺ εἶ ὁ ἐρχόμενος ἢ ἕτερον προσδοκῶμεν; καὶ ἀποκριθεὶς ὁ Ἰησοῦς εἶπεν αὐτοῖς· Πορευθέντες ἀπαγγείλατε Ἰωάννῃ ἃ ἀκούετε καὶ βλέπετε·,Καὶ ἀπήγγειλαν Ἰωάννῃ οἱ μαθηταὶ αὐτοῦ περὶ πάντων τούτων. καὶ προσκαλεσάμενος δύο τινὰς τῶν μαθητῶν αὐτοῦ ὁ Ἰωάννης ἔπεμψεν πρὸς τὸν ⸀κύριον λέγων· Σὺ εἶ ὁ ἐρχόμενος ἢ ⸀ἄλλον προσδοκῶμεν; παραγενόμενοι δὲ πρὸς αὐτὸν οἱ ἄνδρες εἶπαν· Ἰωάννης ὁ βαπτιστὴς ⸀ἀπέστειλεν ἡμᾶς πρὸς σὲ λέγων· Σὺ εἶ ὁ ἐρχόμενος ἢ ἄλλον προσδοκῶμεν;,matthew_used_luke,Luke,Matthew,Luke 7:18–Luke 7:34,Matt 11:2–Matt 11:19,expansion; lexical_paraphrase; reordering_or_redistribution; lukan_diction_reworked,2.274,"Matthew span is longer here (265 vs 295 tokens) and/or leaves more Lukan span material unmatched (4 Luke-only vs 5 Matt-only verses). | The matched pairs carry 16 lemma-level replacements, so direct dependence would require substantial lexical rewriting. | This block is under order pressure: 2 primary pairs show local reordering and 31 secondary echoes touch the block. | Luke-specific diction is heavier in this block, so Matthew later would be reworking some Lukan phrasing if direct dependence is assumed.","After Markan masking, common sayings/tradition has lower burden; direct use requires explaining Matthean clustering/fulfillment additions.",Matthew relocates Lukan/Luke-like sayings into large discourses and overlays Matthean fulfillment/Jewish-teaching structure.
Matthew↔Luke,14,Matt 12:4–Matt 12:4 / Luke 7:36–Luke 7:36,1,0.177348,1,1,Matt 12:4–Matt 12:4,Luke 7:36–Luke 7:36,,"πῶς εἰσῆλθεν εἰς τὸν οἶκον τοῦ θεοῦ καὶ τοὺς ἄρτους τῆς προθέσεως ⸂ἔφαγον, ὃ⸃ οὐκ ἐξὸν ἦν αὐτῷ φαγεῖν οὐδὲ τοῖς μετʼ αὐτοῦ, εἰ μὴ τοῖς ἱερεῦσιν μόνοις;",Ἠρώτα δέ τις αὐτὸν τῶν Φαρισαίων ἵνα φάγῃ μετʼ αὐτοῦ· καὶ εἰσελθὼν εἰς ⸂τὸν οἶκον⸃ τοῦ Φαρισαίου ⸀κατεκλίθη.,luke_used_matthew,Matthew,Luke,Matt 12:4–Matt 12:4,Luke 7:36–Luke 7:36,compression,1.174,Luke span is shorter here (18 vs 28 tokens) and/or leaves more Matthean span material unmatched (0 Matt-only vs 0 Luke-only verses).,"After Markan masking, common sayings/tradition has lower burden; direct use requires explaining Lukan redistribution of Matthean clusters.","Luke deliberately disperses, abbreviates, and de-Mattheanizes Matthean sayings into Lukan narrative/travel contexts."
Matthew↔Luke,14,Matt 12:4–Matt 12:4 / Luke 7:36–Luke 7:36,1,0.177348,1,1,Matt 12:4–Matt 12:4,Luke 7:36–Luke 7:36,,"πῶς εἰσῆλθεν εἰς τὸν οἶκον τοῦ θεοῦ καὶ τοὺς ἄρτους τῆς προθέσεως ⸂ἔφαγον, ὃ⸃ οὐκ ἐξὸν ἦν αὐτῷ φαγεῖν οὐδὲ τοῖς μετʼ αὐτοῦ, εἰ μὴ τοῖς ἱερεῦσιν μόνοις;",Ἠρώτα δέ τις αὐτὸν τῶν Φαρισαίων ἵνα φάγῃ μετʼ αὐτοῦ· καὶ εἰσελθὼν εἰς ⸂τὸν οἶκον⸃ τοῦ Φαρισαίου ⸀κατεκλίθη.,matthew_used_luke,Luke,Matthew,Luke 7:36–Luke 7:36,Matt 12:4–Matt 12:4,compression,0.896,Matthew later would need to compress some material (0 Matt-only vs 0 Luke-only verses in-block).,"After Markan masking, common sayings/tradition has lower burden; direct use requires explaining Matthean clustering/fulfillment additions.",Matthew relocates Lukan/Luke-like sayings into large discourses and overlays Matthean fulfillment/Jewish-teaching structure.
Matthew↔Luke,15,Matt 12:31–Matt 13:23 / Luke 7:47–Luke 8:15,15,0.22885,43,19,Matt 12:31–Matt 13:23,Luke 7:47–Luke 8:15,,"διὰ τοῦτο λέγω ὑμῖν, πᾶσα ἁμαρτία καὶ βλασφημία ἀφεθήσεται τοῖς ἀνθρώποις, ἡ δὲ τοῦ πνεύματος βλασφημία οὐκ ⸀ἀφεθήσεται. καὶ ὃς ἐὰν εἴπῃ λόγον κατὰ τοῦ υἱοῦ τοῦ ἀνθρώπου, ἀφεθήσεται αὐτῷ· ὃς δʼ ἂν εἴπῃ κατὰ τοῦ πνεύματος τοῦ ἁγίου, οὐκ ἀφεθήσεται αὐτῷ οὔτε ἐν ⸂τούτῳ τῷ⸃ αἰῶνι οὔτε ἐν τῷ μέλλοντι. Ἢ ποιήσατε τὸ δένδρον καλὸν καὶ τὸν καρπὸν αὐτοῦ καλόν, ἢ ποιήσατε τὸ δένδρον σαπρὸν καὶ τὸν καρπὸν αὐτοῦ σαπρόν· ἐκ γὰρ τοῦ καρποῦ τὸ δένδρον γινώσκεται.","οὗ χάριν, λέγω σοι, ἀφέωνται αἱ ἁμαρτίαι αὐτῆς αἱ πολλαί, ὅτι ἠγάπησεν πολύ· ᾧ δὲ ὀλίγον ἀφίεται, ὀλίγον ἀγαπᾷ. εἶπεν δὲ αὐτῇ· Ἀφέωνταί σου αἱ ἁμαρτίαι. καὶ ἤρξαντο οἱ συνανακείμενοι λέγειν ἐν ἑαυτοῖς· Τίς οὗτός ἐστιν ὃς καὶ ἁμαρτίας ἀφίησιν;",luke_used_matthew,Matthew,Luke,Matt 12:31–Matt 13:23,Luke 7:47–Luke 8:15,compression; lexical_paraphrase; reordering_or_redistribution; matthean_diction_reduced,20.756,"Luke span is shorter here (350 vs 838 tokens) and/or leaves more Matthean span material unmatched (28 Matt-only vs 4 Luke-only verses). | The matched pairs carry 65 lemma-level replacements, so direct dependence would require substantial lexical rewriting. | This block is under order pressure: 6 primary pairs show local reordering and 93 secondary echoes touch the block. | Matthew-specific diction is heavier in this block, so Luke later would be reducing some Matthean phrasing if direct dependence is assumed.","After Markan masking, common sayings/tradition has lower burden; direct use requires explaining Lukan redistribution of Matthean clusters.","Luke deliberately disperses, abbreviates, and de-Mattheanizes Matthean sayings into Lukan narrative/travel contexts."
Matthew↔Luke,15,Matt 12:31–Matt 13:23 / Luke 7:47–Luke 8:15,15,0.22885,43,19,Matt 12:31–Matt 13:23,Luke 7:47–Luke 8:15,,"διὰ τοῦτο λέγω ὑμῖν, πᾶσα ἁμαρτία καὶ βλασφημία ἀφεθήσεται τοῖς ἀνθρώποις, ἡ δὲ τοῦ πνεύματος βλασφημία οὐκ ⸀ἀφεθήσεται. καὶ ὃς ἐὰν εἴπῃ λόγον κατὰ τοῦ υἱοῦ τοῦ ἀνθρώπου, ἀφεθήσεται αὐτῷ· ὃς δʼ ἂν εἴπῃ κατὰ τοῦ πνεύματος τοῦ ἁγίου, οὐκ ἀφεθήσεται αὐτῷ οὔτε ἐν ⸂τούτῳ τῷ⸃ αἰῶνι οὔτε ἐν τῷ μέλλοντι. Ἢ ποιήσατε τὸ δένδρον καλὸν καὶ τὸν καρπὸν αὐτοῦ καλόν, ἢ ποιήσατε τὸ δένδρον σαπρὸν καὶ τὸν καρπὸν αὐτοῦ σαπρόν· ἐκ γὰρ τοῦ καρποῦ τὸ δένδρον γινώσκεται.","οὗ χάριν, λέγω σοι, ἀφέωνται αἱ ἁμαρτίαι αὐτῆς αἱ πολλαί, ὅτι ἠγάπησεν πολύ· ᾧ δὲ ὀλίγον ἀφίεται, ὀλίγον ἀγαπᾷ. εἶπεν δὲ αὐτῇ· Ἀφέωνταί σου αἱ ἁμαρτίαι. καὶ ἤρξαντο οἱ συνανακείμενοι λέγειν ἐν ἑαυτοῖς· Τίς οὗτός ἐστιν ὃς καὶ ἁμαρτίας ἀφίησιν;",matthew_used_luke,Luke,Matthew,Luke 7:47–Luke 8:15,Matt 12:31–Matt 13:23,compression; lexical_paraphrase; reordering_or_redistribution; lukan_diction_reworked,5.2,"Matthew later would need to compress some material (28 Matt-only vs 4 Luke-only verses in-block). | The matched pairs carry 65 lemma-level replacements, so direct dependence would require substantial lexical rewriting. | This block is under order pressure: 6 primary pairs show local reordering and 93 secondary echoes touch the block. | Luke-specific diction is heavier in this block, so Matthew later would be reworking some Lukan phrasing if direct dependence is assumed.","After Markan masking, common sayings/tradition has lower burden; direct use requires explaining Matthean clustering/fulfillment additions.",Matthew relocates Lukan/Luke-like sayings into large discourses and overlays Matthean fulfillment/Jewish-teaching structure.
Matthew↔Luke,16,Matt 13:37–Matt 13:37 / Luke 8:21–Luke 8:21,1,0.121777,1,1,Matt 13:37–Matt 13:37,Luke 8:21–Luke 8:21,,ὁ δὲ ἀποκριθεὶς ⸀εἶπεν· Ὁ σπείρων τὸ καλὸν σπέρμα ἐστὶν ὁ υἱὸς τοῦ ἀνθρώπου·,ὁ δὲ ἀποκριθεὶς εἶπεν πρὸς αὐτούς· Μήτηρ μου καὶ ἀδελφοί μου οὗτοί εἰσιν οἱ τὸν λόγον τοῦ θεοῦ ἀκούοντες καὶ ⸀ποιοῦντες.,luke_used_matthew,Matthew,Luke,Matt 13:37–Matt 13:37,Luke 8:21–Luke 8:21,expansion; lexical_paraphrase; reordering_or_redistribution,1.329,"Luke later would need to expand or clarify some material (0 Luke-only vs 0 Matt-only verses in-block). | The matched pairs carry 6 lemma-level replacements, so direct dependence would require substantial lexical rewriting. | This block is under order pressure: 0 primary pairs show local reordering and 10 secondary echoes touch the block.","After Markan masking, common sayings/tradition has lower burden; direct use requires explaining Lukan redistribution of Matthean clusters.","Luke deliberately disperses, abbreviates, and de-Mattheanizes Matthean sayings into Lukan narrative/travel contexts."
Matthew↔Luke,16,Matt 13:37–Matt 13:37 / Luke 8:21–Luke 8:21,1,0.121777,1,1,Matt 13:37–Matt 13:37,Luke 8:21–Luke 8:21,,ὁ δὲ ἀποκριθεὶς ⸀εἶπεν· Ὁ σπείρων τὸ καλὸν σπέρμα ἐστὶν ὁ υἱὸς τοῦ ἀνθρώπου·,ὁ δὲ ἀποκριθεὶς εἶπεν πρὸς αὐτούς· Μήτηρ μου καὶ ἀδελφοί μου οὗτοί εἰσιν οἱ τὸν λόγον τοῦ θεοῦ ἀκούοντες καὶ ⸀ποιοῦντες.,matthew_used_luke,Luke,Matthew,Luke 8:21–Luke 8:21,Matt 13:37–Matt 13:37,expansion; lexical_paraphrase; reordering_or_redistribution,1.524,"Matthew span is longer here (14 vs 21 tokens) and/or leaves more Lukan span material unmatched (0 Luke-only vs 0 Matt-only verses). | The matched pairs carry 6 lemma-level replacements, so direct dependence would require substantial lexical rewriting. | This block is under order pressure: 0 primary pairs show local reordering and 10 secondary echoes touch the block.","After Markan masking, common sayings/tradition has lower burden; direct use requires explaining Matthean clustering/fulfillment additions.",Matthew relocates Lukan/Luke-like sayings into large discourses and overlays Matthean fulfillment/Jewish-teaching structure.
Matthew↔Luke,17,Matt 13:51–Matt 13:51 / Luke 8:45–Luke 8:45,1,0.131545,1,1,Matt 13:51–Matt 13:51,Luke 8:45–Luke 8:45,,⸀Συνήκατε ταῦτα πάντα; λέγουσιν αὐτῷ· ⸀Ναί.,"καὶ εἶπεν ὁ Ἰησοῦς· Τίς ὁ ἁψάμενός μου; ἀρνουμένων δὲ πάντων εἶπεν ὁ ⸀Πέτρος· Ἐπιστάτα, οἱ ὄχλοι συνέχουσίν σε καὶ ⸀ἀποθλίβουσιν.",luke_used_matthew,Matthew,Luke,Matt 13:51–Matt 13:51,Luke 8:45–Luke 8:45,expansion,0.996,Luke later would need to expand or clarify some material (0 Luke-only vs 0 Matt-only verses in-block).,"After Markan masking, common sayings/tradition has lower burden; direct use requires explaining Lukan redistribution of Matthean clusters.","Luke deliberately disperses, abbreviates, and de-Mattheanizes Matthean sayings into Lukan narrative/travel contexts."
Matthew↔Luke,17,Matt 13:51–Matt 13:51 / Luke 8:45–Luke 8:45,1,0.131545,1,1,Matt 13:51–Matt 13:51,Luke 8:45–Luke 8:45,,⸀Συνήκατε ταῦτα πάντα; λέγουσιν αὐτῷ· ⸀Ναί.,"καὶ εἶπεν ὁ Ἰησοῦς· Τίς ὁ ἁψάμενός μου; ἀρνουμένων δὲ πάντων εἶπεν ὁ ⸀Πέτρος· Ἐπιστάτα, οἱ ὄχλοι συνέχουσίν σε καὶ ⸀ἀποθλίβουσιν.",matthew_used_luke,Luke,Matthew,Luke 8:45–Luke 8:45,Matt 13:51–Matt 13:51,expansion,1.413,Matthew span is longer here (6 vs 21 tokens) and/or leaves more Lukan span material unmatched (0 Luke-only vs 0 Matt-only verses).,"After Markan masking, common sayings/tradition has lower burden; direct use requires explaining Matthean clustering/fulfillment additions.",Matthew relocates Lukan/Luke-like sayings into large discourses and overlays Matthean fulfillment/Jewish-teaching structure.
Matthew↔Luke,18,Matt 14:1–Matt 14:20 / Luke 9:7–Luke 9:17,6,0.312689,20,11,Matt 14:1–Matt 14:20,Luke 9:7–Luke 9:17,,"Ἐν ἐκείνῳ τῷ καιρῷ ἤκουσεν Ἡρῴδης ὁ τετραάρχης τὴν ἀκοὴν Ἰησοῦ, καὶ εἶπεν τοῖς παισὶν αὐτοῦ· Οὗτός ἐστιν Ἰωάννης ὁ βαπτιστής· αὐτὸς ἠγέρθη ἀπὸ τῶν νεκρῶν, καὶ διὰ τοῦτο αἱ δυνάμεις ἐνεργοῦσιν ἐν αὐτῷ. Ὁ γὰρ Ἡρῴδης κρατήσας τὸν Ἰωάννην ἔδησεν ⸀αὐτὸν καὶ ⸂ἐν φυλακῇ ἀπέθετο⸃ διὰ Ἡρῳδιάδα τὴν γυναῖκα Φιλίππου τοῦ ἀδελφοῦ αὐτοῦ,","Ἤκουσεν δὲ Ἡρῴδης ὁ τετραάρχης τὰ ⸀γινόμενα πάντα, καὶ διηπόρει διὰ τὸ λέγεσθαι ὑπό τινων ὅτι Ἰωάννης ⸀ἠγέρθη ἐκ νεκρῶν, ὑπό τινων δὲ ὅτι Ἠλίας ἐφάνη, ἄλλων δὲ ὅτι προφήτης ⸀τις τῶν ἀρχαίων ἀνέστη. ⸂εἶπεν δὲ⸃ ⸀ὁ Ἡρῴδης· Ἰωάννην ἐγὼ ἀπεκεφάλισα· τίς δέ ἐστιν οὗτος περὶ ⸀οὗ ἀκούω τοιαῦτα; καὶ ἐζήτει ἰδεῖν αὐτόν.",luke_used_matthew,Matthew,Luke,Matt 14:1–Matt 14:20,Luke 9:7–Luke 9:17,compression; lexical_paraphrase; reordering_or_redistribution,4.93,"Luke span is shorter here (217 vs 318 tokens) and/or leaves more Matthean span material unmatched (14 Matt-only vs 5 Luke-only verses). | The matched pairs carry 16 lemma-level replacements, so direct dependence would require substantial lexical rewriting. | This block is under order pressure: 3 primary pairs show local reordering and 18 secondary echoes touch the block.","After Markan masking, common sayings/tradition has lower burden; direct use requires explaining Lukan redistribution of Matthean clusters.","Luke deliberately disperses, abbreviates, and de-Mattheanizes Matthean sayings into Lukan narrative/travel contexts."
Matthew↔Luke,18,Matt 14:1–Matt 14:20 / Luke 9:7–Luke 9:17,6,0.312689,20,11,Matt 14:1–Matt 14:20,Luke 9:7–Luke 9:17,,"Ἐν ἐκείνῳ τῷ καιρῷ ἤκουσεν Ἡρῴδης ὁ τετραάρχης τὴν ἀκοὴν Ἰησοῦ, καὶ εἶπεν τοῖς παισὶν αὐτοῦ· Οὗτός ἐστιν Ἰωάννης ὁ βαπτιστής· αὐτὸς ἠγέρθη ἀπὸ τῶν νεκρῶν, καὶ διὰ τοῦτο αἱ δυνάμεις ἐνεργοῦσιν ἐν αὐτῷ. Ὁ γὰρ Ἡρῴδης κρατήσας τὸν Ἰωάννην ἔδησεν ⸀αὐτὸν καὶ ⸂ἐν φυλακῇ ἀπέθετο⸃ διὰ Ἡρῳδιάδα τὴν γυναῖκα Φιλίππου τοῦ ἀδελφοῦ αὐτοῦ,","Ἤκουσεν δὲ Ἡρῴδης ὁ τετραάρχης τὰ ⸀γινόμενα πάντα, καὶ διηπόρει διὰ τὸ λέγεσθαι ὑπό τινων ὅτι Ἰωάννης ⸀ἠγέρθη ἐκ νεκρῶν, ὑπό τινων δὲ ὅτι Ἠλίας ἐφάνη, ἄλλων δὲ ὅτι προφήτης ⸀τις τῶν ἀρχαίων ἀνέστη. ⸂εἶπεν δὲ⸃ ⸀ὁ Ἡρῴδης· Ἰωάννην ἐγὼ ἀπεκεφάλισα· τίς δέ ἐστιν οὗτος περὶ ⸀οὗ ἀκούω τοιαῦτα; καὶ ἐζήτει ἰδεῖν αὐτόν.",matthew_used_luke,Luke,Matthew,Luke 9:7–Luke 9:17,Matt 14:1–Matt 14:20,compression; lexical_paraphrase; reordering_or_redistribution; lukan_diction_reworked,1.375,"Matthew later would need to compress some material (14 Matt-only vs 5 Luke-only verses in-block). | The matched pairs carry 16 lemma-level replacements, so direct dependence would require substantial lexical rewriting. | This block is under order pressure: 3 primary pairs show local reordering and 18 secondary echoes touch the block. | Luke-specific diction is heavier in this block, so Matthew later would be reworking some Lukan phrasing if direct dependence is assumed.","After Markan masking, common sayings/tradition has lower burden; direct use requires explaining Matthean clustering/fulfillment additions.",Matthew relocates Lukan/Luke-like sayings into large discourses and overlays Matthean fulfillment/Jewish-teaching structure.
Matthew↔Luke,19,Matt 15:10–Matt 15:10 / Luke 9:18–Luke 9:18,1,0.132575,1,1,Matt 15:10–Matt 15:10,Luke 9:18–Luke 9:18,,Καὶ προσκαλεσάμενος τὸν ὄχλον εἶπεν αὐτοῖς· Ἀκούετε καὶ συνίετε·,"Καὶ ἐγένετο ἐν τῷ εἶναι αὐτὸν προσευχόμενον κατὰ μόνας συνῆσαν αὐτῷ οἱ μαθηταί, καὶ ἐπηρώτησεν αὐτοὺς λέγων· Τίνα με ⸂οἱ ὄχλοι λέγουσιν⸃ εἶναι;",luke_used_matthew,Matthew,Luke,Matt 15:10–Matt 15:10,Luke 9:18–Luke 9:18,expansion,1.045,Luke later would need to expand or clarify some material (0 Luke-only vs 0 Matt-only verses in-block).,"After Markan masking, common sayings/tradition has lower burden; direct use requires explaining Lukan redistribution of Matthean clusters.","Luke deliberately disperses, abbreviates, and de-Mattheanizes Matthean sayings into Lukan narrative/travel contexts."
Matthew↔Luke,19,Matt 15:10–Matt 15:10 / Luke 9:18–Luke 9:18,1,0.132575,1,1,Matt 15:10–Matt 15:10,Luke 9:18–Luke 9:18,,Καὶ προσκαλεσάμενος τὸν ὄχλον εἶπεν αὐτοῖς· Ἀκούετε καὶ συνίετε·,"Καὶ ἐγένετο ἐν τῷ εἶναι αὐτὸν προσευχόμενον κατὰ μόνας συνῆσαν αὐτῷ οἱ μαθηταί, καὶ ἐπηρώτησεν αὐτοὺς λέγων· Τίνα με ⸂οἱ ὄχλοι λέγουσιν⸃ εἶναι;",matthew_used_luke,Luke,Matthew,Luke 9:18–Luke 9:18,Matt 15:10–Matt 15:10,expansion,1.434,Matthew span is longer here (9 vs 23 tokens) and/or leaves more Lukan span material unmatched (0 Luke-only vs 0 Matt-only verses).,"After Markan masking, common sayings/tradition has lower burden; direct use requires explaining Matthean clustering/fulfillment additions.",Matthew relocates Lukan/Luke-like sayings into large discourses and overlays Matthean fulfillment/Jewish-teaching structure.
Matthew↔Luke,20,Matt 16:14–Matt 18:5 / Luke 9:19–Luke 9:48,21,0.396067,46,30,Matt 16:14–Matt 18:5,Luke 9:19–Luke 9:48,,"οἱ δὲ εἶπαν· Οἱ μὲν Ἰωάννην τὸν βαπτιστήν, ἄλλοι δὲ Ἠλίαν, ἕτεροι δὲ Ἰερεμίαν ἢ ἕνα τῶν προφητῶν. λέγει αὐτοῖς· Ὑμεῖς δὲ τίνα με λέγετε εἶναι; ἀποκριθεὶς δὲ Σίμων Πέτρος εἶπεν· Σὺ εἶ ὁ χριστὸς ὁ υἱὸς τοῦ θεοῦ τοῦ ζῶντος.","οἱ δὲ ἀποκριθέντες εἶπαν· Ἰωάννην τὸν βαπτιστήν, ἄλλοι δὲ Ἠλίαν, ἄλλοι δὲ ὅτι προφήτης τις τῶν ἀρχαίων ἀνέστη. εἶπεν δὲ αὐτοῖς· Ὑμεῖς δὲ τίνα με λέγετε εἶναι; ⸂Πέτρος δὲ ἀποκριθεὶς⸃ εἶπεν· Τὸν χριστὸν τοῦ θεοῦ. Ὁ δὲ ἐπιτιμήσας αὐτοῖς παρήγγειλεν μηδενὶ ⸀λέγειν τοῦτο,",luke_used_matthew,Matthew,Luke,Matt 16:14–Matt 18:5,Luke 9:19–Luke 9:48,compression; lexical_paraphrase; reordering_or_redistribution; matthean_diction_reduced,14.572,"Luke span is shorter here (590 vs 896 tokens) and/or leaves more Matthean span material unmatched (25 Matt-only vs 9 Luke-only verses). | The matched pairs carry 81 lemma-level replacements, so direct dependence would require substantial lexical rewriting. | This block is under order pressure: 6 primary pairs show local reordering and 83 secondary echoes touch the block. | Matthew-specific diction is heavier in this block, so Luke later would be reducing some Matthean phrasing if direct dependence is assumed.","After Markan masking, common sayings/tradition has lower burden; direct use requires explaining Lukan redistribution of Matthean clusters.","Luke deliberately disperses, abbreviates, and de-Mattheanizes Matthean sayings into Lukan narrative/travel contexts."
Matthew↔Luke,20,Matt 16:14–Matt 18:5 / Luke 9:19–Luke 9:48,21,0.396067,46,30,Matt 16:14–Matt 18:5,Luke 9:19–Luke 9:48,,"οἱ δὲ εἶπαν· Οἱ μὲν Ἰωάννην τὸν βαπτιστήν, ἄλλοι δὲ Ἠλίαν, ἕτεροι δὲ Ἰερεμίαν ἢ ἕνα τῶν προφητῶν. λέγει αὐτοῖς· Ὑμεῖς δὲ τίνα με λέγετε εἶναι; ἀποκριθεὶς δὲ Σίμων Πέτρος εἶπεν· Σὺ εἶ ὁ χριστὸς ὁ υἱὸς τοῦ θεοῦ τοῦ ζῶντος.","οἱ δὲ ἀποκριθέντες εἶπαν· Ἰωάννην τὸν βαπτιστήν, ἄλλοι δὲ Ἠλίαν, ἄλλοι δὲ ὅτι προφήτης τις τῶν ἀρχαίων ἀνέστη. εἶπεν δὲ αὐτοῖς· Ὑμεῖς δὲ τίνα με λέγετε εἶναι; ⸂Πέτρος δὲ ἀποκριθεὶς⸃ εἶπεν· Τὸν χριστὸν τοῦ θεοῦ. Ὁ δὲ ἐπιτιμήσας αὐτοῖς παρήγγειλεν μηδενὶ ⸀λέγειν τοῦτο,",matthew_used_luke,Luke,Matthew,Luke 9:19–Luke 9:48,Matt 16:14–Matt 18:5,compression; lexical_paraphrase; reordering_or_redistribution; lukan_diction_reworked,4.739,"Matthew later would need to compress some material (25 Matt-only vs 9 Luke-only verses in-block). | The matched pairs carry 81 lemma-level replacements, so direct dependence would require substantial lexical rewriting. | This block is under order pressure: 6 primary pairs show local reordering and 83 secondary echoes touch the block. | Luke-specific diction is heavier in this block, so Matthew later would be reworking some Lukan phrasing if direct dependence is assumed.","After Markan masking, common sayings/tradition has lower burden; direct use requires explaining Matthean clustering/fulfillment additions.",Matthew relocates Lukan/Luke-like sayings into large discourses and overlays Matthean fulfillment/Jewish-teaching structure.
Matthew↔Luke,21,Matt 18:10–Matt 18:13 / Luke 15:3–Luke 15:7,3,0.190414,3,5,Matt 18:10–Matt 18:13,Luke 15:3–Luke 15:7,,"Ὁρᾶτε μὴ καταφρονήσητε ἑνὸς τῶν μικρῶν τούτων, λέγω γὰρ ὑμῖν ὅτι οἱ ἄγγελοι αὐτῶν ἐν οὐρανοῖς διὰ παντὸς βλέπουσι τὸ πρόσωπον τοῦ πατρός μου τοῦ ἐν ⸀οὐρανοῖς. τί ὑμῖν δοκεῖ; ἐὰν γένηταί τινι ἀνθρώπῳ ἑκατὸν πρόβατα καὶ πλανηθῇ ἓν ἐξ αὐτῶν, οὐχὶ ⸀ἀφήσει τὰ ἐνενήκοντα ἐννέα ἐπὶ τὰ ὄρη ⸀καὶ πορευθεὶς ζητεῖ τὸ πλανώμενον; καὶ ἐὰν γένηται εὑρεῖν αὐτό, ἀμὴν λέγω ὑμῖν ὅτι χαίρει ἐπʼ αὐτῷ μᾶλλον ἢ ἐπὶ τοῖς ἐνενήκοντα ἐννέα τοῖς μὴ πεπλανημένοις.","εἶπεν δὲ πρὸς αὐτοὺς τὴν παραβολὴν ταύτην λέγων· Τίς ἄνθρωπος ἐξ ὑμῶν ἔχων ἑκατὸν πρόβατα καὶ ⸀ἀπολέσας ⸂ἐξ αὐτῶν ἓν⸃ οὐ καταλείπει τὰ ἐνενήκοντα ἐννέα ἐν τῇ ἐρήμῳ καὶ πορεύεται ἐπὶ τὸ ἀπολωλὸς ἕως εὕρῃ αὐτό; καὶ εὑρὼν ἐπιτίθησιν ἐπὶ τοὺς ὤμους ⸀αὐτοῦ χαίρων,",luke_used_matthew,Matthew,Luke,Matt 18:10–Matt 18:13,Luke 15:3–Luke 15:7,expansion; lexical_paraphrase; reordering_or_redistribution,1.542,"Luke later would need to expand or clarify some material (2 Luke-only vs 0 Matt-only verses in-block). | The matched pairs carry 19 lemma-level replacements, so direct dependence would require substantial lexical rewriting. | This block is under order pressure: 2 primary pairs show local reordering and 12 secondary echoes touch the block.","After Markan masking, common sayings/tradition has lower burden; direct use requires explaining Lukan redistribution of Matthean clusters.","Luke deliberately disperses, abbreviates, and de-Mattheanizes Matthean sayings into Lukan narrative/travel contexts."
Matthew↔Luke,21,Matt 18:10–Matt 18:13 / Luke 15:3–Luke 15:7,3,0.190414,3,5,Matt 18:10–Matt 18:13,Luke 15:3–Luke 15:7,,"Ὁρᾶτε μὴ καταφρονήσητε ἑνὸς τῶν μικρῶν τούτων, λέγω γὰρ ὑμῖν ὅτι οἱ ἄγγελοι αὐτῶν ἐν οὐρανοῖς διὰ παντὸς βλέπουσι τὸ πρόσωπον τοῦ πατρός μου τοῦ ἐν ⸀οὐρανοῖς. τί ὑμῖν δοκεῖ; ἐὰν γένηταί τινι ἀνθρώπῳ ἑκατὸν πρόβατα καὶ πλανηθῇ ἓν ἐξ αὐτῶν, οὐχὶ ⸀ἀφήσει τὰ ἐνενήκοντα ἐννέα ἐπὶ τὰ ὄρη ⸀καὶ πορευθεὶς ζητεῖ τὸ πλανώμενον; καὶ ἐὰν γένηται εὑρεῖν αὐτό, ἀμὴν λέγω ὑμῖν ὅτι χαίρει ἐπʼ αὐτῷ μᾶλλον ἢ ἐπὶ τοῖς ἐνενήκοντα ἐννέα τοῖς μὴ πεπλανημένοις.","εἶπεν δὲ πρὸς αὐτοὺς τὴν παραβολὴν ταύτην λέγων· Τίς ἄνθρωπος ἐξ ὑμῶν ἔχων ἑκατὸν πρόβατα καὶ ⸀ἀπολέσας ⸂ἐξ αὐτῶν ἓν⸃ οὐ καταλείπει τὰ ἐνενήκοντα ἐννέα ἐν τῇ ἐρήμῳ καὶ πορεύεται ἐπὶ τὸ ἀπολωλὸς ἕως εὕρῃ αὐτό; καὶ εὑρὼν ἐπιτίθησιν ἐπὶ τοὺς ὤμους ⸀αὐτοῦ χαίρων,",matthew_used_luke,Luke,Matthew,Luke 15:3–Luke 15:7,Matt 18:10–Matt 18:13,expansion; lexical_paraphrase; reordering_or_redistribution,2.097,"Matthew span is longer here (75 vs 89 tokens) and/or leaves more Lukan span material unmatched (2 Luke-only vs 0 Matt-only verses). | The matched pairs carry 19 lemma-level replacements, so direct dependence would require substantial lexical rewriting. | This block is under order pressure: 2 primary pairs show local reordering and 12 secondary echoes touch the block.","After Markan masking, common sayings/tradition has lower burden; direct use requires explaining Matthean clustering/fulfillment additions.",Matthew relocates Lukan/Luke-like sayings into large discourses and overlays Matthean fulfillment/Jewish-teaching structure.
Matthew↔Luke,22,Matt 18:14–Matt 18:33 / Luke 17:2–Luke 17:13,4,0.188362,20,12,Matt 18:14–Matt 18:33,Luke 17:2–Luke 17:13,,"οὕτως οὐκ ἔστιν θέλημα ⸀ἔμπροσθεν τοῦ πατρὸς ⸀ὑμῶν τοῦ ἐν οὐρανοῖς ἵνα ἀπόληται ⸀ἓν τῶν μικρῶν τούτων. Ἐὰν δὲ ἁμαρτήσῃ ⸂εἰς σὲ⸃ ὁ ἀδελφός σου, ⸀ὕπαγε ἔλεγξον αὐτὸν μεταξὺ σοῦ καὶ αὐτοῦ μόνου. ἐάν σου ἀκούσῃ, ἐκέρδησας τὸν ἀδελφόν σου· ἐὰν δὲ μὴ ἀκούσῃ, παράλαβε μετὰ σοῦ ἔτι ἕνα ἢ δύο, ἵνα ἐπὶ στόματος δύο μαρτύρων ἢ τριῶν σταθῇ πᾶν ῥῆμα·","λυσιτελεῖ αὐτῷ εἰ ⸂λίθος μυλικὸς⸃ περίκειται περὶ τὸν τράχηλον αὐτοῦ καὶ ἔρριπται εἰς τὴν θάλασσαν ἢ ἵνα σκανδαλίσῃ ⸂τῶν μικρῶν τούτων ἕνα⸃. προσέχετε ἑαυτοῖς. ἐὰν ⸀ἁμάρτῃ ὁ ἀδελφός σου ἐπιτίμησον αὐτῷ, καὶ ἐὰν μετανοήσῃ ἄφες αὐτῷ· καὶ ἐὰν ἑπτάκις τῆς ἡμέρας ⸀ἁμαρτήσῃ εἰς σὲ καὶ ⸀ἑπτάκις ἐπιστρέψῃ ⸂πρὸς σὲ⸃ λέγων· Μετανοῶ, ἀφήσεις αὐτῷ.",luke_used_matthew,Matthew,Luke,Matt 18:14–Matt 18:33,Luke 17:2–Luke 17:13,compression; lexical_paraphrase; reordering_or_redistribution; matthean_diction_reduced,6.868,"Luke span is shorter here (192 vs 361 tokens) and/or leaves more Matthean span material unmatched (16 Matt-only vs 8 Luke-only verses). | The matched pairs carry 18 lemma-level replacements, so direct dependence would require substantial lexical rewriting. | This block is under order pressure: 1 primary pairs show local reordering and 13 secondary echoes touch the block. | Matthew-specific diction is heavier in this block, so Luke later would be reducing some Matthean phrasing if direct dependence is assumed.","After Markan masking, common sayings/tradition has lower burden; direct use requires explaining Lukan redistribution of Matthean clusters.","Luke deliberately disperses, abbreviates, and de-Mattheanizes Matthean sayings into Lukan narrative/travel contexts."
Matthew↔Luke,22,Matt 18:14–Matt 18:33 / Luke 17:2–Luke 17:13,4,0.188362,20,12,Matt 18:14–Matt 18:33,Luke 17:2–Luke 17:13,,"οὕτως οὐκ ἔστιν θέλημα ⸀ἔμπροσθεν τοῦ πατρὸς ⸀ὑμῶν τοῦ ἐν οὐρανοῖς ἵνα ἀπόληται ⸀ἓν τῶν μικρῶν τούτων. Ἐὰν δὲ ἁμαρτήσῃ ⸂εἰς σὲ⸃ ὁ ἀδελφός σου, ⸀ὕπαγε ἔλεγξον αὐτὸν μεταξὺ σοῦ καὶ αὐτοῦ μόνου. ἐάν σου ἀκούσῃ, ἐκέρδησας τὸν ἀδελφόν σου· ἐὰν δὲ μὴ ἀκούσῃ, παράλαβε μετὰ σοῦ ἔτι ἕνα ἢ δύο, ἵνα ἐπὶ στόματος δύο μαρτύρων ἢ τριῶν σταθῇ πᾶν ῥῆμα·","λυσιτελεῖ αὐτῷ εἰ ⸂λίθος μυλικὸς⸃ περίκειται περὶ τὸν τράχηλον αὐτοῦ καὶ ἔρριπται εἰς τὴν θάλασσαν ἢ ἵνα σκανδαλίσῃ ⸂τῶν μικρῶν τούτων ἕνα⸃. προσέχετε ἑαυτοῖς. ἐὰν ⸀ἁμάρτῃ ὁ ἀδελφός σου ἐπιτίμησον αὐτῷ, καὶ ἐὰν μετανοήσῃ ἄφες αὐτῷ· καὶ ἐὰν ἑπτάκις τῆς ἡμέρας ⸀ἁμαρτήσῃ εἰς σὲ καὶ ⸀ἑπτάκις ἐπιστρέψῃ ⸂πρὸς σὲ⸃ λέγων· Μετανοῶ, ἀφήσεις αὐτῷ.",matthew_used_luke,Luke,Matthew,Luke 17:2–Luke 17:13,Matt 18:14–Matt 18:33,compression; lexical_paraphrase; reordering_or_redistribution,1.507,"Matthew later would need to compress some material (16 Matt-only vs 8 Luke-only verses in-block). | The matched pairs carry 18 lemma-level replacements, so direct dependence would require substantial lexical rewriting. | This block is under order pressure: 1 primary pairs show local reordering and 13 secondary echoes touch the block.","After Markan masking, common sayings/tradition has lower burden; direct use requires explaining Matthean clustering/fulfillment additions.",Matthew relocates Lukan/Luke-like sayings into large discourses and overlays Matthean fulfillment/Jewish-teaching structure.
Matthew↔Luke,23,Matt 19:5–Matt 19:6 / Luke 17:34–Luke 17:35,2,0.137583,2,2,Matt 19:5–Matt 19:6,Luke 17:34–Luke 17:35,,"καὶ εἶπεν· ⸀Ἕνεκα τούτου καταλείψει ἄνθρωπος τὸν πατέρα καὶ τὴν μητέρα καὶ ⸀κολληθήσεται τῇ γυναικὶ αὐτοῦ, καὶ ἔσονται οἱ δύο εἰς σάρκα μίαν; ὥστε οὐκέτι εἰσὶν δύο ἀλλὰ σὰρξ μία. ὃ οὖν ὁ θεὸς συνέζευξεν ἄνθρωπος μὴ χωριζέτω.","λέγω ὑμῖν, ταύτῃ τῇ νυκτὶ ἔσονται δύο ἐπὶ κλίνης μιᾶς, ⸀ὁ εἷς παραλημφθήσεται καὶ ὁ ἕτερος ἀφεθήσεται· ⸂ἔσονται δύο⸃ ἀλήθουσαι ἐπὶ τὸ αὐτό, ⸀ἡ μία παραλημφθήσεται ⸂ἡ δὲ⸃ ἑτέρα ⸀ἀφεθήσεται.",luke_used_matthew,Matthew,Luke,Matt 19:5–Matt 19:6,Luke 17:34–Luke 17:35,compression; lexical_paraphrase; reordering_or_redistribution,1.467,"Luke span is shorter here (30 vs 38 tokens) and/or leaves more Matthean span material unmatched (0 Matt-only vs 0 Luke-only verses). | The matched pairs carry 10 lemma-level replacements, so direct dependence would require substantial lexical rewriting. | This block is under order pressure: 1 primary pairs show local reordering and 5 secondary echoes touch the block.","After Markan masking, common sayings/tradition has lower burden; direct use requires explaining Lukan redistribution of Matthean clusters.","Luke deliberately disperses, abbreviates, and de-Mattheanizes Matthean sayings into Lukan narrative/travel contexts."
Matthew↔Luke,23,Matt 19:5–Matt 19:6 / Luke 17:34–Luke 17:35,2,0.137583,2,2,Matt 19:5–Matt 19:6,Luke 17:34–Luke 17:35,,"καὶ εἶπεν· ⸀Ἕνεκα τούτου καταλείψει ἄνθρωπος τὸν πατέρα καὶ τὴν μητέρα καὶ ⸀κολληθήσεται τῇ γυναικὶ αὐτοῦ, καὶ ἔσονται οἱ δύο εἰς σάρκα μίαν; ὥστε οὐκέτι εἰσὶν δύο ἀλλὰ σὰρξ μία. ὃ οὖν ὁ θεὸς συνέζευξεν ἄνθρωπος μὴ χωριζέτω.","λέγω ὑμῖν, ταύτῃ τῇ νυκτὶ ἔσονται δύο ἐπὶ κλίνης μιᾶς, ⸀ὁ εἷς παραλημφθήσεται καὶ ὁ ἕτερος ἀφεθήσεται· ⸂ἔσονται δύο⸃ ἀλήθουσαι ἐπὶ τὸ αὐτό, ⸀ἡ μία παραλημφθήσεται ⸂ἡ δὲ⸃ ἑτέρα ⸀ἀφεθήσεται.",matthew_used_luke,Luke,Matthew,Luke 17:34–Luke 17:35,Matt 19:5–Matt 19:6,compression; lexical_paraphrase; reordering_or_redistribution,1.245,"Matthew later would need to compress some material (0 Matt-only vs 0 Luke-only verses in-block). | The matched pairs carry 10 lemma-level replacements, so direct dependence would require substantial lexical rewriting. | This block is under order pressure: 1 primary pairs show local reordering and 5 secondary echoes touch the block.","After Markan masking, common sayings/tradition has lower burden; direct use requires explaining Matthean clustering/fulfillment additions.",Matthew relocates Lukan/Luke-like sayings into large discourses and overlays Matthean fulfillment/Jewish-teaching structure.
Matthew↔Luke,24,Matt 19:13–Matt 19:29 / Luke 18:15–Luke 18:29,13,0.317064,17,15,Matt 19:13–Matt 19:29,Luke 18:15–Luke 18:29,,"Τότε ⸀προσηνέχθησαν αὐτῷ παιδία ἵνα τὰς χεῖρας ἐπιθῇ αὐτοῖς καὶ προσεύξηται· οἱ δὲ μαθηταὶ ἐπετίμησαν αὐτοῖς. ὁ δὲ Ἰησοῦς εἶπεν· Ἄφετε τὰ παιδία καὶ μὴ κωλύετε αὐτὰ ἐλθεῖν πρός με, τῶν γὰρ τοιούτων ἐστὶν ἡ βασιλεία τῶν οὐρανῶν. καὶ ἐπιθεὶς ⸂τὰς χεῖρας αὐτοῖς⸃ ἐπορεύθη ἐκεῖθεν.","Προσέφερον δὲ αὐτῷ καὶ τὰ βρέφη ἵνα αὐτῶν ἅπτηται· ἰδόντες δὲ οἱ μαθηταὶ ⸀ἐπετίμων αὐτοῖς. ὁ δὲ Ἰησοῦς ⸂προσεκαλέσατο αὐτὰ λέγων⸃· Ἄφετε τὰ παιδία ἔρχεσθαι πρός με καὶ μὴ κωλύετε αὐτά, τῶν γὰρ τοιούτων ἐστὶν ἡ βασιλεία τοῦ θεοῦ. ἀμὴν λέγω ὑμῖν, ὃς ⸀ἂν μὴ δέξηται τὴν βασιλείαν τοῦ θεοῦ ὡς παιδίον, οὐ μὴ εἰσέλθῃ εἰς αὐτήν.",luke_used_matthew,Matthew,Luke,Matt 19:13–Matt 19:29,Luke 18:15–Luke 18:29,compression; lexical_paraphrase; reordering_or_redistribution; matthean_diction_reduced,4.795,"Luke span is shorter here (240 vs 308 tokens) and/or leaves more Matthean span material unmatched (4 Matt-only vs 2 Luke-only verses). | The matched pairs carry 46 lemma-level replacements, so direct dependence would require substantial lexical rewriting. | This block is under order pressure: 7 primary pairs show local reordering and 36 secondary echoes touch the block. | Matthew-specific diction is heavier in this block, so Luke later would be reducing some Matthean phrasing if direct dependence is assumed.","After Markan masking, common sayings/tradition has lower burden; direct use requires explaining Lukan redistribution of Matthean clusters.","Luke deliberately disperses, abbreviates, and de-Mattheanizes Matthean sayings into Lukan narrative/travel contexts."
Matthew↔Luke,24,Matt 19:13–Matt 19:29 / Luke 18:15–Luke 18:29,13,0.317064,17,15,Matt 19:13–Matt 19:29,Luke 18:15–Luke 18:29,,"Τότε ⸀προσηνέχθησαν αὐτῷ παιδία ἵνα τὰς χεῖρας ἐπιθῇ αὐτοῖς καὶ προσεύξηται· οἱ δὲ μαθηταὶ ἐπετίμησαν αὐτοῖς. ὁ δὲ Ἰησοῦς εἶπεν· Ἄφετε τὰ παιδία καὶ μὴ κωλύετε αὐτὰ ἐλθεῖν πρός με, τῶν γὰρ τοιούτων ἐστὶν ἡ βασιλεία τῶν οὐρανῶν. καὶ ἐπιθεὶς ⸂τὰς χεῖρας αὐτοῖς⸃ ἐπορεύθη ἐκεῖθεν.","Προσέφερον δὲ αὐτῷ καὶ τὰ βρέφη ἵνα αὐτῶν ἅπτηται· ἰδόντες δὲ οἱ μαθηταὶ ⸀ἐπετίμων αὐτοῖς. ὁ δὲ Ἰησοῦς ⸂προσεκαλέσατο αὐτὰ λέγων⸃· Ἄφετε τὰ παιδία ἔρχεσθαι πρός με καὶ μὴ κωλύετε αὐτά, τῶν γὰρ τοιούτων ἐστὶν ἡ βασιλεία τοῦ θεοῦ. ἀμὴν λέγω ὑμῖν, ὃς ⸀ἂν μὴ δέξηται τὴν βασιλείαν τοῦ θεοῦ ὡς παιδίον, οὐ μὴ εἰσέλθῃ εἰς αὐτήν.",matthew_used_luke,Luke,Matthew,Luke 18:15–Luke 18:29,Matt 19:13–Matt 19:29,compression; lexical_paraphrase; reordering_or_redistribution; lukan_diction_reworked,2.74,"Matthew later would need to compress some material (4 Matt-only vs 2 Luke-only verses in-block). | The matched pairs carry 46 lemma-level replacements, so direct dependence would require substantial lexical rewriting. | This block is under order pressure: 7 primary pairs show local reordering and 36 secondary echoes touch the block. | Luke-specific diction is heavier in this block, so Matthew later would be reworking some Lukan phrasing if direct dependence is assumed.","After Markan masking, common sayings/tradition has lower burden; direct use requires explaining Matthean clustering/fulfillment additions.",Matthew relocates Lukan/Luke-like sayings into large discourses and overlays Matthean fulfillment/Jewish-teaching structure.
Matthew↔Luke,25,Matt 20:18–Matt 20:34 / Luke 18:31–Luke 18:43,6,0.252396,17,13,Matt 20:18–Matt 20:34,Luke 18:31–Luke 18:43,,"Ἰδοὺ ἀναβαίνομεν εἰς Ἱεροσόλυμα, καὶ ὁ υἱὸς τοῦ ἀνθρώπου παραδοθήσεται τοῖς ἀρχιερεῦσιν καὶ γραμματεῦσιν, καὶ κατακρινοῦσιν αὐτὸν θανάτῳ, καὶ παραδώσουσιν αὐτὸν τοῖς ἔθνεσιν εἰς τὸ ἐμπαῖξαι καὶ μαστιγῶσαι καὶ σταυρῶσαι, καὶ τῇ τρίτῃ ἡμέρᾳ ⸀ἐγερθήσεται. Τότε προσῆλθεν αὐτῷ ἡ μήτηρ τῶν υἱῶν Ζεβεδαίου μετὰ τῶν υἱῶν αὐτῆς προσκυνοῦσα καὶ αἰτοῦσά τι ⸀παρʼ αὐτοῦ.","Παραλαβὼν δὲ τοὺς δώδεκα εἶπεν πρὸς αὐτούς· Ἰδοὺ ἀναβαίνομεν εἰς ⸀Ἰερουσαλήμ, καὶ τελεσθήσεται πάντα τὰ γεγραμμένα διὰ τῶν προφητῶν τῷ υἱῷ τοῦ ἀνθρώπου· παραδοθήσεται γὰρ τοῖς ἔθνεσιν καὶ ἐμπαιχθήσεται καὶ ὑβρισθήσεται καὶ ἐμπτυσθήσεται, καὶ μαστιγώσαντες ἀποκτενοῦσιν αὐτόν, καὶ τῇ ἡμέρᾳ τῇ τρίτῃ ἀναστήσεται.",luke_used_matthew,Matthew,Luke,Matt 20:18–Matt 20:34,Luke 18:31–Luke 18:43,compression; lexical_paraphrase; reordering_or_redistribution; matthean_diction_reduced,5.552,"Luke span is shorter here (169 vs 281 tokens) and/or leaves more Matthean span material unmatched (11 Matt-only vs 7 Luke-only verses). | The matched pairs carry 17 lemma-level replacements, so direct dependence would require substantial lexical rewriting. | This block is under order pressure: 3 primary pairs show local reordering and 34 secondary echoes touch the block. | Matthew-specific diction is heavier in this block, so Luke later would be reducing some Matthean phrasing if direct dependence is assumed.","After Markan masking, common sayings/tradition has lower burden; direct use requires explaining Lukan redistribution of Matthean clusters.","Luke deliberately disperses, abbreviates, and de-Mattheanizes Matthean sayings into Lukan narrative/travel contexts."
Matthew↔Luke,25,Matt 20:18–Matt 20:34 / Luke 18:31–Luke 18:43,6,0.252396,17,13,Matt 20:18–Matt 20:34,Luke 18:31–Luke 18:43,,"Ἰδοὺ ἀναβαίνομεν εἰς Ἱεροσόλυμα, καὶ ὁ υἱὸς τοῦ ἀνθρώπου παραδοθήσεται τοῖς ἀρχιερεῦσιν καὶ γραμματεῦσιν, καὶ κατακρινοῦσιν αὐτὸν θανάτῳ, καὶ παραδώσουσιν αὐτὸν τοῖς ἔθνεσιν εἰς τὸ ἐμπαῖξαι καὶ μαστιγῶσαι καὶ σταυρῶσαι, καὶ τῇ τρίτῃ ἡμέρᾳ ⸀ἐγερθήσεται. Τότε προσῆλθεν αὐτῷ ἡ μήτηρ τῶν υἱῶν Ζεβεδαίου μετὰ τῶν υἱῶν αὐτῆς προσκυνοῦσα καὶ αἰτοῦσά τι ⸀παρʼ αὐτοῦ.","Παραλαβὼν δὲ τοὺς δώδεκα εἶπεν πρὸς αὐτούς· Ἰδοὺ ἀναβαίνομεν εἰς ⸀Ἰερουσαλήμ, καὶ τελεσθήσεται πάντα τὰ γεγραμμένα διὰ τῶν προφητῶν τῷ υἱῷ τοῦ ἀνθρώπου· παραδοθήσεται γὰρ τοῖς ἔθνεσιν καὶ ἐμπαιχθήσεται καὶ ὑβρισθήσεται καὶ ἐμπτυσθήσεται, καὶ μαστιγώσαντες ἀποκτενοῦσιν αὐτόν, καὶ τῇ ἡμέρᾳ τῇ τρίτῃ ἀναστήσεται.",matthew_used_luke,Luke,Matthew,Luke 18:31–Luke 18:43,Matt 20:18–Matt 20:34,compression; lexical_paraphrase; reordering_or_redistribution,2.108,"Matthew later would need to compress some material (11 Matt-only vs 7 Luke-only verses in-block). | The matched pairs carry 17 lemma-level replacements, so direct dependence would require substantial lexical rewriting. | This block is under order pressure: 3 primary pairs show local reordering and 34 secondary echoes touch the block.","After Markan masking, common sayings/tradition has lower burden; direct use requires explaining Matthean clustering/fulfillment additions.",Matthew relocates Lukan/Luke-like sayings into large discourses and overlays Matthean fulfillment/Jewish-teaching structure.
Matthew↔Luke,26,Matt 21:1–Matt 21:45 / Luke 19:29–Luke 20:19,24,0.361107,45,39,Matt 21:1–Matt 21:45,Luke 19:29–Luke 20:19,,"Καὶ ὅτε ἤγγισαν εἰς Ἱεροσόλυμα καὶ ἦλθον εἰς Βηθφαγὴ ⸀εἰς τὸ Ὄρος τῶν Ἐλαιῶν, τότε ⸀Ἰησοῦς ἀπέστειλεν δύο μαθητὰς λέγων αὐτοῖς· ⸀Πορεύεσθε εἰς τὴν κώμην τὴν ⸀κατέναντι ὑμῶν, καὶ ⸀εὐθέως εὑρήσετε ὄνον δεδεμένην καὶ πῶλον μετʼ αὐτῆς· λύσαντες ⸀ἀγάγετέ μοι. καὶ ἐάν τις ὑμῖν εἴπῃ τι, ἐρεῖτε ὅτι Ὁ κύριος αὐτῶν χρείαν ἔχει· ⸀εὐθὺς δὲ ⸀ἀποστελεῖ αὐτούς.","Καὶ ἐγένετο ὡς ἤγγισεν εἰς Βηθφαγὴ καὶ Βηθανίαν πρὸς τὸ ὄρος τὸ καλούμενον Ἐλαιῶν, ἀπέστειλεν δύο τῶν ⸀μαθητῶν ⸀λέγων· Ὑπάγετε εἰς τὴν κατέναντι κώμην, ἐν ᾗ εἰσπορευόμενοι εὑρήσετε πῶλον δεδεμένον, ἐφʼ ὃν οὐδεὶς πώποτε ἀνθρώπων ἐκάθισεν, ⸀καὶ λύσαντες αὐτὸν ἀγάγετε. καὶ ἐάν τις ὑμᾶς ἐρωτᾷ· Διὰ τί λύετε; οὕτως ⸀ἐρεῖτε ὅτι Ὁ κύριος αὐτοῦ χρείαν ἔχει.",luke_used_matthew,Matthew,Luke,Matt 21:1–Matt 21:45,Luke 19:29–Luke 20:19,compression; lexical_paraphrase; reordering_or_redistribution; matthean_diction_reduced,10.398,"Luke span is shorter here (635 vs 852 tokens) and/or leaves more Matthean span material unmatched (21 Matt-only vs 15 Luke-only verses). | The matched pairs carry 67 lemma-level replacements, so direct dependence would require substantial lexical rewriting. | This block is under order pressure: 8 primary pairs show local reordering and 60 secondary echoes touch the block. | Matthew-specific diction is heavier in this block, so Luke later would be reducing some Matthean phrasing if direct dependence is assumed.","After Markan masking, common sayings/tradition has lower burden; direct use requires explaining Lukan redistribution of Matthean clusters.","Luke deliberately disperses, abbreviates, and de-Mattheanizes Matthean sayings into Lukan narrative/travel contexts."
Matthew↔Luke,26,Matt 21:1–Matt 21:45 / Luke 19:29–Luke 20:19,24,0.361107,45,39,Matt 21:1–Matt 21:45,Luke 19:29–Luke 20:19,,"Καὶ ὅτε ἤγγισαν εἰς Ἱεροσόλυμα καὶ ἦλθον εἰς Βηθφαγὴ ⸀εἰς τὸ Ὄρος τῶν Ἐλαιῶν, τότε ⸀Ἰησοῦς ἀπέστειλεν δύο μαθητὰς λέγων αὐτοῖς· ⸀Πορεύεσθε εἰς τὴν κώμην τὴν ⸀κατέναντι ὑμῶν, καὶ ⸀εὐθέως εὑρήσετε ὄνον δεδεμένην καὶ πῶλον μετʼ αὐτῆς· λύσαντες ⸀ἀγάγετέ μοι. καὶ ἐάν τις ὑμῖν εἴπῃ τι, ἐρεῖτε ὅτι Ὁ κύριος αὐτῶν χρείαν ἔχει· ⸀εὐθὺς δὲ ⸀ἀποστελεῖ αὐτούς.","Καὶ ἐγένετο ὡς ἤγγισεν εἰς Βηθφαγὴ καὶ Βηθανίαν πρὸς τὸ ὄρος τὸ καλούμενον Ἐλαιῶν, ἀπέστειλεν δύο τῶν ⸀μαθητῶν ⸀λέγων· Ὑπάγετε εἰς τὴν κατέναντι κώμην, ἐν ᾗ εἰσπορευόμενοι εὑρήσετε πῶλον δεδεμένον, ἐφʼ ὃν οὐδεὶς πώποτε ἀνθρώπων ἐκάθισεν, ⸀καὶ λύσαντες αὐτὸν ἀγάγετε. καὶ ἐάν τις ὑμᾶς ἐρωτᾷ· Διὰ τί λύετε; οὕτως ⸀ἐρεῖτε ὅτι Ὁ κύριος αὐτοῦ χρείαν ἔχει.",matthew_used_luke,Luke,Matthew,Luke 19:29–Luke 20:19,Matt 21:1–Matt 21:45,compression; lexical_paraphrase; reordering_or_redistribution,3.87,"Matthew later would need to compress some material (21 Matt-only vs 15 Luke-only verses in-block). | The matched pairs carry 67 lemma-level replacements, so direct dependence would require substantial lexical rewriting. | This block is under order pressure: 8 primary pairs show local reordering and 60 secondary echoes touch the block.","After Markan masking, common sayings/tradition has lower burden; direct use requires explaining Matthean clustering/fulfillment additions.",Matthew relocates Lukan/Luke-like sayings into large discourses and overlays Matthean fulfillment/Jewish-teaching structure.
Matthew↔Luke,27,Matt 22:16–Matt 23:19 / Luke 20:21–Luke 21:1,18,0.357389,49,28,Matt 22:16–Matt 23:19,Luke 20:21–Luke 21:1,,"καὶ ἀποστέλλουσιν αὐτῷ τοὺς μαθητὰς αὐτῶν μετὰ τῶν Ἡρῳδιανῶν ⸀λέγοντες· Διδάσκαλε, οἴδαμεν ὅτι ἀληθὴς εἶ καὶ τὴν ὁδὸν τοῦ θεοῦ ἐν ἀληθείᾳ διδάσκεις, καὶ οὐ μέλει σοι περὶ οὐδενός, οὐ γὰρ βλέπεις εἰς πρόσωπον ἀνθρώπων· εἰπὸν οὖν ἡμῖν τί σοι δοκεῖ· ἔξεστιν δοῦναι κῆνσον Καίσαρι ἢ οὔ; γνοὺς δὲ ὁ Ἰησοῦς τὴν πονηρίαν αὐτῶν εἶπεν· Τί με πειράζετε, ὑποκριταί;","καὶ ἐπηρώτησαν αὐτὸν λέγοντες· Διδάσκαλε, οἴδαμεν ὅτι ὀρθῶς λέγεις καὶ διδάσκεις καὶ οὐ λαμβάνεις πρόσωπον, ἀλλʼ ἐπʼ ἀληθείας τὴν ὁδὸν τοῦ θεοῦ διδάσκεις· ἔξεστιν ⸀ἡμᾶς Καίσαρι φόρον δοῦναι ἢ οὔ; κατανοήσας δὲ αὐτῶν τὴν πανουργίαν εἶπεν πρὸς ⸀αὐτούς·",luke_used_matthew,Matthew,Luke,Matt 22:16–Matt 23:19,Luke 20:21–Luke 21:1,compression; lexical_paraphrase; reordering_or_redistribution; matthean_diction_reduced,15.092,"Luke span is shorter here (373 vs 717 tokens) and/or leaves more Matthean span material unmatched (31 Matt-only vs 10 Luke-only verses). | The matched pairs carry 37 lemma-level replacements, so direct dependence would require substantial lexical rewriting. | This block is under order pressure: 11 primary pairs show local reordering and 69 secondary echoes touch the block. | Matthew-specific diction is heavier in this block, so Luke later would be reducing some Matthean phrasing if direct dependence is assumed.","After Markan masking, common sayings/tradition has lower burden; direct use requires explaining Lukan redistribution of Matthean clusters.","Luke deliberately disperses, abbreviates, and de-Mattheanizes Matthean sayings into Lukan narrative/travel contexts."
Matthew↔Luke,27,Matt 22:16–Matt 23:19 / Luke 20:21–Luke 21:1,18,0.357389,49,28,Matt 22:16–Matt 23:19,Luke 20:21–Luke 21:1,,"καὶ ἀποστέλλουσιν αὐτῷ τοὺς μαθητὰς αὐτῶν μετὰ τῶν Ἡρῳδιανῶν ⸀λέγοντες· Διδάσκαλε, οἴδαμεν ὅτι ἀληθὴς εἶ καὶ τὴν ὁδὸν τοῦ θεοῦ ἐν ἀληθείᾳ διδάσκεις, καὶ οὐ μέλει σοι περὶ οὐδενός, οὐ γὰρ βλέπεις εἰς πρόσωπον ἀνθρώπων· εἰπὸν οὖν ἡμῖν τί σοι δοκεῖ· ἔξεστιν δοῦναι κῆνσον Καίσαρι ἢ οὔ; γνοὺς δὲ ὁ Ἰησοῦς τὴν πονηρίαν αὐτῶν εἶπεν· Τί με πειράζετε, ὑποκριταί;","καὶ ἐπηρώτησαν αὐτὸν λέγοντες· Διδάσκαλε, οἴδαμεν ὅτι ὀρθῶς λέγεις καὶ διδάσκεις καὶ οὐ λαμβάνεις πρόσωπον, ἀλλʼ ἐπʼ ἀληθείας τὴν ὁδὸν τοῦ θεοῦ διδάσκεις· ἔξεστιν ⸀ἡμᾶς Καίσαρι φόρον δοῦναι ἢ οὔ; κατανοήσας δὲ αὐτῶν τὴν πανουργίαν εἶπεν πρὸς ⸀αὐτούς·",matthew_used_luke,Luke,Matthew,Luke 20:21–Luke 21:1,Matt 22:16–Matt 23:19,compression; lexical_paraphrase; reordering_or_redistribution,3.786,"Matthew later would need to compress some material (31 Matt-only vs 10 Luke-only verses in-block). | The matched pairs carry 37 lemma-level replacements, so direct dependence would require substantial lexical rewriting. | This block is under order pressure: 11 primary pairs show local reordering and 69 secondary echoes touch the block.","After Markan masking, common sayings/tradition has lower burden; direct use requires explaining Matthean clustering/fulfillment additions.",Matthew relocates Lukan/Luke-like sayings into large discourses and overlays Matthean fulfillment/Jewish-teaching structure.
Matthew↔Luke,28,Matt 24:2–Matt 24:35 / Luke 21:6–Luke 21:33,14,0.517871,34,28,Matt 24:2–Matt 24:35,Luke 21:6–Luke 21:33,,"ὁ δὲ ⸀ἀποκριθεὶς εἶπεν αὐτοῖς· Οὐ βλέπετε ⸂ταῦτα πάντα⸃; ἀμὴν λέγω ὑμῖν, οὐ μὴ ἀφεθῇ ὧδε λίθος ἐπὶ λίθον ὃς οὐ καταλυθήσεται. Καθημένου δὲ αὐτοῦ ἐπὶ τοῦ Ὄρους τῶν Ἐλαιῶν προσῆλθον αὐτῷ οἱ μαθηταὶ κατʼ ἰδίαν λέγοντες· Εἰπὸν ἡμῖν πότε ταῦτα ἔσται, καὶ τί τὸ σημεῖον τῆς σῆς παρουσίας ⸀καὶ συντελείας τοῦ αἰῶνος. καὶ ἀποκριθεὶς ὁ Ἰησοῦς εἶπεν αὐτοῖς· Βλέπετε μή τις ὑμᾶς πλανήσῃ·","Ταῦτα ἃ θεωρεῖτε, ἐλεύσονται ἡμέραι ἐν αἷς οὐκ ἀφεθήσεται λίθος ἐπὶ ⸀λίθῳ ὃς οὐ καταλυθήσεται. Ἐπηρώτησαν δὲ αὐτὸν λέγοντες· Διδάσκαλε, πότε οὖν ταῦτα ἔσται, καὶ τί τὸ σημεῖον ὅταν μέλλῃ ταῦτα γίνεσθαι; ὁ δὲ εἶπεν· Βλέπετε μὴ πλανηθῆτε· πολλοὶ γὰρ ἐλεύσονται ἐπὶ τῷ ὀνόματί μου ⸀λέγοντες· Ἐγώ εἰμι καί· Ὁ καιρὸς ἤγγικεν· ⸀μὴ πορευθῆτε ὀπίσω αὐτῶν.",luke_used_matthew,Matthew,Luke,Matt 24:2–Matt 24:35,Luke 21:6–Luke 21:33,compression; lexical_paraphrase; reordering_or_redistribution; matthean_diction_reduced,6.113,"Luke span is shorter here (427 vs 544 tokens) and/or leaves more Matthean span material unmatched (20 Matt-only vs 14 Luke-only verses). | The matched pairs carry 31 lemma-level replacements, so direct dependence would require substantial lexical rewriting. | This block is under order pressure: 1 primary pairs show local reordering and 52 secondary echoes touch the block. | Matthew-specific diction is heavier in this block, so Luke later would be reducing some Matthean phrasing if direct dependence is assumed.","After Markan masking, common sayings/tradition has lower burden; direct use requires explaining Lukan redistribution of Matthean clusters.","Luke deliberately disperses, abbreviates, and de-Mattheanizes Matthean sayings into Lukan narrative/travel contexts."
Matthew↔Luke,28,Matt 24:2–Matt 24:35 / Luke 21:6–Luke 21:33,14,0.517871,34,28,Matt 24:2–Matt 24:35,Luke 21:6–Luke 21:33,,"ὁ δὲ ⸀ἀποκριθεὶς εἶπεν αὐτοῖς· Οὐ βλέπετε ⸂ταῦτα πάντα⸃; ἀμὴν λέγω ὑμῖν, οὐ μὴ ἀφεθῇ ὧδε λίθος ἐπὶ λίθον ὃς οὐ καταλυθήσεται. Καθημένου δὲ αὐτοῦ ἐπὶ τοῦ Ὄρους τῶν Ἐλαιῶν προσῆλθον αὐτῷ οἱ μαθηταὶ κατʼ ἰδίαν λέγοντες· Εἰπὸν ἡμῖν πότε ταῦτα ἔσται, καὶ τί τὸ σημεῖον τῆς σῆς παρουσίας ⸀καὶ συντελείας τοῦ αἰῶνος. καὶ ἀποκριθεὶς ὁ Ἰησοῦς εἶπεν αὐτοῖς· Βλέπετε μή τις ὑμᾶς πλανήσῃ·","Ταῦτα ἃ θεωρεῖτε, ἐλεύσονται ἡμέραι ἐν αἷς οὐκ ἀφεθήσεται λίθος ἐπὶ ⸀λίθῳ ὃς οὐ καταλυθήσεται. Ἐπηρώτησαν δὲ αὐτὸν λέγοντες· Διδάσκαλε, πότε οὖν ταῦτα ἔσται, καὶ τί τὸ σημεῖον ὅταν μέλλῃ ταῦτα γίνεσθαι; ὁ δὲ εἶπεν· Βλέπετε μὴ πλανηθῆτε· πολλοὶ γὰρ ἐλεύσονται ἐπὶ τῷ ὀνόματί μου ⸀λέγοντες· Ἐγώ εἰμι καί· Ὁ καιρὸς ἤγγικεν· ⸀μὴ πορευθῆτε ὀπίσω αὐτῶν.",matthew_used_luke,Luke,Matthew,Luke 21:6–Luke 21:33,Matt 24:2–Matt 24:35,compression; lexical_paraphrase; reordering_or_redistribution; lukan_diction_reworked,2.363,"Matthew later would need to compress some material (20 Matt-only vs 14 Luke-only verses in-block). | The matched pairs carry 31 lemma-level replacements, so direct dependence would require substantial lexical rewriting. | This block is under order pressure: 1 primary pairs show local reordering and 52 secondary echoes touch the block. | Luke-specific diction is heavier in this block, so Matthew later would be reworking some Lukan phrasing if direct dependence is assumed.","After Markan masking, common sayings/tradition has lower burden; direct use requires explaining Matthean clustering/fulfillment additions.",Matthew relocates Lukan/Luke-like sayings into large discourses and overlays Matthean fulfillment/Jewish-teaching structure.
Matthew↔Luke,29,Matt 26:3–Matt 26:29 / Luke 22:2–Luke 22:18,10,0.285976,27,17,Matt 26:3–Matt 26:29,Luke 22:2–Luke 22:18,,"Τότε συνήχθησαν οἱ ⸀ἀρχιερεῖς καὶ οἱ πρεσβύτεροι τοῦ λαοῦ εἰς τὴν αὐλὴν τοῦ ἀρχιερέως τοῦ λεγομένου Καϊάφα, καὶ συνεβουλεύσαντο ἵνα τὸν Ἰησοῦν δόλῳ κρατήσωσιν καὶ ἀποκτείνωσιν· ἔλεγον δέ· Μὴ ἐν τῇ ἑορτῇ, ἵνα μὴ θόρυβος γένηται ἐν τῷ λαῷ.","καὶ ἐζήτουν οἱ ἀρχιερεῖς καὶ οἱ γραμματεῖς τὸ πῶς ἀνέλωσιν αὐτόν, ἐφοβοῦντο γὰρ τὸν λαόν. Εἰσῆλθεν δὲ Σατανᾶς εἰς Ἰούδαν τὸν ⸀καλούμενον Ἰσκαριώτην, ὄντα ἐκ τοῦ ἀριθμοῦ τῶν δώδεκα· καὶ ἀπελθὼν συνελάλησεν τοῖς ἀρχιερεῦσιν καὶ στρατηγοῖς τὸ πῶς ⸂αὐτοῖς παραδῷ αὐτόν⸃.",luke_used_matthew,Matthew,Luke,Matt 26:3–Matt 26:29,Luke 22:2–Luke 22:18,compression; lexical_paraphrase; reordering_or_redistribution; matthean_diction_reduced,8.649,"Luke span is shorter here (229 vs 418 tokens) and/or leaves more Matthean span material unmatched (17 Matt-only vs 7 Luke-only verses). | The matched pairs carry 43 lemma-level replacements, so direct dependence would require substantial lexical rewriting. | This block is under order pressure: 5 primary pairs show local reordering and 33 secondary echoes touch the block. | Matthew-specific diction is heavier in this block, so Luke later would be reducing some Matthean phrasing if direct dependence is assumed.","After Markan masking, common sayings/tradition has lower burden; direct use requires explaining Lukan redistribution of Matthean clusters.","Luke deliberately disperses, abbreviates, and de-Mattheanizes Matthean sayings into Lukan narrative/travel contexts."
Matthew↔Luke,29,Matt 26:3–Matt 26:29 / Luke 22:2–Luke 22:18,10,0.285976,27,17,Matt 26:3–Matt 26:29,Luke 22:2–Luke 22:18,,"Τότε συνήχθησαν οἱ ⸀ἀρχιερεῖς καὶ οἱ πρεσβύτεροι τοῦ λαοῦ εἰς τὴν αὐλὴν τοῦ ἀρχιερέως τοῦ λεγομένου Καϊάφα, καὶ συνεβουλεύσαντο ἵνα τὸν Ἰησοῦν δόλῳ κρατήσωσιν καὶ ἀποκτείνωσιν· ἔλεγον δέ· Μὴ ἐν τῇ ἑορτῇ, ἵνα μὴ θόρυβος γένηται ἐν τῷ λαῷ.","καὶ ἐζήτουν οἱ ἀρχιερεῖς καὶ οἱ γραμματεῖς τὸ πῶς ἀνέλωσιν αὐτόν, ἐφοβοῦντο γὰρ τὸν λαόν. Εἰσῆλθεν δὲ Σατανᾶς εἰς Ἰούδαν τὸν ⸀καλούμενον Ἰσκαριώτην, ὄντα ἐκ τοῦ ἀριθμοῦ τῶν δώδεκα· καὶ ἀπελθὼν συνελάλησεν τοῖς ἀρχιερεῦσιν καὶ στρατηγοῖς τὸ πῶς ⸂αὐτοῖς παραδῷ αὐτόν⸃.",matthew_used_luke,Luke,Matthew,Luke 22:2–Luke 22:18,Matt 26:3–Matt 26:29,compression; lexical_paraphrase; reordering_or_redistribution; lukan_diction_reworked,2.566,"Matthew later would need to compress some material (17 Matt-only vs 7 Luke-only verses in-block). | The matched pairs carry 43 lemma-level replacements, so direct dependence would require substantial lexical rewriting. | This block is under order pressure: 5 primary pairs show local reordering and 33 secondary echoes touch the block. | Luke-specific diction is heavier in this block, so Matthew later would be reworking some Lukan phrasing if direct dependence is assumed.","After Markan masking, common sayings/tradition has lower burden; direct use requires explaining Matthean clustering/fulfillment additions.",Matthew relocates Lukan/Luke-like sayings into large discourses and overlays Matthean fulfillment/Jewish-teaching structure.
Matthew↔Luke,30,Matt 26:30–Matt 28:8 / Luke 22:39–Luke 24:12,32,0.282191,120,100,Matt 26:30–Matt 28:8,Luke 22:39–Luke 24:12,,"καὶ ὑμνήσαντες ἐξῆλθον εἰς τὸ Ὄρος τῶν Ἐλαιῶν. Τότε λέγει αὐτοῖς ὁ Ἰησοῦς· Πάντες ὑμεῖς σκανδαλισθήσεσθε ἐν ἐμοὶ ἐν τῇ νυκτὶ ταύτῃ, γέγραπται γάρ· Πατάξω τὸν ποιμένα, καὶ ⸀διασκορπισθήσονται τὰ πρόβατα τῆς ποίμνης· μετὰ δὲ τὸ ἐγερθῆναί με προάξω ὑμᾶς εἰς τὴν Γαλιλαίαν.","Καὶ ἐξελθὼν ἐπορεύθη κατὰ τὸ ἔθος εἰς τὸ Ὄρος τῶν Ἐλαιῶν· ἠκολούθησαν δὲ αὐτῷ καὶ οἱ ⸀μαθηταί. γενόμενος δὲ ἐπὶ τοῦ τόπου εἶπεν αὐτοῖς· Προσεύχεσθε μὴ εἰσελθεῖν εἰς πειρασμόν. καὶ αὐτὸς ἀπεσπάσθη ἀπʼ αὐτῶν ὡσεὶ λίθου βολήν, καὶ θεὶς τὰ γόνατα προσηύχετο",luke_used_matthew,Matthew,Luke,Matt 26:30–Matt 28:8,Luke 22:39–Luke 24:12,compression; lexical_paraphrase; reordering_or_redistribution; matthean_diction_reduced; scriptural_framing_reduced,20.403,"Luke span is shorter here (1521 vs 1933 tokens) and/or leaves more Matthean span material unmatched (88 Matt-only vs 68 Luke-only verses). | The matched pairs carry 120 lemma-level replacements, so direct dependence would require substantial lexical rewriting. | This block is under order pressure: 15 primary pairs show local reordering and 115 secondary echoes touch the block. | Matthew-specific diction is heavier in this block, so Luke later would be reducing some Matthean phrasing if direct dependence is assumed.","After Markan masking, common sayings/tradition has lower burden; direct use requires explaining Lukan redistribution of Matthean clusters.","Luke deliberately disperses, abbreviates, and de-Mattheanizes Matthean sayings into Lukan narrative/travel contexts."
Matthew↔Luke,30,Matt 26:30–Matt 28:8 / Luke 22:39–Luke 24:12,32,0.282191,120,100,Matt 26:30–Matt 28:8,Luke 22:39–Luke 24:12,,"καὶ ὑμνήσαντες ἐξῆλθον εἰς τὸ Ὄρος τῶν Ἐλαιῶν. Τότε λέγει αὐτοῖς ὁ Ἰησοῦς· Πάντες ὑμεῖς σκανδαλισθήσεσθε ἐν ἐμοὶ ἐν τῇ νυκτὶ ταύτῃ, γέγραπται γάρ· Πατάξω τὸν ποιμένα, καὶ ⸀διασκορπισθήσονται τὰ πρόβατα τῆς ποίμνης· μετὰ δὲ τὸ ἐγερθῆναί με προάξω ὑμᾶς εἰς τὴν Γαλιλαίαν.","Καὶ ἐξελθὼν ἐπορεύθη κατὰ τὸ ἔθος εἰς τὸ Ὄρος τῶν Ἐλαιῶν· ἠκολούθησαν δὲ αὐτῷ καὶ οἱ ⸀μαθηταί. γενόμενος δὲ ἐπὶ τοῦ τόπου εἶπεν αὐτοῖς· Προσεύχεσθε μὴ εἰσελθεῖν εἰς πειρασμόν. καὶ αὐτὸς ἀπεσπάσθη ἀπʼ αὐτῶν ὡσεὶ λίθου βολήν, καὶ θεὶς τὰ γόνατα προσηύχετο",matthew_used_luke,Luke,Matthew,Luke 22:39–Luke 24:12,Matt 26:30–Matt 28:8,compression; lexical_paraphrase; reordering_or_redistribution; lukan_diction_reworked; scripturalization_added,7.292,"Matthew later would need to compress some material (88 Matt-only vs 68 Luke-only verses in-block). | The matched pairs carry 120 lemma-level replacements, so direct dependence would require substantial lexical rewriting. | This block is under order pressure: 15 primary pairs show local reordering and 115 secondary echoes touch the block. | Luke-specific diction is heavier in this block, so Matthew later would be reworking some Lukan phrasing if direct dependence is assumed.","After Markan masking, common sayings/tradition has lower burden; direct use requires explaining Matthean clustering/fulfillment additions.",Matthew relocates Lukan/Luke-like sayings into large discourses and overlays Matthean fulfillment/Jewish-teaching structure.
Matthew↔Luke,31,Matt 28:16–Matt 28:16 / Luke 24:28–Luke 24:28,1,0.122325,1,1,Matt 28:16–Matt 28:16,Luke 24:28–Luke 24:28,,"Οἱ δὲ ἕνδεκα μαθηταὶ ἐπορεύθησαν εἰς τὴν Γαλιλαίαν εἰς τὸ ὄρος οὗ ἐτάξατο αὐτοῖς ὁ Ἰησοῦς,","Καὶ ἤγγισαν εἰς τὴν κώμην οὗ ἐπορεύοντο, καὶ αὐτὸς ⸀προσεποιήσατο ⸀πορρώτερον πορεύεσθαι.",luke_used_matthew,Matthew,Luke,Matt 28:16–Matt 28:16,Luke 24:28–Luke 24:28,compression; lexical_paraphrase,1.105,"Luke span is shorter here (12 vs 16 tokens) and/or leaves more Matthean span material unmatched (0 Matt-only vs 0 Luke-only verses). | The matched pairs carry 6 lemma-level replacements, so direct dependence would require substantial lexical rewriting.","After Markan masking, common sayings/tradition has lower burden; direct use requires explaining Lukan redistribution of Matthean clusters.","Luke deliberately disperses, abbreviates, and de-Mattheanizes Matthean sayings into Lukan narrative/travel contexts."
Matthew↔Luke,31,Matt 28:16–Matt 28:16 / Luke 24:28–Luke 24:28,1,0.122325,1,1,Matt 28:16–Matt 28:16,Luke 24:28–Luke 24:28,,"Οἱ δὲ ἕνδεκα μαθηταὶ ἐπορεύθησαν εἰς τὴν Γαλιλαίαν εἰς τὸ ὄρος οὗ ἐτάξατο αὐτοῖς ὁ Ἰησοῦς,","Καὶ ἤγγισαν εἰς τὴν κώμην οὗ ἐπορεύοντο, καὶ αὐτὸς ⸀προσεποιήσατο ⸀πορρώτερον πορεύεσθαι.",matthew_used_luke,Luke,Matthew,Luke 24:28–Luke 24:28,Matt 28:16–Matt 28:16,compression; lexical_paraphrase,0.994,"Matthew later would need to compress some material (0 Matt-only vs 0 Luke-only verses in-block). | The matched pairs carry 6 lemma-level replacements, so direct dependence would require substantial lexical rewriting.","After Markan masking, common sayings/tradition has lower burden; direct use requires explaining Matthean clustering/fulfillment additions.",Matthew relocates Lukan/Luke-like sayings into large discourses and overlays Matthean fulfillment/Jewish-teaching structure.
Matthew↔Luke,32,Matt 28:19–Matt 28:20 / Luke 24:47–Luke 24:53,2,0.130623,2,7,Matt 28:19–Matt 28:20,Luke 24:47–Luke 24:53,,"πορευθέντες ⸀οὖν μαθητεύσατε πάντα τὰ ἔθνη, ⸀βαπτίζοντες αὐτοὺς εἰς τὸ ὄνομα τοῦ πατρὸς καὶ τοῦ υἱοῦ καὶ τοῦ ἁγίου πνεύματος, διδάσκοντες αὐτοὺς τηρεῖν πάντα ὅσα ἐνετειλάμην ὑμῖν· καὶ ἰδοὺ ἐγὼ μεθʼ ὑμῶν εἰμι πάσας τὰς ἡμέρας ἕως τῆς συντελείας τοῦ ⸀αἰῶνος.",καὶ κηρυχθῆναι ἐπὶ τῷ ὀνόματι αὐτοῦ μετάνοιαν ⸀καὶ ἄφεσιν ἁμαρτιῶν εἰς πάντα τὰ ἔθνη— ⸀ἀρξάμενοι ἀπὸ Ἰερουσαλήμ· ὑμεῖς ⸀ἐστε μάρτυρες τούτων. καὶ ἰδοὺ ἐγὼ ⸀ἐξαποστέλλω τὴν ἐπαγγελίαν τοῦ πατρός μου ἐφʼ ὑμᾶς· ὑμεῖς δὲ καθίσατε ἐν τῇ ⸀πόλει ἕως οὗ ἐνδύσησθε ⸂ἐξ ὕψους δύναμιν⸃.,luke_used_matthew,Matthew,Luke,Matt 28:19–Matt 28:20,Luke 24:47–Luke 24:53,expansion; lexical_paraphrase; reordering_or_redistribution,1.31,"Luke later would need to expand or clarify some material (5 Luke-only vs 0 Matt-only verses in-block). | The matched pairs carry 13 lemma-level replacements, so direct dependence would require substantial lexical rewriting. | This block is under order pressure: 2 primary pairs show local reordering and 3 secondary echoes touch the block.","After Markan masking, common sayings/tradition has lower burden; direct use requires explaining Lukan redistribution of Matthean clusters.","Luke deliberately disperses, abbreviates, and de-Mattheanizes Matthean sayings into Lukan narrative/travel contexts."
Matthew↔Luke,32,Matt 28:19–Matt 28:20 / Luke 24:47–Luke 24:53,2,0.130623,2,7,Matt 28:19–Matt 28:20,Luke 24:47–Luke 24:53,,"πορευθέντες ⸀οὖν μαθητεύσατε πάντα τὰ ἔθνη, ⸀βαπτίζοντες αὐτοὺς εἰς τὸ ὄνομα τοῦ πατρὸς καὶ τοῦ υἱοῦ καὶ τοῦ ἁγίου πνεύματος, διδάσκοντες αὐτοὺς τηρεῖν πάντα ὅσα ἐνετειλάμην ὑμῖν· καὶ ἰδοὺ ἐγὼ μεθʼ ὑμῶν εἰμι πάσας τὰς ἡμέρας ἕως τῆς συντελείας τοῦ ⸀αἰῶνος.",καὶ κηρυχθῆναι ἐπὶ τῷ ὀνόματι αὐτοῦ μετάνοιαν ⸀καὶ ἄφεσιν ἁμαρτιῶν εἰς πάντα τὰ ἔθνη— ⸀ἀρξάμενοι ἀπὸ Ἰερουσαλήμ· ὑμεῖς ⸀ἐστε μάρτυρες τούτων. καὶ ἰδοὺ ἐγὼ ⸀ἐξαποστέλλω τὴν ἐπαγγελίαν τοῦ πατρός μου ἐφʼ ὑμᾶς· ὑμεῖς δὲ καθίσατε ἐν τῇ ⸀πόλει ἕως οὗ ἐνδύσησθε ⸂ἐξ ὕψους δύναμιν⸃.,matthew_used_luke,Luke,Matthew,Luke 24:47–Luke 24:53,Matt 28:19–Matt 28:20,expansion; lexical_paraphrase; reordering_or_redistribution,3.143,"Matthew span is longer here (41 vs 92 tokens) and/or leaves more Lukan span material unmatched (5 Luke-only vs 0 Matt-only verses). | The matched pairs carry 13 lemma-level replacements, so direct dependence would require substantial lexical rewriting. | This block is under order pressure: 2 primary pairs show local reordering and 3 secondary echoes touch the block.","After Markan masking, common sayings/tradition has lower burden; direct use requires explaining Matthean clustering/fulfillment additions.",Matthew relocates Lukan/Luke-like sayings into large discourses and overlays Matthean fulfillment/Jewish-teaching structure.
