rank_in_chain	matt_ref	luke_ref	score	op_index	op	matt_segment	luke_segment
1	Matt 1:25	Luke 1:31	0.420808	1	equal	και	και
1	Matt 1:25	Luke 1:31	0.420808	2	replace	ουκ εγινωσκεν αυτην εωσ ου ετεκεν	ιδου συλλημψη εν γαστρι και τεξη
1	Matt 1:25	Luke 1:31	0.420808	3	equal	υιον και	υιον και
1	Matt 1:25	Luke 1:31	0.420808	4	replace	εκαλεσεν	καλεσεισ
1	Matt 1:25	Luke 1:31	0.420808	5	equal	το ονομα αυτου ιησουν	το ονομα αυτου ιησουν
2	Matt 3:7	Luke 3:7	0.509213	1	replace	ιδων δε πολλουσ των φαρισαιων και σαδδουκαιων ερχομενουσ επι το βαπτισμα	ελεγεν ουν τοισ εκπορευομενοισ οχλοισ βαπτισθηναι υπ
2	Matt 3:7	Luke 3:7	0.509213	2	equal	αυτου	αυτου
2	Matt 3:7	Luke 3:7	0.509213	3	delete	ειπεν αυτοισ	
2	Matt 3:7	Luke 3:7	0.509213	4	equal	γεννηματα εχιδνων τισ υπεδειξεν υμιν φυγειν απο τησ μελλουσησ οργησ	γεννηματα εχιδνων τισ υπεδειξεν υμιν φυγειν απο τησ μελλουσησ οργησ
3	Matt 3:9	Luke 3:8	0.848287	1	insert		ποιησατε ουν καρπουσ αξιουσ τησ μετανοιασ
3	Matt 3:9	Luke 3:8	0.848287	2	equal	και μη	και μη
3	Matt 3:9	Luke 3:8	0.848287	3	replace	δοξητε	αρξησθε
3	Matt 3:9	Luke 3:8	0.848287	4	equal	λεγειν εν εαυτοισ πατερα εχομεν τον αβρααμ λεγω γαρ υμιν οτι δυναται ο θεοσ εκ των λιθων τουτων εγειραι τεκνα τω αβρααμ	λεγειν εν εαυτοισ πατερα εχομεν τον αβρααμ λεγω γαρ υμιν οτι δυναται ο θεοσ εκ των λιθων τουτων εγειραι τεκνα τω αβρααμ
4	Matt 3:10	Luke 3:9	0.936615	1	equal	ηδη δε	ηδη δε
4	Matt 3:10	Luke 3:9	0.936615	2	insert		και
4	Matt 3:10	Luke 3:9	0.936615	3	equal	η αξινη προσ την ριζαν των δενδρων κειται παν ουν δενδρον μη ποιουν καρπον καλον εκκοπτεται και εισ πυρ βαλλεται	η αξινη προσ την ριζαν των δενδρων κειται παν ουν δενδρον μη ποιουν καρπον καλον εκκοπτεται και εισ πυρ βαλλεται
5	Matt 3:12	Luke 3:17	0.749568	1	equal	ου το πτυον εν τη χειρι αυτου	ου το πτυον εν τη χειρι αυτου
5	Matt 3:12	Luke 3:17	0.749568	2	replace	και διακαθαριει	διακαθαραι
5	Matt 3:12	Luke 3:17	0.749568	3	equal	την αλωνα αυτου και	την αλωνα αυτου και
5	Matt 3:12	Luke 3:17	0.749568	4	replace	συναξει	συναγαγειν
5	Matt 3:12	Luke 3:17	0.749568	5	equal	τον σιτον	τον σιτον
5	Matt 3:12	Luke 3:17	0.749568	6	delete	αυτου	
5	Matt 3:12	Luke 3:17	0.749568	7	equal	εισ την αποθηκην	εισ την αποθηκην
5	Matt 3:12	Luke 3:17	0.749568	8	insert		αυτου
5	Matt 3:12	Luke 3:17	0.749568	9	equal	το δε αχυρον κατακαυσει πυρι ασβεστω	το δε αχυρον κατακαυσει πυρι ασβεστω
6	Matt 4:2	Luke 4:2	0.338996	1	delete	και νηστευσασ	
6	Matt 4:2	Luke 4:2	0.338996	2	equal	ημερασ τεσσερακοντα	ημερασ τεσσερακοντα
6	Matt 4:2	Luke 4:2	0.338996	3	insert		πειραζομενοσ υπο του διαβολου
6	Matt 4:2	Luke 4:2	0.338996	4	equal	και	και
6	Matt 4:2	Luke 4:2	0.338996	5	replace	νυκτασ τεσσερακοντα υστερον	ουκ εφαγεν ουδεν εν ταισ ημεραισ εκειναισ και συντελεσθεισων αυτων
6	Matt 4:2	Luke 4:2	0.338996	6	equal	επεινασεν	επεινασεν
7	Matt 4:3	Luke 4:3	0.572487	1	replace	και προσελθων	ειπεν δε αυτω
7	Matt 4:3	Luke 4:3	0.572487	2	equal	ο	ο
7	Matt 4:3	Luke 4:3	0.572487	3	replace	πειραζων ειπεν αυτω	διαβολοσ
7	Matt 4:3	Luke 4:3	0.572487	4	equal	ει υιοσ ει του θεου ειπε	ει υιοσ ει του θεου ειπε
7	Matt 4:3	Luke 4:3	0.572487	5	insert		τω λιθω τουτω
7	Matt 4:3	Luke 4:3	0.572487	6	equal	ινα	ινα
7	Matt 4:3	Luke 4:3	0.572487	7	replace	οι λιθοι ουτοι αρτοι γενωνται	γενηται αρτοσ
8	Matt 4:4	Luke 4:4	0.472079	1	insert		και απεκριθη προσ αυτον
8	Matt 4:4	Luke 4:4	0.472079	2	equal	ο	ο
8	Matt 4:4	Luke 4:4	0.472079	3	replace	δε αποκριθεισ ειπεν	ιησουσ
8	Matt 4:4	Luke 4:4	0.472079	4	equal	γεγραπται	γεγραπται
8	Matt 4:4	Luke 4:4	0.472079	5	insert		οτι
8	Matt 4:4	Luke 4:4	0.472079	6	equal	ουκ επ αρτω μονω ζησεται ο ανθρωποσ	ουκ επ αρτω μονω ζησεται ο ανθρωποσ
8	Matt 4:4	Luke 4:4	0.472079	7	delete	αλλ επι παντι ρηματι εκπορευομενω δια στοματοσ θεου	
9	Matt 4:5	Luke 4:9	0.378854	1	replace	τοτε παραλαμβανει	ηγαγεν δε
9	Matt 4:5	Luke 4:9	0.378854	2	equal	αυτον	αυτον
9	Matt 4:5	Luke 4:9	0.378854	3	delete	ο διαβολοσ	
9	Matt 4:5	Luke 4:9	0.378854	4	equal	εισ	εισ
9	Matt 4:5	Luke 4:9	0.378854	5	replace	την αγιαν πολιν	ιερουσαλημ
9	Matt 4:5	Luke 4:9	0.378854	6	equal	και εστησεν	και εστησεν
9	Matt 4:5	Luke 4:9	0.378854	7	delete	αυτον	
9	Matt 4:5	Luke 4:9	0.378854	8	equal	επι το πτερυγιον του ιερου	επι το πτερυγιον του ιερου
9	Matt 4:5	Luke 4:9	0.378854	9	insert		και ειπεν αυτω ει υιοσ ει του θεου βαλε σεαυτον εντευθεν κατω
10	Matt 4:6	Luke 4:11	0.595825	1	equal	και	και
10	Matt 4:6	Luke 4:11	0.595825	2	delete	λεγει αυτω ει υιοσ ει του θεου βαλε σεαυτον κατω γεγραπται γαρ	
10	Matt 4:6	Luke 4:11	0.595825	3	equal	οτι	οτι
10	Matt 4:6	Luke 4:11	0.595825	4	delete	τοισ αγγελοισ αυτου εντελειται περι σου και	
10	Matt 4:6	Luke 4:11	0.595825	5	equal	επι χειρων αρουσιν σε μηποτε προσκοψησ προσ λιθον τον ποδα σου	επι χειρων αρουσιν σε μηποτε προσκοψησ προσ λιθον τον ποδα σου
11	Matt 5:3	Luke 6:20	0.373554	1	insert		και αυτοσ επαρασ τουσ οφθαλμουσ αυτου εισ τουσ μαθητασ αυτου ελεγεν
11	Matt 5:3	Luke 6:20	0.373554	2	equal	μακαριοι οι πτωχοι	μακαριοι οι πτωχοι
11	Matt 5:3	Luke 6:20	0.373554	3	delete	τω πνευματι	
11	Matt 5:3	Luke 6:20	0.373554	4	equal	οτι	οτι
11	Matt 5:3	Luke 6:20	0.373554	5	replace	αυτων	υμετερα
11	Matt 5:3	Luke 6:20	0.373554	6	equal	εστιν η βασιλεια	εστιν η βασιλεια
11	Matt 5:3	Luke 6:20	0.373554	7	replace	των ουρανων	του θεου
12	Matt 5:6	Luke 6:21	0.341208	1	equal	μακαριοι οι πεινωντεσ	μακαριοι οι πεινωντεσ
12	Matt 5:6	Luke 6:21	0.341208	2	replace	και διψωντεσ την δικαιοσυνην	νυν
12	Matt 5:6	Luke 6:21	0.341208	3	equal	οτι	οτι
12	Matt 5:6	Luke 6:21	0.341208	4	replace	αυτοι χορτασθησονται	χορτασθησεσθε μακαριοι οι κλαιοντεσ νυν οτι γελασετε
13	Matt 5:11	Luke 6:22	0.339832	1	equal	μακαριοι εστε οταν	μακαριοι εστε οταν
13	Matt 5:11	Luke 6:22	0.339832	2	replace	ονειδισωσιν	μισησωσιν υμασ οι ανθρωποι και οταν αφορισωσιν
13	Matt 5:11	Luke 6:22	0.339832	3	equal	υμασ και	υμασ και
13	Matt 5:11	Luke 6:22	0.339832	4	replace	διωξωσιν	ονειδισωσιν
13	Matt 5:11	Luke 6:22	0.339832	5	equal	και	και
13	Matt 5:11	Luke 6:22	0.339832	6	replace	ειπωσιν παν	εκβαλωσιν το ονομα υμων ωσ
13	Matt 5:11	Luke 6:22	0.339832	7	equal	πονηρον	πονηρον
13	Matt 5:11	Luke 6:22	0.339832	8	replace	καθ υμων ψευδομενοι ενεκεν εμου	ενεκα του υιου του ανθρωπου
14	Matt 5:12	Luke 6:23	0.373106	1	replace	χαιρετε	χαρητε εν εκεινη τη ημερα
14	Matt 5:12	Luke 6:23	0.373106	2	equal	και	και
14	Matt 5:12	Luke 6:23	0.373106	3	replace	αγαλλιασθε οτι	σκιρτησατε ιδου γαρ
14	Matt 5:12	Luke 6:23	0.373106	4	equal	ο μισθοσ υμων πολυσ εν	ο μισθοσ υμων πολυσ εν
14	Matt 5:12	Luke 6:23	0.373106	5	insert		τω ουρανω κατα τα αυτα γαρ εποιουν
14	Matt 5:12	Luke 6:23	0.373106	6	equal	τοισ	τοισ
14	Matt 5:12	Luke 6:23	0.373106	7	replace	ουρανοισ ουτωσ γαρ εδιωξαν τουσ προφητασ τουσ προ υμων	προφηταισ οι πατερεσ αυτων
15	Matt 5:44	Luke 6:27	0.387443	1	replace	εγω δε	αλλα υμιν
15	Matt 5:44	Luke 6:27	0.387443	2	equal	λεγω	λεγω
15	Matt 5:44	Luke 6:27	0.387443	3	replace	υμιν	τοισ ακουουσιν
15	Matt 5:44	Luke 6:27	0.387443	4	equal	αγαπατε τουσ εχθρουσ υμων	αγαπατε τουσ εχθρουσ υμων
15	Matt 5:44	Luke 6:27	0.387443	5	replace	και προσευχεσθε υπερ των διωκοντων	καλωσ ποιειτε τοισ μισουσιν
15	Matt 5:44	Luke 6:27	0.387443	6	equal	υμασ	υμασ
16	Matt 7:1	Luke 6:37	0.342096	1	insert		και
16	Matt 7:1	Luke 6:37	0.342096	2	equal	μη κρινετε	μη κρινετε
16	Matt 7:1	Luke 6:37	0.342096	3	replace	ινα	και ου
16	Matt 7:1	Luke 6:37	0.342096	4	equal	μη κριθητε	μη κριθητε
16	Matt 7:1	Luke 6:37	0.342096	5	insert		και μη καταδικαζετε και ου μη καταδικασθητε απολυετε και απολυθησεσθε
17	Matt 7:3	Luke 6:41	0.764073	1	equal	τι δε βλεπεισ το καρφοσ το εν τω οφθαλμω του αδελφου σου την δε	τι δε βλεπεισ το καρφοσ το εν τω οφθαλμω του αδελφου σου την δε
17	Matt 7:3	Luke 6:41	0.764073	2	insert		δοκον την
17	Matt 7:3	Luke 6:41	0.764073	3	equal	εν τω	εν τω
17	Matt 7:3	Luke 6:41	0.764073	4	replace	σω	ιδιω
17	Matt 7:3	Luke 6:41	0.764073	5	equal	οφθαλμω	οφθαλμω
17	Matt 7:3	Luke 6:41	0.764073	6	delete	δοκον	
17	Matt 7:3	Luke 6:41	0.764073	7	equal	ου κατανοεισ	ου κατανοεισ
18	Matt 7:4	Luke 6:42	0.536049	1	delete	η	
18	Matt 7:4	Luke 6:42	0.536049	2	equal	πωσ	πωσ
18	Matt 7:4	Luke 6:42	0.536049	3	replace	ερεισ	δυνασαι λεγειν
18	Matt 7:4	Luke 6:42	0.536049	4	equal	τω αδελφω σου	τω αδελφω σου
18	Matt 7:4	Luke 6:42	0.536049	5	insert		αδελφε
18	Matt 7:4	Luke 6:42	0.536049	6	equal	αφεσ εκβαλω το καρφοσ	αφεσ εκβαλω το καρφοσ
18	Matt 7:4	Luke 6:42	0.536049	7	insert		το εν τω οφθαλμω σου αυτοσ την εν τω οφθαλμω σου δοκον ου βλεπων υποκριτα εκβαλε πρωτον την δοκον
18	Matt 7:4	Luke 6:42	0.536049	8	equal	εκ του οφθαλμου σου και	εκ του οφθαλμου σου και
18	Matt 7:4	Luke 6:42	0.536049	9	replace	ιδου η δοκοσ	τοτε διαβλεψεισ το καρφοσ το
18	Matt 7:4	Luke 6:42	0.536049	10	equal	εν τω οφθαλμω	εν τω οφθαλμω
18	Matt 7:4	Luke 6:42	0.536049	11	insert		του αδελφου
18	Matt 7:4	Luke 6:42	0.536049	12	equal	σου	σου
18	Matt 7:4	Luke 6:42	0.536049	13	insert		εκβαλειν
19	Matt 7:18	Luke 6:43	0.435015	1	equal	ου	ου
19	Matt 7:18	Luke 6:43	0.435015	2	replace	δυναται	γαρ εστιν
19	Matt 7:18	Luke 6:43	0.435015	3	equal	δενδρον	δενδρον
19	Matt 7:18	Luke 6:43	0.435015	4	replace	αγαθον καρπουσ πονηρουσ ποιειν	καλον ποιουν καρπον σαπρον
19	Matt 7:18	Luke 6:43	0.435015	5	equal	ουδε	ουδε
19	Matt 7:18	Luke 6:43	0.435015	6	insert		παλιν
19	Matt 7:18	Luke 6:43	0.435015	7	equal	δενδρον σαπρον	δενδρον σαπρον
19	Matt 7:18	Luke 6:43	0.435015	8	replace	καρπουσ καλουσ ποιειν	ποιουν καρπον καλον
20	Matt 8:8	Luke 7:7	0.427947	1	replace	και αποκριθεισ ο εκατονταρχοσ εφη κυριε ουκ ειμι ικανοσ ινα μου υπο την στεγην εισελθησ	διο ουδε εμαυτον ηξιωσα προσ σε ελθειν
20	Matt 8:8	Luke 7:7	0.427947	2	equal	αλλα	αλλα
20	Matt 8:8	Luke 7:7	0.427947	3	delete	μονον	
20	Matt 8:8	Luke 7:7	0.427947	4	equal	ειπε λογω και	ειπε λογω και
20	Matt 8:8	Luke 7:7	0.427947	5	replace	ιαθησεται	ιαθητω
20	Matt 8:8	Luke 7:7	0.427947	6	equal	ο παισ μου	ο παισ μου
21	Matt 8:9	Luke 7:8	0.869664	1	equal	και γαρ εγω ανθρωποσ ειμι υπο εξουσιαν	και γαρ εγω ανθρωποσ ειμι υπο εξουσιαν
21	Matt 8:9	Luke 7:8	0.869664	2	insert		τασσομενοσ
21	Matt 8:9	Luke 7:8	0.869664	3	equal	εχων υπ εμαυτον στρατιωτασ και λεγω τουτω πορευθητι και πορευεται και αλλω ερχου και ερχεται και τω δουλω μου ποιησον τουτο και ποιει	εχων υπ εμαυτον στρατιωτασ και λεγω τουτω πορευθητι και πορευεται και αλλω ερχου και ερχεται και τω δουλω μου ποιησον τουτο και ποιει
22	Matt 8:10	Luke 7:9	0.655418	1	equal	ακουσασ δε	ακουσασ δε
22	Matt 8:10	Luke 7:9	0.655418	2	insert		ταυτα
22	Matt 8:10	Luke 7:9	0.655418	3	equal	ο ιησουσ εθαυμασεν	ο ιησουσ εθαυμασεν
22	Matt 8:10	Luke 7:9	0.655418	4	insert		αυτον
22	Matt 8:10	Luke 7:9	0.655418	5	equal	και	και
22	Matt 8:10	Luke 7:9	0.655418	6	insert		στραφεισ τω ακολουθουντι αυτω οχλω
22	Matt 8:10	Luke 7:9	0.655418	7	equal	ειπεν	ειπεν
22	Matt 8:10	Luke 7:9	0.655418	8	delete	τοισ ακολουθουσιν αμην	
22	Matt 8:10	Luke 7:9	0.655418	9	equal	λεγω υμιν	λεγω υμιν
22	Matt 8:10	Luke 7:9	0.655418	10	replace	παρ ουδενι τοσαυτην πιστιν	ουδε
22	Matt 8:10	Luke 7:9	0.655418	11	equal	εν τω ισραηλ	εν τω ισραηλ
22	Matt 8:10	Luke 7:9	0.655418	12	insert		τοσαυτην πιστιν
22	Matt 8:10	Luke 7:9	0.655418	13	equal	ευρον	ευρον
23	Matt 11:3	Luke 7:19	0.519428	1	replace	ειπεν αυτω	επεμψεν προσ τον κυριον λεγων
23	Matt 11:3	Luke 7:19	0.519428	2	equal	συ ει ο ερχομενοσ η	συ ει ο ερχομενοσ η
23	Matt 11:3	Luke 7:19	0.519428	3	replace	ετερον	αλλον
23	Matt 11:3	Luke 7:19	0.519428	4	equal	προσδοκωμεν	προσδοκωμεν
24	Matt 11:5	Luke 7:22	0.700909	1	insert		και αποκριθεισ ειπεν αυτοισ πορευθεντεσ απαγγειλατε ιωαννη α ειδετε και ηκουσατε
24	Matt 11:5	Luke 7:22	0.700909	2	equal	τυφλοι αναβλεπουσιν	τυφλοι αναβλεπουσιν
24	Matt 11:5	Luke 7:22	0.700909	3	delete	και	
24	Matt 11:5	Luke 7:22	0.700909	4	equal	χωλοι περιπατουσιν λεπροι καθαριζονται	χωλοι περιπατουσιν λεπροι καθαριζονται
24	Matt 11:5	Luke 7:22	0.700909	5	delete	και	
24	Matt 11:5	Luke 7:22	0.700909	6	equal	κωφοι ακουουσιν	κωφοι ακουουσιν
24	Matt 11:5	Luke 7:22	0.700909	7	delete	και	
24	Matt 11:5	Luke 7:22	0.700909	8	equal	νεκροι εγειρονται	νεκροι εγειρονται
24	Matt 11:5	Luke 7:22	0.700909	9	delete	και	
24	Matt 11:5	Luke 7:22	0.700909	10	equal	πτωχοι ευαγγελιζονται	πτωχοι ευαγγελιζονται
25	Matt 11:6	Luke 7:23	0.943357	1	equal	και μακαριοσ εστιν οσ εαν μη σκανδαλισθη εν εμοι	και μακαριοσ εστιν οσ εαν μη σκανδαλισθη εν εμοι
26	Matt 11:7	Luke 7:24	0.77343	1	replace	τουτων	απελθοντων
26	Matt 11:7	Luke 7:24	0.77343	2	equal	δε	δε
26	Matt 11:7	Luke 7:24	0.77343	3	replace	πορευομενων	των αγγελων ιωαννου
26	Matt 11:7	Luke 7:24	0.77343	4	equal	ηρξατο	ηρξατο
26	Matt 11:7	Luke 7:24	0.77343	5	delete	ο ιησουσ	
26	Matt 11:7	Luke 7:24	0.77343	6	equal	λεγειν	λεγειν
26	Matt 11:7	Luke 7:24	0.77343	7	replace	τοισ οχλοισ	προσ τουσ οχλουσ
26	Matt 11:7	Luke 7:24	0.77343	8	equal	περι ιωαννου τι εξηλθατε εισ την ερημον θεασασθαι καλαμον υπο ανεμου σαλευομενον	περι ιωαννου τι εξηλθατε εισ την ερημον θεασασθαι καλαμον υπο ανεμου σαλευομενον
27	Matt 11:8	Luke 7:25	0.593065	1	equal	αλλα τι εξηλθατε ιδειν ανθρωπον εν μαλακοισ	αλλα τι εξηλθατε ιδειν ανθρωπον εν μαλακοισ
27	Matt 11:8	Luke 7:25	0.593065	2	insert		ιματιοισ
27	Matt 11:8	Luke 7:25	0.593065	3	equal	ημφιεσμενον ιδου οι	ημφιεσμενον ιδου οι
27	Matt 11:8	Luke 7:25	0.593065	4	replace	τα μαλακα φορουντεσ	εν ιματισμω ενδοξω και τρυφη υπαρχοντεσ
27	Matt 11:8	Luke 7:25	0.593065	5	equal	εν τοισ	εν τοισ
27	Matt 11:8	Luke 7:25	0.593065	6	replace	οικοισ των βασιλεων	βασιλειοισ
27	Matt 11:8	Luke 7:25	0.593065	7	equal	εισιν	εισιν
28	Matt 11:9	Luke 7:26	0.864639	1	equal	αλλα τι εξηλθατε	αλλα τι εξηλθατε
28	Matt 11:9	Luke 7:26	0.864639	2	insert		ιδειν
28	Matt 11:9	Luke 7:26	0.864639	3	equal	προφητην	προφητην
28	Matt 11:9	Luke 7:26	0.864639	4	delete	ιδειν	
28	Matt 11:9	Luke 7:26	0.864639	5	equal	ναι λεγω υμιν και περισσοτερον προφητου	ναι λεγω υμιν και περισσοτερον προφητου
29	Matt 11:11	Luke 7:28	0.677339	1	delete	αμην	
29	Matt 11:11	Luke 7:28	0.677339	2	equal	λεγω υμιν	λεγω υμιν
29	Matt 11:11	Luke 7:28	0.677339	3	replace	ουκ εγηγερται	μειζων
29	Matt 11:11	Luke 7:28	0.677339	4	equal	εν γεννητοισ γυναικων	εν γεννητοισ γυναικων
29	Matt 11:11	Luke 7:28	0.677339	5	delete	μειζων	
29	Matt 11:11	Luke 7:28	0.677339	6	equal	ιωαννου	ιωαννου
29	Matt 11:11	Luke 7:28	0.677339	7	replace	του βαπτιστου	ουδεισ εστιν
29	Matt 11:11	Luke 7:28	0.677339	8	equal	ο δε μικροτεροσ εν τη βασιλεια	ο δε μικροτεροσ εν τη βασιλεια
29	Matt 11:11	Luke 7:28	0.677339	9	replace	των ουρανων	του θεου
29	Matt 11:11	Luke 7:28	0.677339	10	equal	μειζων αυτου εστιν	μειζων αυτου εστιν
30	Matt 11:16	Luke 7:31	0.347749	1	equal	τινι	τινι
30	Matt 11:16	Luke 7:31	0.347749	2	replace	δε	ουν
30	Matt 11:16	Luke 7:31	0.347749	3	equal	ομοιωσω	ομοιωσω
30	Matt 11:16	Luke 7:31	0.347749	4	replace	την γενεαν ταυτην ομοια εστιν παιδιοισ καθημενοισ εν ταισ αγοραισ α προσφωνουντα τοισ ετεροισ	τουσ ανθρωπουσ τησ γενεασ ταυτησ και τινι εισιν ομοιοι
31	Matt 11:17	Luke 7:32	0.541087	1	replace	λεγουσιν	ομοιοι εισιν παιδιοισ τοισ εν αγορα καθημενοισ και προσφωνουσιν αλληλοισ α λεγει
31	Matt 11:17	Luke 7:32	0.541087	2	equal	ηυλησαμεν υμιν και ουκ ωρχησασθε εθρηνησαμεν και ουκ	ηυλησαμεν υμιν και ουκ ωρχησασθε εθρηνησαμεν και ουκ
31	Matt 11:17	Luke 7:32	0.541087	3	replace	εκοψασθε	εκλαυσατε
32	Matt 11:18	Luke 7:33	0.57366	1	replace	ηλθεν	εληλυθεν
32	Matt 11:18	Luke 7:33	0.57366	2	equal	γαρ ιωαννησ	γαρ ιωαννησ
32	Matt 11:18	Luke 7:33	0.57366	3	replace	μητε	ο βαπτιστησ μη
32	Matt 11:18	Luke 7:33	0.57366	4	equal	εσθιων	εσθιων
32	Matt 11:18	Luke 7:33	0.57366	5	insert		αρτον
32	Matt 11:18	Luke 7:33	0.57366	6	equal	μητε πινων	μητε πινων
32	Matt 11:18	Luke 7:33	0.57366	7	insert		οινον
32	Matt 11:18	Luke 7:33	0.57366	8	equal	και	και
32	Matt 11:18	Luke 7:33	0.57366	9	replace	λεγουσιν	λεγετε
32	Matt 11:18	Luke 7:33	0.57366	10	equal	δαιμονιον εχει	δαιμονιον εχει
33	Matt 11:19	Luke 7:34	0.674027	1	replace	ηλθεν	εληλυθεν
33	Matt 11:19	Luke 7:34	0.674027	2	equal	ο υιοσ του ανθρωπου εσθιων και πινων και	ο υιοσ του ανθρωπου εσθιων και πινων και
33	Matt 11:19	Luke 7:34	0.674027	3	replace	λεγουσιν	λεγετε
33	Matt 11:19	Luke 7:34	0.674027	4	equal	ιδου ανθρωποσ φαγοσ και οινοποτησ	ιδου ανθρωποσ φαγοσ και οινοποτησ
33	Matt 11:19	Luke 7:34	0.674027	5	insert		φιλοσ
33	Matt 11:19	Luke 7:34	0.674027	6	equal	τελωνων	τελωνων
33	Matt 11:19	Luke 7:34	0.674027	7	delete	φιλοσ	
33	Matt 11:19	Luke 7:34	0.674027	8	equal	και αμαρτωλων	και αμαρτωλων
33	Matt 11:19	Luke 7:34	0.674027	9	delete	και εδικαιωθη η σοφια απο των εργων αυτησ	
34	Matt 11:21	Luke 10:13	0.864137	1	equal	ουαι σοι χοραζιν ουαι σοι βηθσαιδα οτι ει εν τυρω και σιδωνι	ουαι σοι χοραζιν ουαι σοι βηθσαιδα οτι ει εν τυρω και σιδωνι
34	Matt 11:21	Luke 10:13	0.864137	2	replace	εγενοντο	εγενηθησαν
34	Matt 11:21	Luke 10:13	0.864137	3	equal	αι δυναμεισ αι γενομεναι εν υμιν παλαι αν εν σακκω και σποδω	αι δυναμεισ αι γενομεναι εν υμιν παλαι αν εν σακκω και σποδω
34	Matt 11:21	Luke 10:13	0.864137	4	insert		καθημενοι
34	Matt 11:21	Luke 10:13	0.864137	5	equal	μετενοησαν	μετενοησαν
35	Matt 11:22	Luke 10:14	0.783292	1	equal	πλην	πλην
35	Matt 11:22	Luke 10:14	0.783292	2	delete	λεγω υμιν	
35	Matt 11:22	Luke 10:14	0.783292	3	equal	τυρω και σιδωνι ανεκτοτερον εσται εν	τυρω και σιδωνι ανεκτοτερον εσται εν
35	Matt 11:22	Luke 10:14	0.783292	4	replace	ημερα κρισεωσ	τη κρισει
35	Matt 11:22	Luke 10:14	0.783292	5	equal	η υμιν	η υμιν
36	Matt 11:23	Luke 10:15	0.563552	1	equal	και συ καφαρναουμ μη εωσ ουρανου υψωθηση εωσ	και συ καφαρναουμ μη εωσ ουρανου υψωθηση εωσ
36	Matt 11:23	Luke 10:15	0.563552	2	insert		του
36	Matt 11:23	Luke 10:15	0.563552	3	equal	αδου	αδου
36	Matt 11:23	Luke 10:15	0.563552	4	replace	καταβηση οτι ει εν σοδομοισ εγενηθησαν αι δυναμεισ αι γενομεναι εν σοι εμεινεν αν μεχρι τησ σημερον	καταβιβασθηση
37	Matt 11:25	Luke 10:21	0.55537	1	equal	εν	εν
37	Matt 11:25	Luke 10:21	0.55537	2	replace	εκεινω	αυτη τη ωρα ηγαλλιασατο
37	Matt 11:25	Luke 10:21	0.55537	3	equal	τω	τω
37	Matt 11:25	Luke 10:21	0.55537	4	replace	καιρω αποκριθεισ ο ιησουσ	πνευματι τω αγιω και
37	Matt 11:25	Luke 10:21	0.55537	5	equal	ειπεν εξομολογουμαι σοι πατερ κυριε του ουρανου και τησ γησ οτι	ειπεν εξομολογουμαι σοι πατερ κυριε του ουρανου και τησ γησ οτι
37	Matt 11:25	Luke 10:21	0.55537	6	replace	εκρυψασ	απεκρυψασ
37	Matt 11:25	Luke 10:21	0.55537	7	equal	ταυτα απο σοφων και συνετων και απεκαλυψασ αυτα νηπιοισ	ταυτα απο σοφων και συνετων και απεκαλυψασ αυτα νηπιοισ
37	Matt 11:25	Luke 10:21	0.55537	8	insert		ναι ο πατηρ οτι ουτωσ ευδοκια εγενετο εμπροσθεν σου
38	Matt 11:27	Luke 10:22	0.680131	1	equal	παντα μοι παρεδοθη υπο του πατροσ μου και ουδεισ	παντα μοι παρεδοθη υπο του πατροσ μου και ουδεισ
38	Matt 11:27	Luke 10:22	0.680131	2	replace	επιγινωσκει τον υιον	γινωσκει τισ εστιν ο υιοσ
38	Matt 11:27	Luke 10:22	0.680131	3	equal	ει μη ο πατηρ	ει μη ο πατηρ
38	Matt 11:27	Luke 10:22	0.680131	4	replace	ουδε τον πατερα	και
38	Matt 11:27	Luke 10:22	0.680131	5	equal	τισ	τισ
38	Matt 11:27	Luke 10:22	0.680131	6	replace	επιγινωσκει	εστιν ο πατηρ
38	Matt 11:27	Luke 10:22	0.680131	7	equal	ει μη ο υιοσ και ω εαν βουληται ο υιοσ αποκαλυψαι	ει μη ο υιοσ και ω εαν βουληται ο υιοσ αποκαλυψαι
39	Matt 12:25	Luke 11:17	0.371466	1	insert		αυτοσ δε
39	Matt 12:25	Luke 11:17	0.371466	2	equal	ειδωσ	ειδωσ
39	Matt 12:25	Luke 11:17	0.371466	3	delete	δε τασ ενθυμησεισ	
39	Matt 12:25	Luke 11:17	0.371466	4	equal	αυτων	αυτων
39	Matt 12:25	Luke 11:17	0.371466	5	insert		τα διανοηματα
39	Matt 12:25	Luke 11:17	0.371466	6	equal	ειπεν αυτοισ πασα βασιλεια	ειπεν αυτοισ πασα βασιλεια
39	Matt 12:25	Luke 11:17	0.371466	7	replace	μερισθεισα καθ εαυτησ	εφ εαυτην διαμερισθεισα
39	Matt 12:25	Luke 11:17	0.371466	8	equal	ερημουται και	ερημουται και
39	Matt 12:25	Luke 11:17	0.371466	9	replace	πασα πολισ η οικια μερισθεισα καθ εαυτησ ου σταθησεται	οικοσ επι οικον πιπτει
40	Matt 12:27	Luke 11:19	0.8925	1	delete	και	
40	Matt 12:27	Luke 11:19	0.8925	2	equal	ει	ει
40	Matt 12:27	Luke 11:19	0.8925	3	insert		δε
40	Matt 12:27	Luke 11:19	0.8925	4	equal	εγω εν βεελζεβουλ εκβαλλω τα δαιμονια οι υιοι υμων εν τινι εκβαλλουσιν δια τουτο αυτοι	εγω εν βεελζεβουλ εκβαλλω τα δαιμονια οι υιοι υμων εν τινι εκβαλλουσιν δια τουτο αυτοι
40	Matt 12:27	Luke 11:19	0.8925	5	insert		υμων
40	Matt 12:27	Luke 11:19	0.8925	6	equal	κριται εσονται	κριται εσονται
40	Matt 12:27	Luke 11:19	0.8925	7	delete	υμων	
41	Matt 12:28	Luke 11:20	0.850468	1	equal	ει δε εν	ει δε εν
41	Matt 12:28	Luke 11:20	0.850468	2	replace	πνευματι	δακτυλω
41	Matt 12:28	Luke 11:20	0.850468	3	equal	θεου	θεου
41	Matt 12:28	Luke 11:20	0.850468	4	delete	εγω	
41	Matt 12:28	Luke 11:20	0.850468	5	equal	εκβαλλω τα δαιμονια αρα εφθασεν εφ υμασ η βασιλεια του θεου	εκβαλλω τα δαιμονια αρα εφθασεν εφ υμασ η βασιλεια του θεου
42	Matt 12:30	Luke 11:23	0.826928	1	equal	ο μη ων μετ εμου κατ εμου εστιν και ο μη συναγων μετ εμου σκορπιζει	ο μη ων μετ εμου κατ εμου εστιν και ο μη συναγων μετ εμου σκορπιζει
43	Matt 12:43	Luke 11:24	0.690322	1	equal	οταν	οταν
43	Matt 12:43	Luke 11:24	0.690322	2	delete	δε	
43	Matt 12:43	Luke 11:24	0.690322	3	equal	το ακαθαρτον πνευμα εξελθη απο του ανθρωπου διερχεται δι ανυδρων τοπων ζητουν αναπαυσιν και	το ακαθαρτον πνευμα εξελθη απο του ανθρωπου διερχεται δι ανυδρων τοπων ζητουν αναπαυσιν και
43	Matt 12:43	Luke 11:24	0.690322	4	replace	ουχ ευρισκει	μη ευρισκον λεγει υποστρεψω εισ τον οικον μου οθεν εξηλθον
44	Matt 12:44	Luke 11:25	0.554523	1	delete	τοτε λεγει εισ τον οικον μου επιστρεψω οθεν εξηλθον	
44	Matt 12:44	Luke 11:25	0.554523	2	equal	και ελθον ευρισκει	και ελθον ευρισκει
44	Matt 12:44	Luke 11:25	0.554523	3	delete	σχολαζοντα	
44	Matt 12:44	Luke 11:25	0.554523	4	equal	σεσαρωμενον και κεκοσμημενον	σεσαρωμενον και κεκοσμημενον
45	Matt 12:45	Luke 11:26	0.732689	1	equal	τοτε πορευεται και παραλαμβανει	τοτε πορευεται και παραλαμβανει
45	Matt 12:45	Luke 11:26	0.732689	2	delete	μεθ εαυτου επτα	
45	Matt 12:45	Luke 11:26	0.732689	3	equal	ετερα πνευματα πονηροτερα εαυτου	ετερα πνευματα πονηροτερα εαυτου
45	Matt 12:45	Luke 11:26	0.732689	4	insert		επτα
45	Matt 12:45	Luke 11:26	0.732689	5	equal	και εισελθοντα κατοικει εκει και γινεται τα εσχατα του ανθρωπου εκεινου χειρονα των πρωτων	και εισελθοντα κατοικει εκει και γινεται τα εσχατα του ανθρωπου εκεινου χειρονα των πρωτων
45	Matt 12:45	Luke 11:26	0.732689	6	delete	ουτωσ εσται και τη γενεα ταυτη τη πονηρα	
46	Matt 23:25	Luke 11:39	0.406111	1	replace	ουαι υμιν γραμματεισ και	ειπεν δε ο κυριοσ προσ αυτον νυν υμεισ οι
46	Matt 23:25	Luke 11:39	0.406111	2	equal	φαρισαιοι	φαρισαιοι
46	Matt 23:25	Luke 11:39	0.406111	3	delete	υποκριται οτι καθαριζετε	
46	Matt 23:25	Luke 11:39	0.406111	4	equal	το εξωθεν του ποτηριου και	το εξωθεν του ποτηριου και
46	Matt 23:25	Luke 11:39	0.406111	5	replace	τησ παροψιδοσ	του πινακοσ καθαριζετε το δε
46	Matt 23:25	Luke 11:39	0.406111	6	equal	εσωθεν	εσωθεν
46	Matt 23:25	Luke 11:39	0.406111	7	replace	δε γεμουσιν εξ	υμων γεμει
46	Matt 23:25	Luke 11:39	0.406111	8	equal	αρπαγησ και	αρπαγησ και
46	Matt 23:25	Luke 11:39	0.406111	9	replace	ακρασιασ	πονηριασ
47	Matt 23:29	Luke 11:47	0.382234	1	equal	ουαι υμιν	ουαι υμιν
47	Matt 23:29	Luke 11:47	0.382234	2	delete	γραμματεισ και φαρισαιοι υποκριται	
47	Matt 23:29	Luke 11:47	0.382234	3	equal	οτι οικοδομειτε	οτι οικοδομειτε
47	Matt 23:29	Luke 11:47	0.382234	4	delete	τουσ ταφουσ των προφητων και κοσμειτε	
47	Matt 23:29	Luke 11:47	0.382234	5	equal	τα μνημεια των	τα μνημεια των
47	Matt 23:29	Luke 11:47	0.382234	6	replace	δικαιων	προφητων οι δε πατερεσ υμων απεκτειναν αυτουσ
48	Matt 23:34	Luke 11:49	0.322939	1	equal	δια τουτο	δια τουτο
48	Matt 23:34	Luke 11:49	0.322939	2	replace	ιδου εγω αποστελλω προσ υμασ	και η σοφια του θεου ειπεν αποστελω εισ αυτουσ
48	Matt 23:34	Luke 11:49	0.322939	3	equal	προφητασ και	προφητασ και
48	Matt 23:34	Luke 11:49	0.322939	4	replace	σοφουσ και γραμματεισ εξ αυτων αποκτενειτε και σταυρωσετε	αποστολουσ
48	Matt 23:34	Luke 11:49	0.322939	5	equal	και εξ αυτων	και εξ αυτων
48	Matt 23:34	Luke 11:49	0.322939	6	replace	μαστιγωσετε εν ταισ συναγωγαισ υμων	αποκτενουσιν
48	Matt 23:34	Luke 11:49	0.322939	7	equal	και	και
48	Matt 23:34	Luke 11:49	0.322939	8	replace	διωξετε απο πολεωσ εισ πολιν	διωξουσιν
49	Matt 23:35	Luke 11:51	0.329496	1	delete	οπωσ ελθη εφ υμασ παν αιμα δικαιον εκχυννομενον επι τησ γησ	
49	Matt 23:35	Luke 11:51	0.329496	2	equal	απο	απο
49	Matt 23:35	Luke 11:51	0.329496	3	delete	του	
49	Matt 23:35	Luke 11:51	0.329496	4	equal	αιματοσ αβελ	αιματοσ αβελ
49	Matt 23:35	Luke 11:51	0.329496	5	delete	του δικαιου	
49	Matt 23:35	Luke 11:51	0.329496	6	equal	εωσ	εωσ
49	Matt 23:35	Luke 11:51	0.329496	7	delete	του	
49	Matt 23:35	Luke 11:51	0.329496	8	equal	αιματοσ ζαχαριου	αιματοσ ζαχαριου
49	Matt 23:35	Luke 11:51	0.329496	9	replace	υιου βαραχιου ον εφονευσατε	του απολομενου
49	Matt 23:35	Luke 11:51	0.329496	10	equal	μεταξυ του	μεταξυ του
49	Matt 23:35	Luke 11:51	0.329496	11	replace	ναου	θυσιαστηριου
49	Matt 23:35	Luke 11:51	0.329496	12	equal	και του	και του
49	Matt 23:35	Luke 11:51	0.329496	13	replace	θυσιαστηριου	οικου ναι λεγω υμιν εκζητηθησεται απο τησ γενεασ ταυτησ
50	Matt 24:43	Luke 12:39	0.653101	1	replace	εκεινο	τουτο
50	Matt 24:43	Luke 12:39	0.653101	2	equal	δε γινωσκετε οτι ει ηδει ο οικοδεσποτησ ποια	δε γινωσκετε οτι ει ηδει ο οικοδεσποτησ ποια
50	Matt 24:43	Luke 12:39	0.653101	3	replace	φυλακη	ωρα
50	Matt 24:43	Luke 12:39	0.653101	4	equal	ο κλεπτησ ερχεται	ο κλεπτησ ερχεται
50	Matt 24:43	Luke 12:39	0.653101	5	delete	εγρηγορησεν αν και	
50	Matt 24:43	Luke 12:39	0.653101	6	equal	ουκ αν	ουκ αν
50	Matt 24:43	Luke 12:39	0.653101	7	replace	ειασεν	αφηκεν
50	Matt 24:43	Luke 12:39	0.653101	8	equal	διορυχθηναι	διορυχθηναι
50	Matt 24:43	Luke 12:39	0.653101	9	replace	την οικιαν	τον οικον
50	Matt 24:43	Luke 12:39	0.653101	10	equal	αυτου	αυτου
51	Matt 24:44	Luke 12:40	0.783554	1	delete	δια τουτο	
51	Matt 24:44	Luke 12:40	0.783554	2	equal	και υμεισ γινεσθε ετοιμοι οτι η	και υμεισ γινεσθε ετοιμοι οτι η
51	Matt 24:44	Luke 12:40	0.783554	3	insert		ωρα
51	Matt 24:44	Luke 12:40	0.783554	4	equal	ου δοκειτε	ου δοκειτε
51	Matt 24:44	Luke 12:40	0.783554	5	delete	ωρα	
51	Matt 24:44	Luke 12:40	0.783554	6	equal	ο υιοσ του ανθρωπου ερχεται	ο υιοσ του ανθρωπου ερχεται
52	Matt 24:45	Luke 12:42	0.645371	1	insert		και ειπεν ο κυριοσ
52	Matt 24:45	Luke 12:42	0.645371	2	equal	τισ αρα εστιν ο πιστοσ	τισ αρα εστιν ο πιστοσ
52	Matt 24:45	Luke 12:42	0.645371	3	replace	δουλοσ και	οικονομοσ ο
52	Matt 24:45	Luke 12:42	0.645371	4	equal	φρονιμοσ ον	φρονιμοσ ον
52	Matt 24:45	Luke 12:42	0.645371	5	replace	κατεστησεν	καταστησει
52	Matt 24:45	Luke 12:42	0.645371	6	equal	ο κυριοσ επι τησ	ο κυριοσ επι τησ
52	Matt 24:45	Luke 12:42	0.645371	7	replace	οικετειασ	θεραπειασ
52	Matt 24:45	Luke 12:42	0.645371	8	equal	αυτου του	αυτου του
52	Matt 24:45	Luke 12:42	0.645371	9	replace	δουναι αυτοισ την τροφην	διδοναι
52	Matt 24:45	Luke 12:42	0.645371	10	equal	εν καιρω	εν καιρω
52	Matt 24:45	Luke 12:42	0.645371	11	insert		το σιτομετριον
53	Matt 24:46	Luke 12:43	0.927206	1	equal	μακαριοσ ο δουλοσ εκεινοσ ον ελθων ο κυριοσ αυτου ευρησει	μακαριοσ ο δουλοσ εκεινοσ ον ελθων ο κυριοσ αυτου ευρησει
53	Matt 24:46	Luke 12:43	0.927206	2	insert		ποιουντα
53	Matt 24:46	Luke 12:43	0.927206	3	equal	ουτωσ	ουτωσ
53	Matt 24:46	Luke 12:43	0.927206	4	delete	ποιουντα	
54	Matt 24:47	Luke 12:44	0.881552	1	replace	αμην	αληθωσ
54	Matt 24:47	Luke 12:44	0.881552	2	equal	λεγω υμιν οτι επι πασιν τοισ υπαρχουσιν αυτου καταστησει αυτον	λεγω υμιν οτι επι πασιν τοισ υπαρχουσιν αυτου καταστησει αυτον
55	Matt 24:48	Luke 12:45	0.601776	1	equal	εαν δε ειπη ο	εαν δε ειπη ο
55	Matt 24:48	Luke 12:45	0.601776	2	delete	κακοσ	
55	Matt 24:48	Luke 12:45	0.601776	3	equal	δουλοσ εκεινοσ εν τη καρδια αυτου χρονιζει	δουλοσ εκεινοσ εν τη καρδια αυτου χρονιζει
55	Matt 24:48	Luke 12:45	0.601776	4	delete	μου	
55	Matt 24:48	Luke 12:45	0.601776	5	equal	ο κυριοσ	ο κυριοσ
55	Matt 24:48	Luke 12:45	0.601776	6	insert		μου ερχεσθαι και αρξηται τυπτειν τουσ παιδασ και τασ παιδισκασ εσθιειν τε και πινειν και μεθυσκεσθαι
56	Matt 24:50	Luke 12:46	0.70232	1	equal	ηξει ο κυριοσ του δουλου εκεινου εν ημερα η ου προσδοκα και εν ωρα η ου γινωσκει	ηξει ο κυριοσ του δουλου εκεινου εν ημερα η ου προσδοκα και εν ωρα η ου γινωσκει
56	Matt 24:50	Luke 12:46	0.70232	2	insert		και διχοτομησει αυτον και το μεροσ αυτου μετα των απιστων θησει
57	Matt 24:51	Luke 13:28	0.341989	1	delete	και διχοτομησει αυτον και το μεροσ αυτου μετα των υποκριτων θησει	
57	Matt 24:51	Luke 13:28	0.341989	2	equal	εκει εσται ο κλαυθμοσ και ο βρυγμοσ των οδοντων	εκει εσται ο κλαυθμοσ και ο βρυγμοσ των οδοντων
57	Matt 24:51	Luke 13:28	0.341989	3	insert		οταν οψησθε αβρααμ και ισαακ και ιακωβ και παντασ τουσ προφητασ εν τη βασιλεια του θεου υμασ δε εκβαλλομενουσ εξω
58	Matt 25:26	Luke 19:22	0.323859	1	replace	αποκριθεισ δε ο κυριοσ αυτου ειπεν	λεγει
58	Matt 25:26	Luke 19:22	0.323859	2	equal	αυτω	αυτω
58	Matt 25:26	Luke 19:22	0.323859	3	insert		εκ του στοματοσ σου κρινω σε
58	Matt 25:26	Luke 19:22	0.323859	4	equal	πονηρε δουλε	πονηρε δουλε
58	Matt 25:26	Luke 19:22	0.323859	5	delete	και οκνηρε	
58	Matt 25:26	Luke 19:22	0.323859	6	equal	ηδεισ οτι	ηδεισ οτι
58	Matt 25:26	Luke 19:22	0.323859	7	replace	θεριζω οπου	εγω ανθρωποσ αυστηροσ ειμι αιρων ο ουκ εθηκα και θεριζων ο
58	Matt 25:26	Luke 19:22	0.323859	8	equal	ουκ εσπειρα	ουκ εσπειρα
58	Matt 25:26	Luke 19:22	0.323859	9	delete	και συναγω οθεν ου διεσκορπισα	
59	Matt 25:27	Luke 19:23	0.338249	1	replace	εδει σε ουν βαλειν τα αργυρια	και δια τι ουκ εδωκασ
59	Matt 25:27	Luke 19:23	0.338249	2	equal	μου	μου
59	Matt 25:27	Luke 19:23	0.338249	3	replace	τοισ τραπεζιταισ και	το αργυριον επι τραπεζαν καγω
59	Matt 25:27	Luke 19:23	0.338249	4	equal	ελθων	ελθων
59	Matt 25:27	Luke 19:23	0.338249	5	delete	εγω εκομισαμην αν το εμον	
59	Matt 25:27	Luke 19:23	0.338249	6	equal	συν τοκω	συν τοκω
59	Matt 25:27	Luke 19:23	0.338249	7	insert		αν αυτο επραξα
60	Matt 25:28	Luke 19:24	0.420058	1	insert		και τοισ παρεστωσιν ειπεν
60	Matt 25:28	Luke 19:24	0.420058	2	equal	αρατε	αρατε
60	Matt 25:28	Luke 19:24	0.420058	3	delete	ουν	
60	Matt 25:28	Luke 19:24	0.420058	4	equal	απ αυτου	απ αυτου
60	Matt 25:28	Luke 19:24	0.420058	5	replace	το ταλαντον	την μναν
60	Matt 25:28	Luke 19:24	0.420058	6	equal	και δοτε τω	και δοτε τω
60	Matt 25:28	Luke 19:24	0.420058	7	insert		τασ δεκα μνασ
60	Matt 25:28	Luke 19:24	0.420058	8	equal	εχοντι	εχοντι
60	Matt 25:28	Luke 19:24	0.420058	9	delete	τα δεκα ταλαντα	
61	Matt 26:16	Luke 22:6	0.371521	1	equal	και	και
61	Matt 26:16	Luke 22:6	0.371521	2	replace	απο τοτε	εξωμολογησεν και
61	Matt 26:16	Luke 22:6	0.371521	3	equal	εζητει ευκαιριαν	εζητει ευκαιριαν
61	Matt 26:16	Luke 22:6	0.371521	4	replace	ινα	του παραδουναι
61	Matt 26:16	Luke 22:6	0.371521	5	equal	αυτον	αυτον
61	Matt 26:16	Luke 22:6	0.371521	6	replace	παραδω	ατερ οχλου αυτοισ
62	Matt 26:68	Luke 22:64	0.532178	1	insert		και περικαλυψαντεσ αυτον επηρωτων
62	Matt 26:68	Luke 22:64	0.532178	2	equal	λεγοντεσ προφητευσον	λεγοντεσ προφητευσον
62	Matt 26:68	Luke 22:64	0.532178	3	delete	ημιν χριστε	
62	Matt 26:68	Luke 22:64	0.532178	4	equal	τισ εστιν ο παισασ σε	τισ εστιν ο παισασ σε
63	Matt 27:58	Luke 23:52	0.669725	1	equal	ουτοσ προσελθων τω πιλατω ητησατο το σωμα του ιησου	ουτοσ προσελθων τω πιλατω ητησατο το σωμα του ιησου
63	Matt 27:58	Luke 23:52	0.669725	2	delete	τοτε ο πιλατοσ εκελευσεν αποδοθηναι	
64	Matt 27:59	Luke 23:53	0.367064	1	equal	και	και
64	Matt 27:59	Luke 23:53	0.367064	2	replace	λαβων το σωμα ο ιωσηφ	καθελων
64	Matt 27:59	Luke 23:53	0.367064	3	equal	ενετυλιξεν αυτο σινδονι	ενετυλιξεν αυτο σινδονι
64	Matt 27:59	Luke 23:53	0.367064	4	replace	καθαρα	και εθηκεν αυτον εν μνηματι λαξευτω ου ουκ ην ουδεισ ουπω κειμενοσ
